instrument_uri,instrument_label,doc_family,threshold_category,domain_of_concern,proposed_component_uri,proposed_component_label,evidence_level,primary_evidence_url,secondary_evidence_url,tertiary_evidence_url,evidence_note
pmsr:/INS1739398437257165,Airway Simulator,Procedure Trainers and Skills Simulators,MEDIUM_MANNEQUIN_PROCEDURE,AIRWAY_RESPIRATORY,pmsr:/COM9ffcd363eade12c3c,Airway Simulator Airway Pressure Detector,family-level-curated,https://limbsandthings.com/us/support/,https://limbsandthings.com/us/support/,https://www.cdc.gov/infection-control/,Family/instrument documentation used as detector plausibility evidence; needs model-specific confirmation before production publish.
pmsr:/INS1739398437257165,Airway Simulator,Procedure Trainers and Skills Simulators,MEDIUM_MANNEQUIN_PROCEDURE,CARDIOVASCULAR_HEMODYNAMIC,pmsr:/COM950b3d31e301fbc7e,Airway Simulator Pulse Rate Detector,family-level-curated,https://limbsandthings.com/us/support/,https://limbsandthings.com/us/support/,https://www.cdc.gov/infection-control/,Family/instrument documentation used as detector plausibility evidence; needs model-specific confirmation before production publish.
pmsr:/INS1739398437257165,Airway Simulator,Procedure Trainers and Skills Simulators,MEDIUM_MANNEQUIN_PROCEDURE,PROCEDURAL_FORCE_PRESSURE,pmsr:/COM935fb928072e9f557,Airway Simulator Applied Force Detector,family-level-curated,https://limbsandthings.com/us/support/,https://limbsandthings.com/us/support/,https://www.cdc.gov/infection-control/,Family/instrument documentation used as detector plausibility evidence; needs model-specific confirmation before production publish.
pmsr:/INS1739819782231595,Anatomage Clinical Table,Anatomy Table and 3D Simulation,IMAGING_TABLE,IMAGING_ANATOMY_SPATIAL,pmsr:/COM9b96fa46ed907be02,Anatomage Clinical Table Probe Contact Detector,family-level-curated,https://www.inacsl.org/healthcare-simulation-standards/,https://www.anatomage.com/contact/,https://www.inacsl.org/healthcare-simulation-standards/,Family/instrument documentation used as detector plausibility evidence; needs model-specific confirmation before production publish.
pmsr:/INS1739819116467195,Anatomage Large Table,Anatomy Table and 3D Simulation,IMAGING_TABLE,IMAGING_ANATOMY_SPATIAL,pmsr:/COM987ce09a3861ae599,Anatomage Large Table Probe Contact Detector,family-level-curated,https://www.inacsl.org/healthcare-simulation-standards/,https://www.anatomage.com/contact/,https://www.inacsl.org/healthcare-simulation-standards/,Family/instrument documentation used as detector plausibility evidence; needs model-specific confirmation before production publish.
pmsr:/INS1739819955334025,Anatomage Science Table,Anatomy Table and 3D Simulation,IMAGING_TABLE,IMAGING_ANATOMY_SPATIAL,pmsr:/COM93b460eb853377780,Anatomage Science Table Probe Contact Detector,family-level-curated,https://www.inacsl.org/healthcare-simulation-standards/,https://www.anatomage.com/contact/,https://www.inacsl.org/healthcare-simulation-standards/,Family/instrument documentation used as detector plausibility evidence; needs model-specific confirmation before production publish.
pmsr:/INS1739819599670195,Anatomage Small Tablet,Anatomy Table and 3D Simulation,IMAGING_TABLE,IMAGING_ANATOMY_SPATIAL,pmsr:/COM98361c610186e70fe,Anatomage Small Tablet Probe Contact Detector,family-level-curated,https://www.inacsl.org/healthcare-simulation-standards/,https://www.anatomage.com/contact/,https://www.inacsl.org/healthcare-simulation-standards/,Family/instrument documentation used as detector plausibility evidence; needs model-specific confirmation before production publish.
pmsr:/INS1739452063713965,Anatomage Table Simulator,Anatomy Table and 3D Simulation,IMAGING_TABLE,IMAGING_ANATOMY_SPATIAL,pmsr:/COM9b2164f02cfa26970,Anatomage Table Simulator Probe Contact Detector,family-level-curated,https://www.inacsl.org/healthcare-simulation-standards/,https://www.anatomage.com/contact/,https://www.inacsl.org/healthcare-simulation-standards/,Family/instrument documentation used as detector plausibility evidence; needs model-specific confirmation before production publish.
pmsr:/INS1739819868350395,Anatomage Vet Table,Anatomy Table and 3D Simulation,IMAGING_TABLE,IMAGING_ANATOMY_SPATIAL,pmsr:/COM9ef54393e0e02c625,Anatomage Vet Table Probe Contact Detector,family-level-curated,https://www.inacsl.org/healthcare-simulation-standards/,https://www.anatomage.com/contact/,https://www.inacsl.org/healthcare-simulation-standards/,Family/instrument documentation used as detector plausibility evidence; needs model-specific confirmation before production publish.
pmsr:/INS1739301009974715,ARTEC LEO Scanner,Dental and Oral Scanning Systems,IMAGING_TABLE,IMAGING_ANATOMY_SPATIAL,pmsr:/COM9f61abd8c7ab5a3f6,ARTEC LEO Scanner Probe Contact Detector,instrument-specific,https://support.3shape.com/,https://support.medit.com/hc/en-us,https://www.fda.gov/medical-devices/device-advice-comprehensive-regulatory-assistance/medical-device-databases,Family/instrument documentation used as detector plausibility evidence; needs model-specific confirmation before production publish.
pmsr:/INS1739301317613705,Automated External Defibrilator,Resuscitation and Mannequin Platforms,MEDIUM_MANNEQUIN_PROCEDURE,CARDIOVASCULAR_HEMODYNAMIC,pmsr:/COM9fec4dacf65a9e965,Automated External Defibrilator Pulse Rate Detector,instrument-specific,https://laerdal.com/us/products/simulation-training/,https://laerdal.force.com/HelpCenter/s/,https://cpr.heart.org/en/resuscitation-science/cpr-and-ecc-guidelines,Family/instrument documentation used as detector plausibility evidence; needs model-specific confirmation before production publish.
pmsr:/INS1739301317613705,Automated External Defibrilator,Resuscitation and Mannequin Platforms,MEDIUM_MANNEQUIN_PROCEDURE,AIRWAY_RESPIRATORY,pmsr:/COM965a74fbb908db6bf,Automated External Defibrilator Airway Pressure Detector,instrument-specific,https://laerdal.com/us/products/simulation-training/,https://laerdal.force.com/HelpCenter/s/,https://cpr.heart.org/en/resuscitation-science/cpr-and-ecc-guidelines,Family/instrument documentation used as detector plausibility evidence; needs model-specific confirmation before production publish.
pmsr:/INS1739301317613705,Automated External Defibrilator,Resuscitation and Mannequin Platforms,MEDIUM_MANNEQUIN_PROCEDURE,PROCEDURAL_FORCE_PRESSURE,pmsr:/COM9beda1497dabc50eb,Automated External Defibrilator Applied Force Detector,instrument-specific,https://laerdal.com/us/products/simulation-training/,https://laerdal.force.com/HelpCenter/s/,https://cpr.heart.org/en/resuscitation-science/cpr-and-ecc-guidelines,Family/instrument documentation used as detector plausibility evidence; needs model-specific confirmation before production publish.
pmsr:/INS1739402230863265,Blood Pressure Measurement Simulator,General Medical Device Governance,MEDIUM_MANNEQUIN_PROCEDURE,PROCEDURAL_FORCE_PRESSURE,pmsr:/COM94ecc82cd49e57b32,Blood Pressure Measurement Simulator Applied Force Detector,family-level-curated,https://www.iso.org/standard/72704.html,https://www.iso.org/standard/72704.html,https://webstore.iec.ch/publication/67072,Family/instrument documentation used as detector plausibility evidence; needs model-specific confirmation before production publish.
pmsr:/INS1739402230863265,Blood Pressure Measurement Simulator,General Medical Device Governance,MEDIUM_MANNEQUIN_PROCEDURE,AIRWAY_RESPIRATORY,pmsr:/COM9987750264b800ee8,Blood Pressure Measurement Simulator Airway Pressure Detector,family-level-curated,https://www.iso.org/standard/72704.html,https://www.iso.org/standard/72704.html,https://webstore.iec.ch/publication/67072,Family/instrument documentation used as detector plausibility evidence; needs model-specific confirmation before production publish.
pmsr:/INS1739402230863265,Blood Pressure Measurement Simulator,General Medical Device Governance,MEDIUM_MANNEQUIN_PROCEDURE,CARDIOVASCULAR_HEMODYNAMIC,pmsr:/COM9936c34ad2f82b371,Blood Pressure Measurement Simulator Pulse Rate Detector,family-level-curated,https://www.iso.org/standard/72704.html,https://www.iso.org/standard/72704.html,https://webstore.iec.ch/publication/67072,Family/instrument documentation used as detector plausibility evidence; needs model-specific confirmation before production publish.
pmsr:/INS1739288625580975,Butterfly IQ+,Point-of-Care Ultrasound and Imaging,IMAGING_TABLE,IMAGING_ANATOMY_SPATIAL,pmsr:/COM9d590f9452bcb0744,Butterfly IQ+ Probe Contact Detector,instrument-specific,https://support.butterflynetwork.com/hc/en-us,https://www.chison.com/products/,https://www.who.int/teams/health-product-policy-and-standards/assistive-and-medical-technology/medical-devices,Family/instrument documentation used as detector plausibility evidence; needs model-specific confirmation before production publish.
pmsr:/INS1739288691415495,Butterfly Ultrasound Probes,Point-of-Care Ultrasound and Imaging,IMAGING_TABLE,IMAGING_ANATOMY_SPATIAL,pmsr:/COM965212c49f08f1118,Butterfly Ultrasound Probes Probe Contact Detector,instrument-specific,https://www.chison.com/handheld-ultrasound/,https://www.chison.com/products/,https://www.who.int/teams/health-product-policy-and-standards/assistive-and-medical-technology/medical-devices,Family/instrument documentation used as detector plausibility evidence; needs model-specific confirmation before production publish.
pmsr:/INS1739301189412025,CAD-CAM System,Dental and Oral Scanning Systems,IMAGING_TABLE,GENERAL_SIMULATION_OTHER,pmsr:/COM9e7fb0e4387c73762,CAD-CAM System Interaction Event Detector,instrument-specific,https://support.3shape.com/,https://support.medit.com/hc/en-us,https://www.fda.gov/medical-devices/device-advice-comprehensive-regulatory-assistance/medical-device-databases,Family/instrument documentation used as detector plausibility evidence; needs model-specific confirmation before production publish.
pmsr:/INS1739820624939265,Cancer Patient Simulator,General Medical Device Governance,MEDIUM_MANNEQUIN_PROCEDURE,GENERAL_SIMULATION_OTHER,pmsr:/COM91d2e9200b0d09c7d,Cancer Patient Simulator Interaction Event Detector,family-level-curated,https://www.iso.org/standard/72704.html,https://www.iso.org/standard/72704.html,https://webstore.iec.ch/publication/67072,Family/instrument documentation used as detector plausibility evidence; needs model-specific confirmation before production publish.
pmsr:/INS1739820624939265,Cancer Patient Simulator,General Medical Device Governance,MEDIUM_MANNEQUIN_PROCEDURE,AIRWAY_RESPIRATORY,pmsr:/COM9b563d4fdffc071c7,Cancer Patient Simulator Airway Pressure Detector,family-level-curated,https://www.iso.org/standard/72704.html,https://www.iso.org/standard/72704.html,https://webstore.iec.ch/publication/67072,Family/instrument documentation used as detector plausibility evidence; needs model-specific confirmation before production publish.
pmsr:/INS1739820624939265,Cancer Patient Simulator,General Medical Device Governance,MEDIUM_MANNEQUIN_PROCEDURE,CARDIOVASCULAR_HEMODYNAMIC,pmsr:/COM96888ab9d556e9f96,Cancer Patient Simulator Pulse Rate Detector,family-level-curated,https://www.iso.org/standard/72704.html,https://www.iso.org/standard/72704.html,https://webstore.iec.ch/publication/67072,Family/instrument documentation used as detector plausibility evidence; needs model-specific confirmation before production publish.
pmsr:/INS1739879206550705,Cancer Patient Simulator,General Medical Device Governance,MEDIUM_MANNEQUIN_PROCEDURE,GENERAL_SIMULATION_OTHER,pmsr:/COM97cd9420027aeda3a,Cancer Patient Simulator Interaction Event Detector,family-level-curated,https://www.iso.org/standard/72704.html,https://www.iso.org/standard/72704.html,https://webstore.iec.ch/publication/67072,Family/instrument documentation used as detector plausibility evidence; needs model-specific confirmation before production publish.
pmsr:/INS1739879206550705,Cancer Patient Simulator,General Medical Device Governance,MEDIUM_MANNEQUIN_PROCEDURE,AIRWAY_RESPIRATORY,pmsr:/COM9600435be332b85c5,Cancer Patient Simulator Airway Pressure Detector,family-level-curated,https://www.iso.org/standard/72704.html,https://www.iso.org/standard/72704.html,https://webstore.iec.ch/publication/67072,Family/instrument documentation used as detector plausibility evidence; needs model-specific confirmation before production publish.
pmsr:/INS1739879206550705,Cancer Patient Simulator,General Medical Device Governance,MEDIUM_MANNEQUIN_PROCEDURE,CARDIOVASCULAR_HEMODYNAMIC,pmsr:/COM993bba4dbe9c3083e,Cancer Patient Simulator Pulse Rate Detector,family-level-curated,https://www.iso.org/standard/72704.html,https://www.iso.org/standard/72704.html,https://webstore.iec.ch/publication/67072,Family/instrument documentation used as detector plausibility evidence; needs model-specific confirmation before production publish.
pmsr:/INS1739392182337835,Cardiac Procedure Simulator,General Medical Device Governance,MEDIUM_MANNEQUIN_PROCEDURE,CARDIOVASCULAR_HEMODYNAMIC,pmsr:/COM95a5e3eb50affb204,Cardiac Procedure Simulator Pulse Rate Detector,family-level-curated,https://www.iso.org/standard/72704.html,https://www.iso.org/standard/72704.html,https://webstore.iec.ch/publication/67072,Family/instrument documentation used as detector plausibility evidence; needs model-specific confirmation before production publish.
pmsr:/INS1739392182337835,Cardiac Procedure Simulator,General Medical Device Governance,MEDIUM_MANNEQUIN_PROCEDURE,AIRWAY_RESPIRATORY,pmsr:/COM9af58efb3d975da63,Cardiac Procedure Simulator Airway Pressure Detector,family-level-curated,https://www.iso.org/standard/72704.html,https://www.iso.org/standard/72704.html,https://webstore.iec.ch/publication/67072,Family/instrument documentation used as detector plausibility evidence; needs model-specific confirmation before production publish.
pmsr:/INS1739392182337835,Cardiac Procedure Simulator,General Medical Device Governance,MEDIUM_MANNEQUIN_PROCEDURE,PROCEDURAL_FORCE_PRESSURE,pmsr:/COM905b86b9e5409690b,Cardiac Procedure Simulator Applied Force Detector,family-level-curated,https://www.iso.org/standard/72704.html,https://www.iso.org/standard/72704.html,https://webstore.iec.ch/publication/67072,Family/instrument documentation used as detector plausibility evidence; needs model-specific confirmation before production publish.
pmsr:/INS1739301711235865,Care Simulators,General Medical Device Governance,MEDIUM_MANNEQUIN_PROCEDURE,GENERAL_SIMULATION_OTHER,pmsr:/COM9c9998b0d6c57586e,Care Simulators Interaction Event Detector,family-level-curated,https://www.iso.org/standard/72704.html,https://www.iso.org/standard/72704.html,https://webstore.iec.ch/publication/67072,Family/instrument documentation used as detector plausibility evidence; needs model-specific confirmation before production publish.
pmsr:/INS1739301711235865,Care Simulators,General Medical Device Governance,MEDIUM_MANNEQUIN_PROCEDURE,AIRWAY_RESPIRATORY,pmsr:/COM9c44ff66ece930aee,Care Simulators Airway Pressure Detector,family-level-curated,https://www.iso.org/standard/72704.html,https://www.iso.org/standard/72704.html,https://webstore.iec.ch/publication/67072,Family/instrument documentation used as detector plausibility evidence; needs model-specific confirmation before production publish.
pmsr:/INS1739301711235865,Care Simulators,General Medical Device Governance,MEDIUM_MANNEQUIN_PROCEDURE,CARDIOVASCULAR_HEMODYNAMIC,pmsr:/COM9edd3c7ab12ea1a73,Care Simulators Pulse Rate Detector,family-level-curated,https://www.iso.org/standard/72704.html,https://www.iso.org/standard/72704.html,https://webstore.iec.ch/publication/67072,Family/instrument documentation used as detector plausibility evidence; needs model-specific confirmation before production publish.
pmsr:/INS1739288499528465,Chison Cbit-9 Stationary Ultrasound,Point-of-Care Ultrasound and Imaging,IMAGING_TABLE,IMAGING_ANATOMY_SPATIAL,pmsr:/COM96e335ed1aba2ac89,Chison Cbit-9 Stationary Ultrasound Probe Contact Detector,instrument-specific,https://www.chison.com/products/,https://www.chison.com/products/,https://www.who.int/teams/health-product-policy-and-standards/assistive-and-medical-technology/medical-devices,Family/instrument documentation used as detector plausibility evidence; needs model-specific confirmation before production publish.
pmsr:/INS1739287212610855,Dani Model,General Medical Device Governance,HIGH_MANNEQUIN_PROCEDURE,SOFTWARE_WORKFLOW_STATE,pmsr:/COM9353c22c5ba75ca42,Dani Model Scenario State Detector,family-level-curated,https://www.iso.org/standard/72704.html,https://www.iso.org/standard/72704.html,https://webstore.iec.ch/publication/67072,Family/instrument documentation used as detector plausibility evidence; needs model-specific confirmation before production publish.
pmsr:/INS1739287212610855,Dani Model,General Medical Device Governance,HIGH_MANNEQUIN_PROCEDURE,AIRWAY_RESPIRATORY,pmsr:/COM97d2086a75ab53ee1,Dani Model Airway Pressure Detector,family-level-curated,https://www.iso.org/standard/72704.html,https://www.iso.org/standard/72704.html,https://webstore.iec.ch/publication/67072,Family/instrument documentation used as detector plausibility evidence; needs model-specific confirmation before production publish.
pmsr:/INS1739287212610855,Dani Model,General Medical Device Governance,HIGH_MANNEQUIN_PROCEDURE,CARDIOVASCULAR_HEMODYNAMIC,pmsr:/COM91b861f9b1f5aaed2,Dani Model Pulse Rate Detector,family-level-curated,https://www.iso.org/standard/72704.html,https://www.iso.org/standard/72704.html,https://webstore.iec.ch/publication/67072,Family/instrument documentation used as detector plausibility evidence; needs model-specific confirmation before production publish.
pmsr:/INS1739287212610855,Dani Model,General Medical Device Governance,HIGH_MANNEQUIN_PROCEDURE,PROCEDURAL_FORCE_PRESSURE,pmsr:/COM9e21c24b6f5f817b7,Dani Model Applied Force Detector,family-level-curated,https://www.iso.org/standard/72704.html,https://www.iso.org/standard/72704.html,https://webstore.iec.ch/publication/67072,Family/instrument documentation used as detector plausibility evidence; needs model-specific confirmation before production publish.
pmsr:/INS1739287212610855,Dani Model,General Medical Device Governance,HIGH_MANNEQUIN_PROCEDURE,IV_VASCULAR_ACCESS,pmsr:/COM9a0cace6ab8fdc335,Dani Model Venous Flashback Detector,family-level-curated,https://www.iso.org/standard/72704.html,https://www.iso.org/standard/72704.html,https://webstore.iec.ch/publication/67072,Family/instrument documentation used as detector plausibility evidence; needs model-specific confirmation before production publish.
pmsr:/INS1739287212610855,Dani Model,General Medical Device Governance,HIGH_MANNEQUIN_PROCEDURE,SOFTWARE_WORKFLOW_STATE,pmsr:/COM91cc68152e810d31e,Dani Model Action Sequence Detector,family-level-curated,https://www.iso.org/standard/72704.html,https://www.iso.org/standard/72704.html,https://webstore.iec.ch/publication/67072,Family/instrument documentation used as detector plausibility evidence; needs model-specific confirmation before production publish.
pmsr:/INS1739287212610855,Dani Model,General Medical Device Governance,HIGH_MANNEQUIN_PROCEDURE,AIRWAY_RESPIRATORY,pmsr:/COM9e988edbc795ec972,Dani Model Ventilation Flow Detector,family-level-curated,https://www.iso.org/standard/72704.html,https://www.iso.org/standard/72704.html,https://webstore.iec.ch/publication/67072,Family/instrument documentation used as detector plausibility evidence; needs model-specific confirmation before production publish.
pmsr:/INS1739288006994165,Diagnostic Imaging Simulator,Point-of-Care Ultrasound and Imaging,IMAGING_TABLE,IMAGING_ANATOMY_SPATIAL,pmsr:/COM9f849432b7ab6abfb,Diagnostic Imaging Simulator Probe Contact Detector,instrument-specific,https://www.chison.com/b-w-ultrasound/eco-2.html,https://www.chison.com/products/,https://www.who.int/teams/health-product-policy-and-standards/assistive-and-medical-technology/medical-devices,Family/instrument documentation used as detector plausibility evidence; needs model-specific confirmation before production publish.
pmsr:/INS1739287021517805,Diagnostic Simulators,General Medical Device Governance,MEDIUM_MANNEQUIN_PROCEDURE,GENERAL_SIMULATION_OTHER,pmsr:/COM99ce671ab8b1d5b03,Diagnostic Simulators Interaction Event Detector,instrument-specific,https://www.fda.gov/medical-devices/medical-device-databases/corrective-actions-electronic-products,https://www.iso.org/standard/72704.html,https://webstore.iec.ch/publication/67072,Family/instrument documentation used as detector plausibility evidence; needs model-specific confirmation before production publish.
pmsr:/INS1739287021517805,Diagnostic Simulators,General Medical Device Governance,MEDIUM_MANNEQUIN_PROCEDURE,AIRWAY_RESPIRATORY,pmsr:/COM98e23d9aee3a31b34,Diagnostic Simulators Airway Pressure Detector,instrument-specific,https://www.fda.gov/medical-devices/medical-device-databases/corrective-actions-electronic-products,https://www.iso.org/standard/72704.html,https://webstore.iec.ch/publication/67072,Family/instrument documentation used as detector plausibility evidence; needs model-specific confirmation before production publish.
pmsr:/INS1739287021517805,Diagnostic Simulators,General Medical Device Governance,MEDIUM_MANNEQUIN_PROCEDURE,CARDIOVASCULAR_HEMODYNAMIC,pmsr:/COM9ebbbd6c6cc5db4e8,Diagnostic Simulators Pulse Rate Detector,instrument-specific,https://www.fda.gov/medical-devices/medical-device-databases/corrective-actions-electronic-products,https://www.iso.org/standard/72704.html,https://webstore.iec.ch/publication/67072,Family/instrument documentation used as detector plausibility evidence; needs model-specific confirmation before production publish.
pmsr:/INS1739288153666735,Diagnostic Ultrasound,Point-of-Care Ultrasound and Imaging,IMAGING_TABLE,IMAGING_ANATOMY_SPATIAL,pmsr:/COM944bc7b3889ae7afc,Diagnostic Ultrasound Probe Contact Detector,instrument-specific,https://www.chison.com/b-w-ultrasound/eco-2.html,https://www.chison.com/products/,https://www.who.int/teams/health-product-policy-and-standards/assistive-and-medical-technology/medical-devices,Family/instrument documentation used as detector plausibility evidence; needs model-specific confirmation before production publish.
pmsr:/INS1739404158691525,Ear Irrigation Simulator,General Medical Device Governance,MEDIUM_MANNEQUIN_PROCEDURE,GENERAL_SIMULATION_OTHER,pmsr:/COM95c2d8ec9aa24be59,Ear Irrigation Simulator Interaction Event Detector,family-level-curated,https://www.iso.org/standard/72704.html,https://www.iso.org/standard/72704.html,https://webstore.iec.ch/publication/67072,Family/instrument documentation used as detector plausibility evidence; needs model-specific confirmation before production publish.
pmsr:/INS1739404158691525,Ear Irrigation Simulator,General Medical Device Governance,MEDIUM_MANNEQUIN_PROCEDURE,AIRWAY_RESPIRATORY,pmsr:/COM903d04799844712c1,Ear Irrigation Simulator Airway Pressure Detector,family-level-curated,https://www.iso.org/standard/72704.html,https://www.iso.org/standard/72704.html,https://webstore.iec.ch/publication/67072,Family/instrument documentation used as detector plausibility evidence; needs model-specific confirmation before production publish.
pmsr:/INS1739404158691525,Ear Irrigation Simulator,General Medical Device Governance,MEDIUM_MANNEQUIN_PROCEDURE,CARDIOVASCULAR_HEMODYNAMIC,pmsr:/COM973ddb74c98cc4780,Ear Irrigation Simulator Pulse Rate Detector,family-level-curated,https://www.iso.org/standard/72704.html,https://www.iso.org/standard/72704.html,https://webstore.iec.ch/publication/67072,Family/instrument documentation used as detector plausibility evidence; needs model-specific confirmation before production publish.
pmsr:/INS1739301133578555,Extraoral Scanner,Dental and Oral Scanning Systems,IMAGING_TABLE,IMAGING_ANATOMY_SPATIAL,pmsr:/COM946fd9fa28a45e803,Extraoral Scanner Probe Contact Detector,instrument-specific,https://support.3shape.com/,https://support.medit.com/hc/en-us,https://www.fda.gov/medical-devices/device-advice-comprehensive-regulatory-assistance/medical-device-databases,Family/instrument documentation used as detector plausibility evidence; needs model-specific confirmation before production publish.
pmsr:/INS1739403188428355,Female Genitalia Catherization Simulator,Procedure Trainers and Skills Simulators,HIGH_MANNEQUIN_PROCEDURE,GENERAL_SIMULATION_OTHER,pmsr:/COM9065895571ef17d72,Female Genitalia Catherization Simulator Interaction Event Detector,instrument-specific,https://www.nascohealthcare.com/,https://limbsandthings.com/us/support/,https://www.cdc.gov/infection-control/,Family/instrument documentation used as detector plausibility evidence; needs model-specific confirmation before production publish.
pmsr:/INS1739403188428355,Female Genitalia Catherization Simulator,Procedure Trainers and Skills Simulators,HIGH_MANNEQUIN_PROCEDURE,AIRWAY_RESPIRATORY,pmsr:/COM9f19a75cf5780097d,Female Genitalia Catherization Simulator Airway Pressure Detector,instrument-specific,https://www.nascohealthcare.com/,https://limbsandthings.com/us/support/,https://www.cdc.gov/infection-control/,Family/instrument documentation used as detector plausibility evidence; needs model-specific confirmation before production publish.
pmsr:/INS1739403188428355,Female Genitalia Catherization Simulator,Procedure Trainers and Skills Simulators,HIGH_MANNEQUIN_PROCEDURE,CARDIOVASCULAR_HEMODYNAMIC,pmsr:/COM9c6e0b6a8460da436,Female Genitalia Catherization Simulator Pulse Rate Detector,instrument-specific,https://www.nascohealthcare.com/,https://limbsandthings.com/us/support/,https://www.cdc.gov/infection-control/,Family/instrument documentation used as detector plausibility evidence; needs model-specific confirmation before production publish.
pmsr:/INS1739403188428355,Female Genitalia Catherization Simulator,Procedure Trainers and Skills Simulators,HIGH_MANNEQUIN_PROCEDURE,PROCEDURAL_FORCE_PRESSURE,pmsr:/COM93b37a890de624f15,Female Genitalia Catherization Simulator Applied Force Detector,instrument-specific,https://www.nascohealthcare.com/,https://limbsandthings.com/us/support/,https://www.cdc.gov/infection-control/,Family/instrument documentation used as detector plausibility evidence; needs model-specific confirmation before production publish.
pmsr:/INS1739403188428355,Female Genitalia Catherization Simulator,Procedure Trainers and Skills Simulators,HIGH_MANNEQUIN_PROCEDURE,IV_VASCULAR_ACCESS,pmsr:/COM9bbfd874da2e490d6,Female Genitalia Catherization Simulator Venous Flashback Detector,instrument-specific,https://www.nascohealthcare.com/,https://limbsandthings.com/us/support/,https://www.cdc.gov/infection-control/,Family/instrument documentation used as detector plausibility evidence; needs model-specific confirmation before production publish.
pmsr:/INS1739403188428355,Female Genitalia Catherization Simulator,Procedure Trainers and Skills Simulators,HIGH_MANNEQUIN_PROCEDURE,GENERAL_SIMULATION_OTHER,pmsr:/COM9b22734475671bff7,Female Genitalia Catherization Simulator Procedure Completion Detector,instrument-specific,https://www.nascohealthcare.com/,https://limbsandthings.com/us/support/,https://www.cdc.gov/infection-control/,Family/instrument documentation used as detector plausibility evidence; needs model-specific confirmation before production publish.
pmsr:/INS1739403188428355,Female Genitalia Catherization Simulator,Procedure Trainers and Skills Simulators,HIGH_MANNEQUIN_PROCEDURE,AIRWAY_RESPIRATORY,pmsr:/COM94d3ff5f362cc035b,Female Genitalia Catherization Simulator Ventilation Flow Detector,instrument-specific,https://www.nascohealthcare.com/,https://limbsandthings.com/us/support/,https://www.cdc.gov/infection-control/,Family/instrument documentation used as detector plausibility evidence; needs model-specific confirmation before production publish.
pmsr:/INS1739303195193785,Geriatic Care Simulator,General Medical Device Governance,MEDIUM_MANNEQUIN_PROCEDURE,GENERAL_SIMULATION_OTHER,pmsr:/COM95b70346448215735,Geriatic Care Simulator Interaction Event Detector,family-level-curated,https://www.iso.org/standard/72704.html,https://www.iso.org/standard/72704.html,https://webstore.iec.ch/publication/67072,Family/instrument documentation used as detector plausibility evidence; needs model-specific confirmation before production publish.
pmsr:/INS1739303195193785,Geriatic Care Simulator,General Medical Device Governance,MEDIUM_MANNEQUIN_PROCEDURE,AIRWAY_RESPIRATORY,pmsr:/COM9412bfe70fbd8d8bc,Geriatic Care Simulator Airway Pressure Detector,family-level-curated,https://www.iso.org/standard/72704.html,https://www.iso.org/standard/72704.html,https://webstore.iec.ch/publication/67072,Family/instrument documentation used as detector plausibility evidence; needs model-specific confirmation before production publish.
pmsr:/INS1739303195193785,Geriatic Care Simulator,General Medical Device Governance,MEDIUM_MANNEQUIN_PROCEDURE,CARDIOVASCULAR_HEMODYNAMIC,pmsr:/COM9a6c73bcd29d4344e,Geriatic Care Simulator Pulse Rate Detector,family-level-curated,https://www.iso.org/standard/72704.html,https://www.iso.org/standard/72704.html,https://webstore.iec.ch/publication/67072,Family/instrument documentation used as detector plausibility evidence; needs model-specific confirmation before production publish.
pmsr:/INS1739397556188145,Gynaecological Examination Mannequin,Resuscitation and Mannequin Platforms,HIGH_MANNEQUIN_PROCEDURE,GENERAL_SIMULATION_OTHER,pmsr:/COM94cb8d9390f7e95ef,Gynaecological Examination Mannequin Interaction Event Detector,instrument-specific,https://laerdal.com/us/products/simulation-training/,https://laerdal.force.com/HelpCenter/s/,https://cpr.heart.org/en/resuscitation-science/cpr-and-ecc-guidelines,Family/instrument documentation used as detector plausibility evidence; needs model-specific confirmation before production publish.
pmsr:/INS1739397556188145,Gynaecological Examination Mannequin,Resuscitation and Mannequin Platforms,HIGH_MANNEQUIN_PROCEDURE,AIRWAY_RESPIRATORY,pmsr:/COM95cb2c19f033fd086,Gynaecological Examination Mannequin Airway Pressure Detector,instrument-specific,https://laerdal.com/us/products/simulation-training/,https://laerdal.force.com/HelpCenter/s/,https://cpr.heart.org/en/resuscitation-science/cpr-and-ecc-guidelines,Family/instrument documentation used as detector plausibility evidence; needs model-specific confirmation before production publish.
pmsr:/INS1739397556188145,Gynaecological Examination Mannequin,Resuscitation and Mannequin Platforms,HIGH_MANNEQUIN_PROCEDURE,CARDIOVASCULAR_HEMODYNAMIC,pmsr:/COM9a53a6e7fef7f48cb,Gynaecological Examination Mannequin Pulse Rate Detector,instrument-specific,https://laerdal.com/us/products/simulation-training/,https://laerdal.force.com/HelpCenter/s/,https://cpr.heart.org/en/resuscitation-science/cpr-and-ecc-guidelines,Family/instrument documentation used as detector plausibility evidence; needs model-specific confirmation before production publish.
pmsr:/INS1739397556188145,Gynaecological Examination Mannequin,Resuscitation and Mannequin Platforms,HIGH_MANNEQUIN_PROCEDURE,PROCEDURAL_FORCE_PRESSURE,pmsr:/COM9ce929fda23c7e246,Gynaecological Examination Mannequin Applied Force Detector,instrument-specific,https://laerdal.com/us/products/simulation-training/,https://laerdal.force.com/HelpCenter/s/,https://cpr.heart.org/en/resuscitation-science/cpr-and-ecc-guidelines,Family/instrument documentation used as detector plausibility evidence; needs model-specific confirmation before production publish.
pmsr:/INS1739397556188145,Gynaecological Examination Mannequin,Resuscitation and Mannequin Platforms,HIGH_MANNEQUIN_PROCEDURE,IV_VASCULAR_ACCESS,pmsr:/COM916f797ebef7cb097,Gynaecological Examination Mannequin Venous Flashback Detector,instrument-specific,https://laerdal.com/us/products/simulation-training/,https://laerdal.force.com/HelpCenter/s/,https://cpr.heart.org/en/resuscitation-science/cpr-and-ecc-guidelines,Family/instrument documentation used as detector plausibility evidence; needs model-specific confirmation before production publish.
pmsr:/INS1739397556188145,Gynaecological Examination Mannequin,Resuscitation and Mannequin Platforms,HIGH_MANNEQUIN_PROCEDURE,GENERAL_SIMULATION_OTHER,pmsr:/COM910906a6c47d60667,Gynaecological Examination Mannequin Procedure Completion Detector,instrument-specific,https://laerdal.com/us/products/simulation-training/,https://laerdal.force.com/HelpCenter/s/,https://cpr.heart.org/en/resuscitation-science/cpr-and-ecc-guidelines,Family/instrument documentation used as detector plausibility evidence; needs model-specific confirmation before production publish.
pmsr:/INS1739397556188145,Gynaecological Examination Mannequin,Resuscitation and Mannequin Platforms,HIGH_MANNEQUIN_PROCEDURE,AIRWAY_RESPIRATORY,pmsr:/COM97e1b412645fe50a2,Gynaecological Examination Mannequin Ventilation Flow Detector,instrument-specific,https://laerdal.com/us/products/simulation-training/,https://laerdal.force.com/HelpCenter/s/,https://cpr.heart.org/en/resuscitation-science/cpr-and-ecc-guidelines,Family/instrument documentation used as detector plausibility evidence; needs model-specific confirmation before production publish.
pmsr:/INS1739287159797795,High-Fidelity Mannequin,Resuscitation and Mannequin Platforms,HIGH_MANNEQUIN_PROCEDURE,GENERAL_SIMULATION_OTHER,pmsr:/COM95611eb2ed74ee103,High-Fidelity Mannequin Interaction Event Detector,instrument-specific,https://laerdal.com/us/products/simulation-training/,https://laerdal.force.com/HelpCenter/s/,https://cpr.heart.org/en/resuscitation-science/cpr-and-ecc-guidelines,Family/instrument documentation used as detector plausibility evidence; needs model-specific confirmation before production publish.
pmsr:/INS1739287159797795,High-Fidelity Mannequin,Resuscitation and Mannequin Platforms,HIGH_MANNEQUIN_PROCEDURE,AIRWAY_RESPIRATORY,pmsr:/COM9f42e00a4b3026528,High-Fidelity Mannequin Airway Pressure Detector,instrument-specific,https://laerdal.com/us/products/simulation-training/,https://laerdal.force.com/HelpCenter/s/,https://cpr.heart.org/en/resuscitation-science/cpr-and-ecc-guidelines,Family/instrument documentation used as detector plausibility evidence; needs model-specific confirmation before production publish.
pmsr:/INS1739287159797795,High-Fidelity Mannequin,Resuscitation and Mannequin Platforms,HIGH_MANNEQUIN_PROCEDURE,CARDIOVASCULAR_HEMODYNAMIC,pmsr:/COM92177208ccc4e22b1,High-Fidelity Mannequin Pulse Rate Detector,instrument-specific,https://laerdal.com/us/products/simulation-training/,https://laerdal.force.com/HelpCenter/s/,https://cpr.heart.org/en/resuscitation-science/cpr-and-ecc-guidelines,Family/instrument documentation used as detector plausibility evidence; needs model-specific confirmation before production publish.
pmsr:/INS1739287159797795,High-Fidelity Mannequin,Resuscitation and Mannequin Platforms,HIGH_MANNEQUIN_PROCEDURE,PROCEDURAL_FORCE_PRESSURE,pmsr:/COM9137c395895688068,High-Fidelity Mannequin Applied Force Detector,instrument-specific,https://laerdal.com/us/products/simulation-training/,https://laerdal.force.com/HelpCenter/s/,https://cpr.heart.org/en/resuscitation-science/cpr-and-ecc-guidelines,Family/instrument documentation used as detector plausibility evidence; needs model-specific confirmation before production publish.
pmsr:/INS1739287159797795,High-Fidelity Mannequin,Resuscitation and Mannequin Platforms,HIGH_MANNEQUIN_PROCEDURE,IV_VASCULAR_ACCESS,pmsr:/COM9627985a5056f2d15,High-Fidelity Mannequin Venous Flashback Detector,instrument-specific,https://laerdal.com/us/products/simulation-training/,https://laerdal.force.com/HelpCenter/s/,https://cpr.heart.org/en/resuscitation-science/cpr-and-ecc-guidelines,Family/instrument documentation used as detector plausibility evidence; needs model-specific confirmation before production publish.
pmsr:/INS1739287159797795,High-Fidelity Mannequin,Resuscitation and Mannequin Platforms,HIGH_MANNEQUIN_PROCEDURE,GENERAL_SIMULATION_OTHER,pmsr:/COM94748f0031a7167ca,High-Fidelity Mannequin Procedure Completion Detector,instrument-specific,https://laerdal.com/us/products/simulation-training/,https://laerdal.force.com/HelpCenter/s/,https://cpr.heart.org/en/resuscitation-science/cpr-and-ecc-guidelines,Family/instrument documentation used as detector plausibility evidence; needs model-specific confirmation before production publish.
pmsr:/INS1739287159797795,High-Fidelity Mannequin,Resuscitation and Mannequin Platforms,HIGH_MANNEQUIN_PROCEDURE,AIRWAY_RESPIRATORY,pmsr:/COM91aa7b31291992fbb,High-Fidelity Mannequin Ventilation Flow Detector,instrument-specific,https://laerdal.com/us/products/simulation-training/,https://laerdal.force.com/HelpCenter/s/,https://cpr.heart.org/en/resuscitation-science/cpr-and-ecc-guidelines,Family/instrument documentation used as detector plausibility evidence; needs model-specific confirmation before production publish.
pmsr:/INS1739300958884615,Imaging,Point-of-Care Ultrasound and Imaging,IMAGING_TABLE,IMAGING_ANATOMY_SPATIAL,pmsr:/COM98e6dd5fe87530d91,Imaging Probe Contact Detector,instrument-specific,https://www.chison.com/products/,https://www.chison.com/products/,https://www.who.int/teams/health-product-policy-and-standards/assistive-and-medical-technology/medical-devices,Family/instrument documentation used as detector plausibility evidence; needs model-specific confirmation before production publish.
pmsr:/INS1739404046114785,Intramuscular Injections Simulator,General Medical Device Governance,HIGH_MANNEQUIN_PROCEDURE,GENERAL_SIMULATION_OTHER,pmsr:/COM9751786e7c40b255c,Intramuscular Injections Simulator Interaction Event Detector,family-level-curated,https://www.iso.org/standard/72704.html,https://www.iso.org/standard/72704.html,https://webstore.iec.ch/publication/67072,Family/instrument documentation used as detector plausibility evidence; needs model-specific confirmation before production publish.
pmsr:/INS1739404046114785,Intramuscular Injections Simulator,General Medical Device Governance,HIGH_MANNEQUIN_PROCEDURE,AIRWAY_RESPIRATORY,pmsr:/COM9e562f8ab987b7036,Intramuscular Injections Simulator Airway Pressure Detector,family-level-curated,https://www.iso.org/standard/72704.html,https://www.iso.org/standard/72704.html,https://webstore.iec.ch/publication/67072,Family/instrument documentation used as detector plausibility evidence; needs model-specific confirmation before production publish.
pmsr:/INS1739404046114785,Intramuscular Injections Simulator,General Medical Device Governance,HIGH_MANNEQUIN_PROCEDURE,CARDIOVASCULAR_HEMODYNAMIC,pmsr:/COM94a6c2220e9625fb7,Intramuscular Injections Simulator Pulse Rate Detector,family-level-curated,https://www.iso.org/standard/72704.html,https://www.iso.org/standard/72704.html,https://webstore.iec.ch/publication/67072,Family/instrument documentation used as detector plausibility evidence; needs model-specific confirmation before production publish.
pmsr:/INS1739404046114785,Intramuscular Injections Simulator,General Medical Device Governance,HIGH_MANNEQUIN_PROCEDURE,PROCEDURAL_FORCE_PRESSURE,pmsr:/COM90822bb607c2cfa3b,Intramuscular Injections Simulator Applied Force Detector,family-level-curated,https://www.iso.org/standard/72704.html,https://www.iso.org/standard/72704.html,https://webstore.iec.ch/publication/67072,Family/instrument documentation used as detector plausibility evidence; needs model-specific confirmation before production publish.
pmsr:/INS1739404046114785,Intramuscular Injections Simulator,General Medical Device Governance,HIGH_MANNEQUIN_PROCEDURE,IV_VASCULAR_ACCESS,pmsr:/COM99b9afcf37be17507,Intramuscular Injections Simulator Venous Flashback Detector,family-level-curated,https://www.iso.org/standard/72704.html,https://www.iso.org/standard/72704.html,https://webstore.iec.ch/publication/67072,Family/instrument documentation used as detector plausibility evidence; needs model-specific confirmation before production publish.
pmsr:/INS1739404046114785,Intramuscular Injections Simulator,General Medical Device Governance,HIGH_MANNEQUIN_PROCEDURE,GENERAL_SIMULATION_OTHER,pmsr:/COM901ebb687541101a6,Intramuscular Injections Simulator Procedure Completion Detector,family-level-curated,https://www.iso.org/standard/72704.html,https://www.iso.org/standard/72704.html,https://webstore.iec.ch/publication/67072,Family/instrument documentation used as detector plausibility evidence; needs model-specific confirmation before production publish.
pmsr:/INS1739404046114785,Intramuscular Injections Simulator,General Medical Device Governance,HIGH_MANNEQUIN_PROCEDURE,AIRWAY_RESPIRATORY,pmsr:/COM92e6bf51ccc1c28ab,Intramuscular Injections Simulator Ventilation Flow Detector,family-level-curated,https://www.iso.org/standard/72704.html,https://www.iso.org/standard/72704.html,https://webstore.iec.ch/publication/67072,Family/instrument documentation used as detector plausibility evidence; needs model-specific confirmation before production publish.
pmsr:/INS1739301081410085,Intraoral Scanner,Dental and Oral Scanning Systems,IMAGING_TABLE,IMAGING_ANATOMY_SPATIAL,pmsr:/COM9c0dfd3041e7d14c1,Intraoral Scanner Probe Contact Detector,instrument-specific,https://support.3shape.com/,https://support.medit.com/hc/en-us,https://www.fda.gov/medical-devices/device-advice-comprehensive-regulatory-assistance/medical-device-databases,Family/instrument documentation used as detector plausibility evidence; needs model-specific confirmation before production publish.
pmsr:/INS1739402037946315,IV Fluid Administration,Procedure Trainers and Skills Simulators,MEDIUM_MANNEQUIN_PROCEDURE,GENERAL_SIMULATION_OTHER,pmsr:/COM9727fb50145c10e09,IV Fluid Administration Interaction Event Detector,family-level-curated,https://limbsandthings.com/us/support/,https://limbsandthings.com/us/support/,https://www.cdc.gov/infection-control/,Family/instrument documentation used as detector plausibility evidence; needs model-specific confirmation before production publish.
pmsr:/INS1739402037946315,IV Fluid Administration,Procedure Trainers and Skills Simulators,MEDIUM_MANNEQUIN_PROCEDURE,AIRWAY_RESPIRATORY,pmsr:/COM9ab325b780c153c16,IV Fluid Administration Airway Pressure Detector,family-level-curated,https://limbsandthings.com/us/support/,https://limbsandthings.com/us/support/,https://www.cdc.gov/infection-control/,Family/instrument documentation used as detector plausibility evidence; needs model-specific confirmation before production publish.
pmsr:/INS1739402037946315,IV Fluid Administration,Procedure Trainers and Skills Simulators,MEDIUM_MANNEQUIN_PROCEDURE,CARDIOVASCULAR_HEMODYNAMIC,pmsr:/COM9a6077a472e113288,IV Fluid Administration Pulse Rate Detector,family-level-curated,https://limbsandthings.com/us/support/,https://limbsandthings.com/us/support/,https://www.cdc.gov/infection-control/,Family/instrument documentation used as detector plausibility evidence; needs model-specific confirmation before production publish.
pmsr:/INS1739398519577895,Laerdal Airway Simulator,Resuscitation and Mannequin Platforms,MEDIUM_MANNEQUIN_PROCEDURE,AIRWAY_RESPIRATORY,pmsr:/COM97456cbdbfef891b2,Laerdal Airway Simulator Airway Pressure Detector,instrument-specific,https://laerdal.com/us/products/simulation-training/,https://laerdal.force.com/HelpCenter/s/,https://cpr.heart.org/en/resuscitation-science/cpr-and-ecc-guidelines,Family/instrument documentation used as detector plausibility evidence; needs model-specific confirmation before production publish.
pmsr:/INS1739398519577895,Laerdal Airway Simulator,Resuscitation and Mannequin Platforms,MEDIUM_MANNEQUIN_PROCEDURE,CARDIOVASCULAR_HEMODYNAMIC,pmsr:/COM9780cb5aee628174d,Laerdal Airway Simulator Pulse Rate Detector,instrument-specific,https://laerdal.com/us/products/simulation-training/,https://laerdal.force.com/HelpCenter/s/,https://cpr.heart.org/en/resuscitation-science/cpr-and-ecc-guidelines,Family/instrument documentation used as detector plausibility evidence; needs model-specific confirmation before production publish.
pmsr:/INS1739398519577895,Laerdal Airway Simulator,Resuscitation and Mannequin Platforms,MEDIUM_MANNEQUIN_PROCEDURE,PROCEDURAL_FORCE_PRESSURE,pmsr:/COM98ff71c8a531dc60e,Laerdal Airway Simulator Applied Force Detector,instrument-specific,https://laerdal.com/us/products/simulation-training/,https://laerdal.force.com/HelpCenter/s/,https://cpr.heart.org/en/resuscitation-science/cpr-and-ecc-guidelines,Family/instrument documentation used as detector plausibility evidence; needs model-specific confirmation before production publish.
pmsr:/INS1739487989328225,Laerdal ALS Baby Trainer 200,Resuscitation and Mannequin Platforms,MEDIUM_MANNEQUIN_PROCEDURE,GENERAL_SIMULATION_OTHER,pmsr:/COM9475a47f065f91166,Laerdal ALS Baby Trainer 200 Interaction Event Detector,instrument-specific,https://laerdal.com/us/products/simulation-training/,https://laerdal.force.com/HelpCenter/s/,https://cpr.heart.org/en/resuscitation-science/cpr-and-ecc-guidelines,Family/instrument documentation used as detector plausibility evidence; needs model-specific confirmation before production publish.
pmsr:/INS1739487989328225,Laerdal ALS Baby Trainer 200,Resuscitation and Mannequin Platforms,MEDIUM_MANNEQUIN_PROCEDURE,AIRWAY_RESPIRATORY,pmsr:/COM99add3c0cd3806f60,Laerdal ALS Baby Trainer 200 Airway Pressure Detector,instrument-specific,https://laerdal.com/us/products/simulation-training/,https://laerdal.force.com/HelpCenter/s/,https://cpr.heart.org/en/resuscitation-science/cpr-and-ecc-guidelines,Family/instrument documentation used as detector plausibility evidence; needs model-specific confirmation before production publish.
pmsr:/INS1739487989328225,Laerdal ALS Baby Trainer 200,Resuscitation and Mannequin Platforms,MEDIUM_MANNEQUIN_PROCEDURE,CARDIOVASCULAR_HEMODYNAMIC,pmsr:/COM903c774adb6c5edb0,Laerdal ALS Baby Trainer 200 Pulse Rate Detector,instrument-specific,https://laerdal.com/us/products/simulation-training/,https://laerdal.force.com/HelpCenter/s/,https://cpr.heart.org/en/resuscitation-science/cpr-and-ecc-guidelines,Family/instrument documentation used as detector plausibility evidence; needs model-specific confirmation before production publish.
pmsr:/INS1739392367425715,Laerdal DAE Simulator,Resuscitation and Mannequin Platforms,MEDIUM_MANNEQUIN_PROCEDURE,CARDIOVASCULAR_HEMODYNAMIC,pmsr:/COM91c68e5a9e69bc020,Laerdal DAE Simulator Pulse Rate Detector,instrument-specific,https://laerdal.com/us/products/simulation-training/,https://laerdal.force.com/HelpCenter/s/,https://cpr.heart.org/en/resuscitation-science/cpr-and-ecc-guidelines,Family/instrument documentation used as detector plausibility evidence; needs model-specific confirmation before production publish.
pmsr:/INS1739392367425715,Laerdal DAE Simulator,Resuscitation and Mannequin Platforms,MEDIUM_MANNEQUIN_PROCEDURE,AIRWAY_RESPIRATORY,pmsr:/COM9b34b00c7bcc86ee0,Laerdal DAE Simulator Airway Pressure Detector,instrument-specific,https://laerdal.com/us/products/simulation-training/,https://laerdal.force.com/HelpCenter/s/,https://cpr.heart.org/en/resuscitation-science/cpr-and-ecc-guidelines,Family/instrument documentation used as detector plausibility evidence; needs model-specific confirmation before production publish.
pmsr:/INS1739392367425715,Laerdal DAE Simulator,Resuscitation and Mannequin Platforms,MEDIUM_MANNEQUIN_PROCEDURE,PROCEDURAL_FORCE_PRESSURE,pmsr:/COM9cbabaa9118f43beb,Laerdal DAE Simulator Applied Force Detector,instrument-specific,https://laerdal.com/us/products/simulation-training/,https://laerdal.force.com/HelpCenter/s/,https://cpr.heart.org/en/resuscitation-science/cpr-and-ecc-guidelines,Family/instrument documentation used as detector plausibility evidence; needs model-specific confirmation before production publish.
pmsr:/INS1739823398493725,Laerdal Nursing Anne Mannequin,Resuscitation and Mannequin Platforms,MEDIUM_MANNEQUIN_PROCEDURE,GENERAL_SIMULATION_OTHER,pmsr:/COM99b3a72b8d17baa57,Laerdal Nursing Anne Mannequin Interaction Event Detector,instrument-specific,https://laerdal.com/us/products/simulation-training/,https://laerdal.force.com/HelpCenter/s/,https://cpr.heart.org/en/resuscitation-science/cpr-and-ecc-guidelines,Family/instrument documentation used as detector plausibility evidence; needs model-specific confirmation before production publish.
pmsr:/INS1739823398493725,Laerdal Nursing Anne Mannequin,Resuscitation and Mannequin Platforms,MEDIUM_MANNEQUIN_PROCEDURE,AIRWAY_RESPIRATORY,pmsr:/COM931d6340657316a0e,Laerdal Nursing Anne Mannequin Airway Pressure Detector,instrument-specific,https://laerdal.com/us/products/simulation-training/,https://laerdal.force.com/HelpCenter/s/,https://cpr.heart.org/en/resuscitation-science/cpr-and-ecc-guidelines,Family/instrument documentation used as detector plausibility evidence; needs model-specific confirmation before production publish.
pmsr:/INS1739823398493725,Laerdal Nursing Anne Mannequin,Resuscitation and Mannequin Platforms,MEDIUM_MANNEQUIN_PROCEDURE,CARDIOVASCULAR_HEMODYNAMIC,pmsr:/COM9ccf75d269b2b6120,Laerdal Nursing Anne Mannequin Pulse Rate Detector,instrument-specific,https://laerdal.com/us/products/simulation-training/,https://laerdal.force.com/HelpCenter/s/,https://cpr.heart.org/en/resuscitation-science/cpr-and-ecc-guidelines,Family/instrument documentation used as detector plausibility evidence; needs model-specific confirmation before production publish.
pmsr:/INS1739401557396065,Laerdal Nursing Care Simulator,Resuscitation and Mannequin Platforms,MEDIUM_MANNEQUIN_PROCEDURE,GENERAL_SIMULATION_OTHER,pmsr:/COM910d4690710b30eb0,Laerdal Nursing Care Simulator Interaction Event Detector,instrument-specific,https://laerdal.com/us/products/simulation-training/,https://laerdal.force.com/HelpCenter/s/,https://cpr.heart.org/en/resuscitation-science/cpr-and-ecc-guidelines,Family/instrument documentation used as detector plausibility evidence; needs model-specific confirmation before production publish.
pmsr:/INS1739401557396065,Laerdal Nursing Care Simulator,Resuscitation and Mannequin Platforms,MEDIUM_MANNEQUIN_PROCEDURE,AIRWAY_RESPIRATORY,pmsr:/COM955d3a5f5fbdd4dab,Laerdal Nursing Care Simulator Airway Pressure Detector,instrument-specific,https://laerdal.com/us/products/simulation-training/,https://laerdal.force.com/HelpCenter/s/,https://cpr.heart.org/en/resuscitation-science/cpr-and-ecc-guidelines,Family/instrument documentation used as detector plausibility evidence; needs model-specific confirmation before production publish.
pmsr:/INS1739401557396065,Laerdal Nursing Care Simulator,Resuscitation and Mannequin Platforms,MEDIUM_MANNEQUIN_PROCEDURE,CARDIOVASCULAR_HEMODYNAMIC,pmsr:/COM96125411c0510a231,Laerdal Nursing Care Simulator Pulse Rate Detector,instrument-specific,https://laerdal.com/us/products/simulation-training/,https://laerdal.force.com/HelpCenter/s/,https://cpr.heart.org/en/resuscitation-science/cpr-and-ecc-guidelines,Family/instrument documentation used as detector plausibility evidence; needs model-specific confirmation before production publish.
pmsr:/INS1739397137461495,Low-Fidelity Mannequin,Resuscitation and Mannequin Platforms,HIGH_MANNEQUIN_PROCEDURE,GENERAL_SIMULATION_OTHER,pmsr:/COM93e7212f043f1983f,Low-Fidelity Mannequin Interaction Event Detector,instrument-specific,https://laerdal.com/us/products/simulation-training/,https://laerdal.force.com/HelpCenter/s/,https://cpr.heart.org/en/resuscitation-science/cpr-and-ecc-guidelines,Family/instrument documentation used as detector plausibility evidence; needs model-specific confirmation before production publish.
pmsr:/INS1739397137461495,Low-Fidelity Mannequin,Resuscitation and Mannequin Platforms,HIGH_MANNEQUIN_PROCEDURE,AIRWAY_RESPIRATORY,pmsr:/COM948ef0b0d7a09cc76,Low-Fidelity Mannequin Airway Pressure Detector,instrument-specific,https://laerdal.com/us/products/simulation-training/,https://laerdal.force.com/HelpCenter/s/,https://cpr.heart.org/en/resuscitation-science/cpr-and-ecc-guidelines,Family/instrument documentation used as detector plausibility evidence; needs model-specific confirmation before production publish.
pmsr:/INS1739397137461495,Low-Fidelity Mannequin,Resuscitation and Mannequin Platforms,HIGH_MANNEQUIN_PROCEDURE,CARDIOVASCULAR_HEMODYNAMIC,pmsr:/COM986d2eae69fc5432a,Low-Fidelity Mannequin Pulse Rate Detector,instrument-specific,https://laerdal.com/us/products/simulation-training/,https://laerdal.force.com/HelpCenter/s/,https://cpr.heart.org/en/resuscitation-science/cpr-and-ecc-guidelines,Family/instrument documentation used as detector plausibility evidence; needs model-specific confirmation before production publish.
pmsr:/INS1739397137461495,Low-Fidelity Mannequin,Resuscitation and Mannequin Platforms,HIGH_MANNEQUIN_PROCEDURE,PROCEDURAL_FORCE_PRESSURE,pmsr:/COM96337511110a8ba07,Low-Fidelity Mannequin Applied Force Detector,instrument-specific,https://laerdal.com/us/products/simulation-training/,https://laerdal.force.com/HelpCenter/s/,https://cpr.heart.org/en/resuscitation-science/cpr-and-ecc-guidelines,Family/instrument documentation used as detector plausibility evidence; needs model-specific confirmation before production publish.
pmsr:/INS1739397137461495,Low-Fidelity Mannequin,Resuscitation and Mannequin Platforms,HIGH_MANNEQUIN_PROCEDURE,IV_VASCULAR_ACCESS,pmsr:/COM9f281c65dd23087a6,Low-Fidelity Mannequin Venous Flashback Detector,instrument-specific,https://laerdal.com/us/products/simulation-training/,https://laerdal.force.com/HelpCenter/s/,https://cpr.heart.org/en/resuscitation-science/cpr-and-ecc-guidelines,Family/instrument documentation used as detector plausibility evidence; needs model-specific confirmation before production publish.
pmsr:/INS1739397137461495,Low-Fidelity Mannequin,Resuscitation and Mannequin Platforms,HIGH_MANNEQUIN_PROCEDURE,GENERAL_SIMULATION_OTHER,pmsr:/COM9b60fd244446501f2,Low-Fidelity Mannequin Procedure Completion Detector,instrument-specific,https://laerdal.com/us/products/simulation-training/,https://laerdal.force.com/HelpCenter/s/,https://cpr.heart.org/en/resuscitation-science/cpr-and-ecc-guidelines,Family/instrument documentation used as detector plausibility evidence; needs model-specific confirmation before production publish.
pmsr:/INS1739397137461495,Low-Fidelity Mannequin,Resuscitation and Mannequin Platforms,HIGH_MANNEQUIN_PROCEDURE,AIRWAY_RESPIRATORY,pmsr:/COM90e60dc984ff6a513,Low-Fidelity Mannequin Ventilation Flow Detector,instrument-specific,https://laerdal.com/us/products/simulation-training/,https://laerdal.force.com/HelpCenter/s/,https://cpr.heart.org/en/resuscitation-science/cpr-and-ecc-guidelines,Family/instrument documentation used as detector plausibility evidence; needs model-specific confirmation before production publish.
pmsr:/INS1740143777940835,Male Examination Mannequin,Resuscitation and Mannequin Platforms,HIGH_MANNEQUIN_PROCEDURE,GENERAL_SIMULATION_OTHER,pmsr:/COM99bd86d799fc723b7,Male Examination Mannequin Interaction Event Detector,instrument-specific,https://laerdal.com/us/products/simulation-training/,https://laerdal.force.com/HelpCenter/s/,https://cpr.heart.org/en/resuscitation-science/cpr-and-ecc-guidelines,Family/instrument documentation used as detector plausibility evidence; needs model-specific confirmation before production publish.
pmsr:/INS1740143777940835,Male Examination Mannequin,Resuscitation and Mannequin Platforms,HIGH_MANNEQUIN_PROCEDURE,AIRWAY_RESPIRATORY,pmsr:/COM975fa018097d73db5,Male Examination Mannequin Airway Pressure Detector,instrument-specific,https://laerdal.com/us/products/simulation-training/,https://laerdal.force.com/HelpCenter/s/,https://cpr.heart.org/en/resuscitation-science/cpr-and-ecc-guidelines,Family/instrument documentation used as detector plausibility evidence; needs model-specific confirmation before production publish.
pmsr:/INS1740143777940835,Male Examination Mannequin,Resuscitation and Mannequin Platforms,HIGH_MANNEQUIN_PROCEDURE,CARDIOVASCULAR_HEMODYNAMIC,pmsr:/COM9f661e66545d77586,Male Examination Mannequin Pulse Rate Detector,instrument-specific,https://laerdal.com/us/products/simulation-training/,https://laerdal.force.com/HelpCenter/s/,https://cpr.heart.org/en/resuscitation-science/cpr-and-ecc-guidelines,Family/instrument documentation used as detector plausibility evidence; needs model-specific confirmation before production publish.
pmsr:/INS1740143777940835,Male Examination Mannequin,Resuscitation and Mannequin Platforms,HIGH_MANNEQUIN_PROCEDURE,PROCEDURAL_FORCE_PRESSURE,pmsr:/COM9652d2e8682882c0d,Male Examination Mannequin Applied Force Detector,instrument-specific,https://laerdal.com/us/products/simulation-training/,https://laerdal.force.com/HelpCenter/s/,https://cpr.heart.org/en/resuscitation-science/cpr-and-ecc-guidelines,Family/instrument documentation used as detector plausibility evidence; needs model-specific confirmation before production publish.
pmsr:/INS1740143777940835,Male Examination Mannequin,Resuscitation and Mannequin Platforms,HIGH_MANNEQUIN_PROCEDURE,IV_VASCULAR_ACCESS,pmsr:/COM9c24b11ec9e7455c3,Male Examination Mannequin Venous Flashback Detector,instrument-specific,https://laerdal.com/us/products/simulation-training/,https://laerdal.force.com/HelpCenter/s/,https://cpr.heart.org/en/resuscitation-science/cpr-and-ecc-guidelines,Family/instrument documentation used as detector plausibility evidence; needs model-specific confirmation before production publish.
pmsr:/INS1740143777940835,Male Examination Mannequin,Resuscitation and Mannequin Platforms,HIGH_MANNEQUIN_PROCEDURE,GENERAL_SIMULATION_OTHER,pmsr:/COM923079272f497831b,Male Examination Mannequin Procedure Completion Detector,instrument-specific,https://laerdal.com/us/products/simulation-training/,https://laerdal.force.com/HelpCenter/s/,https://cpr.heart.org/en/resuscitation-science/cpr-and-ecc-guidelines,Family/instrument documentation used as detector plausibility evidence; needs model-specific confirmation before production publish.
pmsr:/INS1740143777940835,Male Examination Mannequin,Resuscitation and Mannequin Platforms,HIGH_MANNEQUIN_PROCEDURE,AIRWAY_RESPIRATORY,pmsr:/COM915fbe643e2f4bfd0,Male Examination Mannequin Ventilation Flow Detector,instrument-specific,https://laerdal.com/us/products/simulation-training/,https://laerdal.force.com/HelpCenter/s/,https://cpr.heart.org/en/resuscitation-science/cpr-and-ecc-guidelines,Family/instrument documentation used as detector plausibility evidence; needs model-specific confirmation before production publish.
pmsr:/INS1739403078441215,Male Genitalia Catherization Simulator,Procedure Trainers and Skills Simulators,HIGH_MANNEQUIN_PROCEDURE,GENERAL_SIMULATION_OTHER,pmsr:/COM9c6cddcd7be6dfeed,Male Genitalia Catherization Simulator Interaction Event Detector,instrument-specific,https://www.nascohealthcare.com/,https://limbsandthings.com/us/support/,https://www.cdc.gov/infection-control/,Family/instrument documentation used as detector plausibility evidence; needs model-specific confirmation before production publish.
pmsr:/INS1739403078441215,Male Genitalia Catherization Simulator,Procedure Trainers and Skills Simulators,HIGH_MANNEQUIN_PROCEDURE,AIRWAY_RESPIRATORY,pmsr:/COM90535c42b737ab252,Male Genitalia Catherization Simulator Airway Pressure Detector,instrument-specific,https://www.nascohealthcare.com/,https://limbsandthings.com/us/support/,https://www.cdc.gov/infection-control/,Family/instrument documentation used as detector plausibility evidence; needs model-specific confirmation before production publish.
pmsr:/INS1739403078441215,Male Genitalia Catherization Simulator,Procedure Trainers and Skills Simulators,HIGH_MANNEQUIN_PROCEDURE,CARDIOVASCULAR_HEMODYNAMIC,pmsr:/COM925add590b39e6766,Male Genitalia Catherization Simulator Pulse Rate Detector,instrument-specific,https://www.nascohealthcare.com/,https://limbsandthings.com/us/support/,https://www.cdc.gov/infection-control/,Family/instrument documentation used as detector plausibility evidence; needs model-specific confirmation before production publish.
pmsr:/INS1739403078441215,Male Genitalia Catherization Simulator,Procedure Trainers and Skills Simulators,HIGH_MANNEQUIN_PROCEDURE,PROCEDURAL_FORCE_PRESSURE,pmsr:/COM92bc236a1eff684d6,Male Genitalia Catherization Simulator Applied Force Detector,instrument-specific,https://www.nascohealthcare.com/,https://limbsandthings.com/us/support/,https://www.cdc.gov/infection-control/,Family/instrument documentation used as detector plausibility evidence; needs model-specific confirmation before production publish.
pmsr:/INS1739403078441215,Male Genitalia Catherization Simulator,Procedure Trainers and Skills Simulators,HIGH_MANNEQUIN_PROCEDURE,IV_VASCULAR_ACCESS,pmsr:/COM9fe390ee21f9c6e69,Male Genitalia Catherization Simulator Venous Flashback Detector,instrument-specific,https://www.nascohealthcare.com/,https://limbsandthings.com/us/support/,https://www.cdc.gov/infection-control/,Family/instrument documentation used as detector plausibility evidence; needs model-specific confirmation before production publish.
pmsr:/INS1739403078441215,Male Genitalia Catherization Simulator,Procedure Trainers and Skills Simulators,HIGH_MANNEQUIN_PROCEDURE,GENERAL_SIMULATION_OTHER,pmsr:/COM94ff38d500c92a013,Male Genitalia Catherization Simulator Procedure Completion Detector,instrument-specific,https://www.nascohealthcare.com/,https://limbsandthings.com/us/support/,https://www.cdc.gov/infection-control/,Family/instrument documentation used as detector plausibility evidence; needs model-specific confirmation before production publish.
pmsr:/INS1739403078441215,Male Genitalia Catherization Simulator,Procedure Trainers and Skills Simulators,HIGH_MANNEQUIN_PROCEDURE,AIRWAY_RESPIRATORY,pmsr:/COM9c29aa34108bf9ca0,Male Genitalia Catherization Simulator Ventilation Flow Detector,instrument-specific,https://www.nascohealthcare.com/,https://limbsandthings.com/us/support/,https://www.cdc.gov/infection-control/,Family/instrument documentation used as detector plausibility evidence; needs model-specific confirmation before production publish.
pmsr:/INS1739483351917145,Male Inguinal Hernia Anatomy Model,General Medical Device Governance,HIGH_MANNEQUIN_PROCEDURE,SOFTWARE_WORKFLOW_STATE,pmsr:/COM9e2c34a1b1540e07a,Male Inguinal Hernia Anatomy Model Scenario State Detector,family-level-curated,https://www.iso.org/standard/72704.html,https://www.iso.org/standard/72704.html,https://webstore.iec.ch/publication/67072,Family/instrument documentation used as detector plausibility evidence; needs model-specific confirmation before production publish.
pmsr:/INS1739483351917145,Male Inguinal Hernia Anatomy Model,General Medical Device Governance,HIGH_MANNEQUIN_PROCEDURE,AIRWAY_RESPIRATORY,pmsr:/COM9030f0a29291c78f5,Male Inguinal Hernia Anatomy Model Airway Pressure Detector,family-level-curated,https://www.iso.org/standard/72704.html,https://www.iso.org/standard/72704.html,https://webstore.iec.ch/publication/67072,Family/instrument documentation used as detector plausibility evidence; needs model-specific confirmation before production publish.
pmsr:/INS1739483351917145,Male Inguinal Hernia Anatomy Model,General Medical Device Governance,HIGH_MANNEQUIN_PROCEDURE,CARDIOVASCULAR_HEMODYNAMIC,pmsr:/COM96207a1849efc321f,Male Inguinal Hernia Anatomy Model Pulse Rate Detector,family-level-curated,https://www.iso.org/standard/72704.html,https://www.iso.org/standard/72704.html,https://webstore.iec.ch/publication/67072,Family/instrument documentation used as detector plausibility evidence; needs model-specific confirmation before production publish.
pmsr:/INS1739483351917145,Male Inguinal Hernia Anatomy Model,General Medical Device Governance,HIGH_MANNEQUIN_PROCEDURE,PROCEDURAL_FORCE_PRESSURE,pmsr:/COM9647825025161ddc9,Male Inguinal Hernia Anatomy Model Applied Force Detector,family-level-curated,https://www.iso.org/standard/72704.html,https://www.iso.org/standard/72704.html,https://webstore.iec.ch/publication/67072,Family/instrument documentation used as detector plausibility evidence; needs model-specific confirmation before production publish.
pmsr:/INS1739483351917145,Male Inguinal Hernia Anatomy Model,General Medical Device Governance,HIGH_MANNEQUIN_PROCEDURE,IV_VASCULAR_ACCESS,pmsr:/COM94570ad0af3ec56bd,Male Inguinal Hernia Anatomy Model Venous Flashback Detector,family-level-curated,https://www.iso.org/standard/72704.html,https://www.iso.org/standard/72704.html,https://webstore.iec.ch/publication/67072,Family/instrument documentation used as detector plausibility evidence; needs model-specific confirmation before production publish.
pmsr:/INS1739483351917145,Male Inguinal Hernia Anatomy Model,General Medical Device Governance,HIGH_MANNEQUIN_PROCEDURE,SOFTWARE_WORKFLOW_STATE,pmsr:/COM9b74e72176bf35abf,Male Inguinal Hernia Anatomy Model Action Sequence Detector,family-level-curated,https://www.iso.org/standard/72704.html,https://www.iso.org/standard/72704.html,https://webstore.iec.ch/publication/67072,Family/instrument documentation used as detector plausibility evidence; needs model-specific confirmation before production publish.
pmsr:/INS1739483351917145,Male Inguinal Hernia Anatomy Model,General Medical Device Governance,HIGH_MANNEQUIN_PROCEDURE,AIRWAY_RESPIRATORY,pmsr:/COM96b4219d46216ef7f,Male Inguinal Hernia Anatomy Model Ventilation Flow Detector,family-level-curated,https://www.iso.org/standard/72704.html,https://www.iso.org/standard/72704.html,https://webstore.iec.ch/publication/67072,Family/instrument documentation used as detector plausibility evidence; needs model-specific confirmation before production publish.
ncit:C16830,Medical Device,General Medical Device Governance,IMAGING_TABLE,GENERAL_SIMULATION_OTHER,pmsr:/COM909d6d9cdb98cf3b5,Medical Device Interaction Event Detector,family-level-curated,https://www.iso.org/standard/72704.html,https://www.iso.org/standard/72704.html,https://webstore.iec.ch/publication/67072,Family/instrument documentation used as detector plausibility evidence; needs model-specific confirmation before production publish.
pmsr:/INS1739287092102085,Medical Examination Simulators,General Medical Device Governance,MEDIUM_MANNEQUIN_PROCEDURE,GENERAL_SIMULATION_OTHER,pmsr:/COM9c87dd2ffb8889986,Medical Examination Simulators Interaction Event Detector,family-level-curated,https://www.iso.org/standard/72704.html,https://www.iso.org/standard/72704.html,https://webstore.iec.ch/publication/67072,Family/instrument documentation used as detector plausibility evidence; needs model-specific confirmation before production publish.
pmsr:/INS1739287092102085,Medical Examination Simulators,General Medical Device Governance,MEDIUM_MANNEQUIN_PROCEDURE,AIRWAY_RESPIRATORY,pmsr:/COM9dc7088e7b0c6b1d9,Medical Examination Simulators Airway Pressure Detector,family-level-curated,https://www.iso.org/standard/72704.html,https://www.iso.org/standard/72704.html,https://webstore.iec.ch/publication/67072,Family/instrument documentation used as detector plausibility evidence; needs model-specific confirmation before production publish.
pmsr:/INS1739287092102085,Medical Examination Simulators,General Medical Device Governance,MEDIUM_MANNEQUIN_PROCEDURE,CARDIOVASCULAR_HEMODYNAMIC,pmsr:/COM91841a32f2e6095c0,Medical Examination Simulators Pulse Rate Detector,family-level-curated,https://www.iso.org/standard/72704.html,https://www.iso.org/standard/72704.html,https://webstore.iec.ch/publication/67072,Family/instrument documentation used as detector plausibility evidence; needs model-specific confirmation before production publish.
pmsr:/INS1739301814401805,Medical Procedure Simulator,General Medical Device Governance,MEDIUM_MANNEQUIN_PROCEDURE,GENERAL_SIMULATION_OTHER,pmsr:/COM95a10057514746c68,Medical Procedure Simulator Interaction Event Detector,family-level-curated,https://www.iso.org/standard/72704.html,https://www.iso.org/standard/72704.html,https://webstore.iec.ch/publication/67072,Family/instrument documentation used as detector plausibility evidence; needs model-specific confirmation before production publish.
pmsr:/INS1739301814401805,Medical Procedure Simulator,General Medical Device Governance,MEDIUM_MANNEQUIN_PROCEDURE,AIRWAY_RESPIRATORY,pmsr:/COM9a3858475133ce3e6,Medical Procedure Simulator Airway Pressure Detector,family-level-curated,https://www.iso.org/standard/72704.html,https://www.iso.org/standard/72704.html,https://webstore.iec.ch/publication/67072,Family/instrument documentation used as detector plausibility evidence; needs model-specific confirmation before production publish.
pmsr:/INS1739301814401805,Medical Procedure Simulator,General Medical Device Governance,MEDIUM_MANNEQUIN_PROCEDURE,CARDIOVASCULAR_HEMODYNAMIC,pmsr:/COM92dfde0052fb9811f,Medical Procedure Simulator Pulse Rate Detector,family-level-curated,https://www.iso.org/standard/72704.html,https://www.iso.org/standard/72704.html,https://webstore.iec.ch/publication/67072,Family/instrument documentation used as detector plausibility evidence; needs model-specific confirmation before production publish.
pmsr:/INS1739821032633525,Monitoring Virtual Simulator,Point-of-Care Ultrasound and Imaging,IMAGING_TABLE,IMAGING_ANATOMY_SPATIAL,pmsr:/COM939b7da280355299e,Monitoring Virtual Simulator Probe Contact Detector,instrument-specific,https://www.chison.com/hotproduct/handheld-ultrasound-for-pregnancy.html,https://www.chison.com/products/,https://www.who.int/teams/health-product-policy-and-standards/assistive-and-medical-technology/medical-devices,Family/instrument documentation used as detector plausibility evidence; needs model-specific confirmation before production publish.
pmsr:/INS1739400689838665,Nursing Care Simulator,General Medical Device Governance,MEDIUM_MANNEQUIN_PROCEDURE,GENERAL_SIMULATION_OTHER,pmsr:/COM932d3ecab37a459ac,Nursing Care Simulator Interaction Event Detector,instrument-specific,https://www.fda.gov/medsun-medical-product-safety-network,https://www.iso.org/standard/72704.html,https://webstore.iec.ch/publication/67072,Family/instrument documentation used as detector plausibility evidence; needs model-specific confirmation before production publish.
pmsr:/INS1739400689838665,Nursing Care Simulator,General Medical Device Governance,MEDIUM_MANNEQUIN_PROCEDURE,AIRWAY_RESPIRATORY,pmsr:/COM939f9f89f000ddfd0,Nursing Care Simulator Airway Pressure Detector,instrument-specific,https://www.fda.gov/medsun-medical-product-safety-network,https://www.iso.org/standard/72704.html,https://webstore.iec.ch/publication/67072,Family/instrument documentation used as detector plausibility evidence; needs model-specific confirmation before production publish.
pmsr:/INS1739400689838665,Nursing Care Simulator,General Medical Device Governance,MEDIUM_MANNEQUIN_PROCEDURE,CARDIOVASCULAR_HEMODYNAMIC,pmsr:/COM971ad1ad47c81e65e,Nursing Care Simulator Pulse Rate Detector,instrument-specific,https://www.fda.gov/medsun-medical-product-safety-network,https://www.iso.org/standard/72704.html,https://webstore.iec.ch/publication/67072,Family/instrument documentation used as detector plausibility evidence; needs model-specific confirmation before production publish.
pmsr:/INS1740143878244085,Obstetric Simulator,Procedure Trainers and Skills Simulators,MEDIUM_MANNEQUIN_PROCEDURE,GENERAL_SIMULATION_OTHER,pmsr:/COM9211bdcfaf513cb3f,Obstetric Simulator Interaction Event Detector,instrument-specific,https://www.nascohealthcare.com/,https://limbsandthings.com/us/support/,https://www.cdc.gov/infection-control/,Family/instrument documentation used as detector plausibility evidence; needs model-specific confirmation before production publish.
pmsr:/INS1740143878244085,Obstetric Simulator,Procedure Trainers and Skills Simulators,MEDIUM_MANNEQUIN_PROCEDURE,AIRWAY_RESPIRATORY,pmsr:/COM9e04a1dac669f072d,Obstetric Simulator Airway Pressure Detector,instrument-specific,https://www.nascohealthcare.com/,https://limbsandthings.com/us/support/,https://www.cdc.gov/infection-control/,Family/instrument documentation used as detector plausibility evidence; needs model-specific confirmation before production publish.
pmsr:/INS1740143878244085,Obstetric Simulator,Procedure Trainers and Skills Simulators,MEDIUM_MANNEQUIN_PROCEDURE,CARDIOVASCULAR_HEMODYNAMIC,pmsr:/COM925a48e7dda68b904,Obstetric Simulator Pulse Rate Detector,instrument-specific,https://www.nascohealthcare.com/,https://limbsandthings.com/us/support/,https://www.cdc.gov/infection-control/,Family/instrument documentation used as detector plausibility evidence; needs model-specific confirmation before production publish.
pmsr:/INS1739303333850795,Oncology Care Simulator,General Medical Device Governance,MEDIUM_MANNEQUIN_PROCEDURE,GENERAL_SIMULATION_OTHER,pmsr:/COM90e709ed6a7da646e,Oncology Care Simulator Interaction Event Detector,family-level-curated,https://www.iso.org/standard/72704.html,https://www.iso.org/standard/72704.html,https://webstore.iec.ch/publication/67072,Family/instrument documentation used as detector plausibility evidence; needs model-specific confirmation before production publish.
pmsr:/INS1739303333850795,Oncology Care Simulator,General Medical Device Governance,MEDIUM_MANNEQUIN_PROCEDURE,AIRWAY_RESPIRATORY,pmsr:/COM93b9e9e42e8ce92e6,Oncology Care Simulator Airway Pressure Detector,family-level-curated,https://www.iso.org/standard/72704.html,https://www.iso.org/standard/72704.html,https://webstore.iec.ch/publication/67072,Family/instrument documentation used as detector plausibility evidence; needs model-specific confirmation before production publish.
pmsr:/INS1739303333850795,Oncology Care Simulator,General Medical Device Governance,MEDIUM_MANNEQUIN_PROCEDURE,CARDIOVASCULAR_HEMODYNAMIC,pmsr:/COM9c53e672a8d78deb3,Oncology Care Simulator Pulse Rate Detector,family-level-curated,https://www.iso.org/standard/72704.html,https://www.iso.org/standard/72704.html,https://webstore.iec.ch/publication/67072,Family/instrument documentation used as detector plausibility evidence; needs model-specific confirmation before production publish.
pmsr:/INS1740087575777435,Patient Monitor Simulator,Point-of-Care Ultrasound and Imaging,IMAGING_TABLE,IMAGING_ANATOMY_SPATIAL,pmsr:/COM9b822a8dca43f7a28,Patient Monitor Simulator Probe Contact Detector,instrument-specific,https://www.chison.com/hotproduct/handheld-ultrasound-for-pregnancy.html,https://www.chison.com/products/,https://www.who.int/teams/health-product-policy-and-standards/assistive-and-medical-technology/medical-devices,Family/instrument documentation used as detector plausibility evidence; needs model-specific confirmation before production publish.
pmsr:/INS1739403291912375,Penis Foreskin Cleaning Simulator,Procedure Trainers and Skills Simulators,MEDIUM_MANNEQUIN_PROCEDURE,GENERAL_SIMULATION_OTHER,pmsr:/COM97c89c9d2cde68631,Penis Foreskin Cleaning Simulator Interaction Event Detector,instrument-specific,https://www.nascohealthcare.com/,https://limbsandthings.com/us/support/,https://www.cdc.gov/infection-control/,Family/instrument documentation used as detector plausibility evidence; needs model-specific confirmation before production publish.
pmsr:/INS1739403291912375,Penis Foreskin Cleaning Simulator,Procedure Trainers and Skills Simulators,MEDIUM_MANNEQUIN_PROCEDURE,AIRWAY_RESPIRATORY,pmsr:/COM918a05fc72c184182,Penis Foreskin Cleaning Simulator Airway Pressure Detector,instrument-specific,https://www.nascohealthcare.com/,https://limbsandthings.com/us/support/,https://www.cdc.gov/infection-control/,Family/instrument documentation used as detector plausibility evidence; needs model-specific confirmation before production publish.
pmsr:/INS1739403291912375,Penis Foreskin Cleaning Simulator,Procedure Trainers and Skills Simulators,MEDIUM_MANNEQUIN_PROCEDURE,CARDIOVASCULAR_HEMODYNAMIC,pmsr:/COM999e6b74ad426b84a,Penis Foreskin Cleaning Simulator Pulse Rate Detector,instrument-specific,https://www.nascohealthcare.com/,https://limbsandthings.com/us/support/,https://www.cdc.gov/infection-control/,Family/instrument documentation used as detector plausibility evidence; needs model-specific confirmation before production publish.
pmsr:PhysicalMedicalDevice,Physical Medical Device,General Medical Device Governance,IMAGING_TABLE,GENERAL_SIMULATION_OTHER,pmsr:/COM9a4199a3313088feb,Physical Medical Device Interaction Event Detector,family-level-curated,https://www.iso.org/standard/72704.html,https://www.iso.org/standard/72704.html,https://webstore.iec.ch/publication/67072,Family/instrument documentation used as detector plausibility evidence; needs model-specific confirmation before production publish.
pmsr:PhysicalMedicalSimulator,Physical Medical Simulator,General Medical Device Governance,MEDIUM_MANNEQUIN_PROCEDURE,GENERAL_SIMULATION_OTHER,pmsr:/COM9b741683b72ff4fa2,Physical Medical Simulator Interaction Event Detector,family-level-curated,https://www.iso.org/standard/72704.html,https://www.iso.org/standard/72704.html,https://webstore.iec.ch/publication/67072,Family/instrument documentation used as detector plausibility evidence; needs model-specific confirmation before production publish.
pmsr:PhysicalMedicalSimulator,Physical Medical Simulator,General Medical Device Governance,MEDIUM_MANNEQUIN_PROCEDURE,AIRWAY_RESPIRATORY,pmsr:/COM95c4a75e30c75e1aa,Physical Medical Simulator Airway Pressure Detector,family-level-curated,https://www.iso.org/standard/72704.html,https://www.iso.org/standard/72704.html,https://webstore.iec.ch/publication/67072,Family/instrument documentation used as detector plausibility evidence; needs model-specific confirmation before production publish.
pmsr:PhysicalMedicalSimulator,Physical Medical Simulator,General Medical Device Governance,MEDIUM_MANNEQUIN_PROCEDURE,CARDIOVASCULAR_HEMODYNAMIC,pmsr:/COM923ddc02274376cdc,Physical Medical Simulator Pulse Rate Detector,family-level-curated,https://www.iso.org/standard/72704.html,https://www.iso.org/standard/72704.html,https://webstore.iec.ch/publication/67072,Family/instrument documentation used as detector plausibility evidence; needs model-specific confirmation before production publish.
pmsr:/INS1740087239872215,Physiology Simulator,General Medical Device Governance,HIGH_MANNEQUIN_PROCEDURE,GENERAL_SIMULATION_OTHER,pmsr:/COM9f99b2da1d59bd55b,Physiology Simulator Interaction Event Detector,family-level-curated,https://www.iso.org/standard/72704.html,https://www.iso.org/standard/72704.html,https://webstore.iec.ch/publication/67072,Family/instrument documentation used as detector plausibility evidence; needs model-specific confirmation before production publish.
pmsr:/INS1740087239872215,Physiology Simulator,General Medical Device Governance,HIGH_MANNEQUIN_PROCEDURE,AIRWAY_RESPIRATORY,pmsr:/COM9a9a6e9a8710e2cb9,Physiology Simulator Airway Pressure Detector,family-level-curated,https://www.iso.org/standard/72704.html,https://www.iso.org/standard/72704.html,https://webstore.iec.ch/publication/67072,Family/instrument documentation used as detector plausibility evidence; needs model-specific confirmation before production publish.
pmsr:/INS1740087239872215,Physiology Simulator,General Medical Device Governance,HIGH_MANNEQUIN_PROCEDURE,CARDIOVASCULAR_HEMODYNAMIC,pmsr:/COM9e7c6cc62336d18c6,Physiology Simulator Pulse Rate Detector,family-level-curated,https://www.iso.org/standard/72704.html,https://www.iso.org/standard/72704.html,https://webstore.iec.ch/publication/67072,Family/instrument documentation used as detector plausibility evidence; needs model-specific confirmation before production publish.
pmsr:/INS1740087239872215,Physiology Simulator,General Medical Device Governance,HIGH_MANNEQUIN_PROCEDURE,PROCEDURAL_FORCE_PRESSURE,pmsr:/COM957cf3d8474c588fd,Physiology Simulator Applied Force Detector,family-level-curated,https://www.iso.org/standard/72704.html,https://www.iso.org/standard/72704.html,https://webstore.iec.ch/publication/67072,Family/instrument documentation used as detector plausibility evidence; needs model-specific confirmation before production publish.
pmsr:/INS1740087239872215,Physiology Simulator,General Medical Device Governance,HIGH_MANNEQUIN_PROCEDURE,IV_VASCULAR_ACCESS,pmsr:/COM9c759747a6ba22969,Physiology Simulator Venous Flashback Detector,family-level-curated,https://www.iso.org/standard/72704.html,https://www.iso.org/standard/72704.html,https://webstore.iec.ch/publication/67072,Family/instrument documentation used as detector plausibility evidence; needs model-specific confirmation before production publish.
pmsr:/INS1740087239872215,Physiology Simulator,General Medical Device Governance,HIGH_MANNEQUIN_PROCEDURE,GENERAL_SIMULATION_OTHER,pmsr:/COM938d35794baf4ab2b,Physiology Simulator Procedure Completion Detector,family-level-curated,https://www.iso.org/standard/72704.html,https://www.iso.org/standard/72704.html,https://webstore.iec.ch/publication/67072,Family/instrument documentation used as detector plausibility evidence; needs model-specific confirmation before production publish.
pmsr:/INS1740087239872215,Physiology Simulator,General Medical Device Governance,HIGH_MANNEQUIN_PROCEDURE,AIRWAY_RESPIRATORY,pmsr:/COM941813946dd51cd70,Physiology Simulator Ventilation Flow Detector,family-level-curated,https://www.iso.org/standard/72704.html,https://www.iso.org/standard/72704.html,https://webstore.iec.ch/publication/67072,Family/instrument documentation used as detector plausibility evidence; needs model-specific confirmation before production publish.
pmsr:/INS1739453043505715,Pitting Edema Simulator,General Medical Device Governance,HIGH_MANNEQUIN_PROCEDURE,EDEMA_TISSUE_VOLUME,pmsr:/COM9a9d0c914b9c1e390,Pitting Edema Simulator Tissue Volume Change Detector,family-level-curated,https://www.iso.org/standard/72704.html,https://www.iso.org/standard/72704.html,https://webstore.iec.ch/publication/67072,Family/instrument documentation used as detector plausibility evidence; needs model-specific confirmation before production publish.
pmsr:/INS1739453043505715,Pitting Edema Simulator,General Medical Device Governance,HIGH_MANNEQUIN_PROCEDURE,AIRWAY_RESPIRATORY,pmsr:/COM9869a4fef13b85b62,Pitting Edema Simulator Airway Pressure Detector,family-level-curated,https://www.iso.org/standard/72704.html,https://www.iso.org/standard/72704.html,https://webstore.iec.ch/publication/67072,Family/instrument documentation used as detector plausibility evidence; needs model-specific confirmation before production publish.
pmsr:/INS1739453043505715,Pitting Edema Simulator,General Medical Device Governance,HIGH_MANNEQUIN_PROCEDURE,CARDIOVASCULAR_HEMODYNAMIC,pmsr:/COM9920ff090bcb5fc27,Pitting Edema Simulator Pulse Rate Detector,family-level-curated,https://www.iso.org/standard/72704.html,https://www.iso.org/standard/72704.html,https://webstore.iec.ch/publication/67072,Family/instrument documentation used as detector plausibility evidence; needs model-specific confirmation before production publish.
pmsr:/INS1739453043505715,Pitting Edema Simulator,General Medical Device Governance,HIGH_MANNEQUIN_PROCEDURE,PROCEDURAL_FORCE_PRESSURE,pmsr:/COM9cc2d79d9495e4c88,Pitting Edema Simulator Applied Force Detector,family-level-curated,https://www.iso.org/standard/72704.html,https://www.iso.org/standard/72704.html,https://webstore.iec.ch/publication/67072,Family/instrument documentation used as detector plausibility evidence; needs model-specific confirmation before production publish.
pmsr:/INS1739453043505715,Pitting Edema Simulator,General Medical Device Governance,HIGH_MANNEQUIN_PROCEDURE,IV_VASCULAR_ACCESS,pmsr:/COM9c3a174fdf7597f7e,Pitting Edema Simulator Venous Flashback Detector,family-level-curated,https://www.iso.org/standard/72704.html,https://www.iso.org/standard/72704.html,https://webstore.iec.ch/publication/67072,Family/instrument documentation used as detector plausibility evidence; needs model-specific confirmation before production publish.
pmsr:/INS1739453043505715,Pitting Edema Simulator,General Medical Device Governance,HIGH_MANNEQUIN_PROCEDURE,EDEMA_TISSUE_VOLUME,pmsr:/COM9969e8e13de7fc6ab,Pitting Edema Simulator Pitting Response Detector,family-level-curated,https://www.iso.org/standard/72704.html,https://www.iso.org/standard/72704.html,https://webstore.iec.ch/publication/67072,Family/instrument documentation used as detector plausibility evidence; needs model-specific confirmation before production publish.
pmsr:/INS1739453043505715,Pitting Edema Simulator,General Medical Device Governance,HIGH_MANNEQUIN_PROCEDURE,AIRWAY_RESPIRATORY,pmsr:/COM9cbb5fd1cf5e3d7d0,Pitting Edema Simulator Ventilation Flow Detector,family-level-curated,https://www.iso.org/standard/72704.html,https://www.iso.org/standard/72704.html,https://webstore.iec.ch/publication/67072,Family/instrument documentation used as detector plausibility evidence; needs model-specific confirmation before production publish.
pmsr:/INS1739288566447555,Portable Ultrasound,Point-of-Care Ultrasound and Imaging,IMAGING_TABLE,IMAGING_ANATOMY_SPATIAL,pmsr:/COM975afe54717c43b69,Portable Ultrasound Probe Contact Detector,instrument-specific,https://www.chison.com/products/,https://www.chison.com/products/,https://www.who.int/teams/health-product-policy-and-standards/assistive-and-medical-technology/medical-devices,Family/instrument documentation used as detector plausibility evidence; needs model-specific confirmation before production publish.
pmsr:/INS1739392122823235,Procedure Simulator,General Medical Device Governance,MEDIUM_MANNEQUIN_PROCEDURE,GENERAL_SIMULATION_OTHER,pmsr:/COM91c57557a339ede98,Procedure Simulator Interaction Event Detector,family-level-curated,https://www.iso.org/standard/72704.html,https://www.iso.org/standard/72704.html,https://webstore.iec.ch/publication/67072,Family/instrument documentation used as detector plausibility evidence; needs model-specific confirmation before production publish.
pmsr:/INS1739392122823235,Procedure Simulator,General Medical Device Governance,MEDIUM_MANNEQUIN_PROCEDURE,AIRWAY_RESPIRATORY,pmsr:/COM95604e122a9877b59,Procedure Simulator Airway Pressure Detector,family-level-curated,https://www.iso.org/standard/72704.html,https://www.iso.org/standard/72704.html,https://webstore.iec.ch/publication/67072,Family/instrument documentation used as detector plausibility evidence; needs model-specific confirmation before production publish.
pmsr:/INS1739392122823235,Procedure Simulator,General Medical Device Governance,MEDIUM_MANNEQUIN_PROCEDURE,CARDIOVASCULAR_HEMODYNAMIC,pmsr:/COM910d7dc56987bb508,Procedure Simulator Pulse Rate Detector,family-level-curated,https://www.iso.org/standard/72704.html,https://www.iso.org/standard/72704.html,https://webstore.iec.ch/publication/67072,Family/instrument documentation used as detector plausibility evidence; needs model-specific confirmation before production publish.
pmsr:/INS1739482671461295,Prostate Model,Procedure Trainers and Skills Simulators,HIGH_MANNEQUIN_PROCEDURE,SOFTWARE_WORKFLOW_STATE,pmsr:/COM942bf8e4896b84caa,Prostate Model Scenario State Detector,instrument-specific,https://www.nascohealthcare.com/,https://limbsandthings.com/us/support/,https://www.cdc.gov/infection-control/,Family/instrument documentation used as detector plausibility evidence; needs model-specific confirmation before production publish.
pmsr:/INS1739482671461295,Prostate Model,Procedure Trainers and Skills Simulators,HIGH_MANNEQUIN_PROCEDURE,AIRWAY_RESPIRATORY,pmsr:/COM91c7e3ff99239f637,Prostate Model Airway Pressure Detector,instrument-specific,https://www.nascohealthcare.com/,https://limbsandthings.com/us/support/,https://www.cdc.gov/infection-control/,Family/instrument documentation used as detector plausibility evidence; needs model-specific confirmation before production publish.
pmsr:/INS1739482671461295,Prostate Model,Procedure Trainers and Skills Simulators,HIGH_MANNEQUIN_PROCEDURE,CARDIOVASCULAR_HEMODYNAMIC,pmsr:/COM9c9ff8d56f8d7cbdd,Prostate Model Pulse Rate Detector,instrument-specific,https://www.nascohealthcare.com/,https://limbsandthings.com/us/support/,https://www.cdc.gov/infection-control/,Family/instrument documentation used as detector plausibility evidence; needs model-specific confirmation before production publish.
pmsr:/INS1739482671461295,Prostate Model,Procedure Trainers and Skills Simulators,HIGH_MANNEQUIN_PROCEDURE,PROCEDURAL_FORCE_PRESSURE,pmsr:/COM99b366402d63f7fa5,Prostate Model Applied Force Detector,instrument-specific,https://www.nascohealthcare.com/,https://limbsandthings.com/us/support/,https://www.cdc.gov/infection-control/,Family/instrument documentation used as detector plausibility evidence; needs model-specific confirmation before production publish.
pmsr:/INS1739482671461295,Prostate Model,Procedure Trainers and Skills Simulators,HIGH_MANNEQUIN_PROCEDURE,IV_VASCULAR_ACCESS,pmsr:/COM9541cc6c9e3e47ee6,Prostate Model Venous Flashback Detector,instrument-specific,https://www.nascohealthcare.com/,https://limbsandthings.com/us/support/,https://www.cdc.gov/infection-control/,Family/instrument documentation used as detector plausibility evidence; needs model-specific confirmation before production publish.
pmsr:/INS1739482671461295,Prostate Model,Procedure Trainers and Skills Simulators,HIGH_MANNEQUIN_PROCEDURE,SOFTWARE_WORKFLOW_STATE,pmsr:/COM9571e850a06f3d647,Prostate Model Action Sequence Detector,instrument-specific,https://www.nascohealthcare.com/,https://limbsandthings.com/us/support/,https://www.cdc.gov/infection-control/,Family/instrument documentation used as detector plausibility evidence; needs model-specific confirmation before production publish.
pmsr:/INS1739482671461295,Prostate Model,Procedure Trainers and Skills Simulators,HIGH_MANNEQUIN_PROCEDURE,AIRWAY_RESPIRATORY,pmsr:/COM98f3ff67643f45204,Prostate Model Ventilation Flow Detector,instrument-specific,https://www.nascohealthcare.com/,https://limbsandthings.com/us/support/,https://www.cdc.gov/infection-control/,Family/instrument documentation used as detector plausibility evidence; needs model-specific confirmation before production publish.
pmsr:/INS1739287640585765,Rectal Examination Simulator,Procedure Trainers and Skills Simulators,HIGH_MANNEQUIN_PROCEDURE,GENERAL_SIMULATION_OTHER,pmsr:/COM91180336174bbf453,Rectal Examination Simulator Interaction Event Detector,instrument-specific,https://www.nascohealthcare.com/news-and-events/local-events-news/,https://limbsandthings.com/us/support/,https://www.cdc.gov/infection-control/,Family/instrument documentation used as detector plausibility evidence; needs model-specific confirmation before production publish.
pmsr:/INS1739287640585765,Rectal Examination Simulator,Procedure Trainers and Skills Simulators,HIGH_MANNEQUIN_PROCEDURE,AIRWAY_RESPIRATORY,pmsr:/COM96cc002757e56c4f0,Rectal Examination Simulator Airway Pressure Detector,instrument-specific,https://www.nascohealthcare.com/news-and-events/local-events-news/,https://limbsandthings.com/us/support/,https://www.cdc.gov/infection-control/,Family/instrument documentation used as detector plausibility evidence; needs model-specific confirmation before production publish.
pmsr:/INS1739287640585765,Rectal Examination Simulator,Procedure Trainers and Skills Simulators,HIGH_MANNEQUIN_PROCEDURE,CARDIOVASCULAR_HEMODYNAMIC,pmsr:/COM98b4114bfe542f34f,Rectal Examination Simulator Pulse Rate Detector,instrument-specific,https://www.nascohealthcare.com/news-and-events/local-events-news/,https://limbsandthings.com/us/support/,https://www.cdc.gov/infection-control/,Family/instrument documentation used as detector plausibility evidence; needs model-specific confirmation before production publish.
pmsr:/INS1739287640585765,Rectal Examination Simulator,Procedure Trainers and Skills Simulators,HIGH_MANNEQUIN_PROCEDURE,PROCEDURAL_FORCE_PRESSURE,pmsr:/COM9b0f7b6492897059a,Rectal Examination Simulator Applied Force Detector,instrument-specific,https://www.nascohealthcare.com/news-and-events/local-events-news/,https://limbsandthings.com/us/support/,https://www.cdc.gov/infection-control/,Family/instrument documentation used as detector plausibility evidence; needs model-specific confirmation before production publish.
pmsr:/INS1739287640585765,Rectal Examination Simulator,Procedure Trainers and Skills Simulators,HIGH_MANNEQUIN_PROCEDURE,IV_VASCULAR_ACCESS,pmsr:/COM926231690af4490a4,Rectal Examination Simulator Venous Flashback Detector,instrument-specific,https://www.nascohealthcare.com/news-and-events/local-events-news/,https://limbsandthings.com/us/support/,https://www.cdc.gov/infection-control/,Family/instrument documentation used as detector plausibility evidence; needs model-specific confirmation before production publish.
pmsr:/INS1739287640585765,Rectal Examination Simulator,Procedure Trainers and Skills Simulators,HIGH_MANNEQUIN_PROCEDURE,GENERAL_SIMULATION_OTHER,pmsr:/COM9ffe27a9e36b56690,Rectal Examination Simulator Procedure Completion Detector,instrument-specific,https://www.nascohealthcare.com/news-and-events/local-events-news/,https://limbsandthings.com/us/support/,https://www.cdc.gov/infection-control/,Family/instrument documentation used as detector plausibility evidence; needs model-specific confirmation before production publish.
pmsr:/INS1739287640585765,Rectal Examination Simulator,Procedure Trainers and Skills Simulators,HIGH_MANNEQUIN_PROCEDURE,AIRWAY_RESPIRATORY,pmsr:/COM9b0a625fabd3fd029,Rectal Examination Simulator Ventilation Flow Detector,instrument-specific,https://www.nascohealthcare.com/news-and-events/local-events-news/,https://limbsandthings.com/us/support/,https://www.cdc.gov/infection-control/,Family/instrument documentation used as detector plausibility evidence; needs model-specific confirmation before production publish.
pmsr:/INS1739402477829135,Rectal Medicine Administration Simulator,Procedure Trainers and Skills Simulators,HIGH_MANNEQUIN_PROCEDURE,GENERAL_SIMULATION_OTHER,pmsr:/COM9a57fbd9dc7e5f714,Rectal Medicine Administration Simulator Interaction Event Detector,family-level-curated,https://limbsandthings.com/us/support/,https://limbsandthings.com/us/support/,https://www.cdc.gov/infection-control/,Family/instrument documentation used as detector plausibility evidence; needs model-specific confirmation before production publish.
pmsr:/INS1739402477829135,Rectal Medicine Administration Simulator,Procedure Trainers and Skills Simulators,HIGH_MANNEQUIN_PROCEDURE,AIRWAY_RESPIRATORY,pmsr:/COM96f52833f2533fe79,Rectal Medicine Administration Simulator Airway Pressure Detector,family-level-curated,https://limbsandthings.com/us/support/,https://limbsandthings.com/us/support/,https://www.cdc.gov/infection-control/,Family/instrument documentation used as detector plausibility evidence; needs model-specific confirmation before production publish.
pmsr:/INS1739402477829135,Rectal Medicine Administration Simulator,Procedure Trainers and Skills Simulators,HIGH_MANNEQUIN_PROCEDURE,CARDIOVASCULAR_HEMODYNAMIC,pmsr:/COM91c22e7c1293ba759,Rectal Medicine Administration Simulator Pulse Rate Detector,family-level-curated,https://limbsandthings.com/us/support/,https://limbsandthings.com/us/support/,https://www.cdc.gov/infection-control/,Family/instrument documentation used as detector plausibility evidence; needs model-specific confirmation before production publish.
pmsr:/INS1739402477829135,Rectal Medicine Administration Simulator,Procedure Trainers and Skills Simulators,HIGH_MANNEQUIN_PROCEDURE,PROCEDURAL_FORCE_PRESSURE,pmsr:/COM98d1a2dc5f00f99d6,Rectal Medicine Administration Simulator Applied Force Detector,family-level-curated,https://limbsandthings.com/us/support/,https://limbsandthings.com/us/support/,https://www.cdc.gov/infection-control/,Family/instrument documentation used as detector plausibility evidence; needs model-specific confirmation before production publish.
pmsr:/INS1739402477829135,Rectal Medicine Administration Simulator,Procedure Trainers and Skills Simulators,HIGH_MANNEQUIN_PROCEDURE,IV_VASCULAR_ACCESS,pmsr:/COM97ada8062e60b4897,Rectal Medicine Administration Simulator Venous Flashback Detector,family-level-curated,https://limbsandthings.com/us/support/,https://limbsandthings.com/us/support/,https://www.cdc.gov/infection-control/,Family/instrument documentation used as detector plausibility evidence; needs model-specific confirmation before production publish.
pmsr:/INS1739402477829135,Rectal Medicine Administration Simulator,Procedure Trainers and Skills Simulators,HIGH_MANNEQUIN_PROCEDURE,GENERAL_SIMULATION_OTHER,pmsr:/COM9a4ee6fd9055b152a,Rectal Medicine Administration Simulator Procedure Completion Detector,family-level-curated,https://limbsandthings.com/us/support/,https://limbsandthings.com/us/support/,https://www.cdc.gov/infection-control/,Family/instrument documentation used as detector plausibility evidence; needs model-specific confirmation before production publish.
pmsr:/INS1739402477829135,Rectal Medicine Administration Simulator,Procedure Trainers and Skills Simulators,HIGH_MANNEQUIN_PROCEDURE,AIRWAY_RESPIRATORY,pmsr:/COM959faf819b96a63f8,Rectal Medicine Administration Simulator Ventilation Flow Detector,family-level-curated,https://limbsandthings.com/us/support/,https://limbsandthings.com/us/support/,https://www.cdc.gov/infection-control/,Family/instrument documentation used as detector plausibility evidence; needs model-specific confirmation before production publish.
pmsr:/INS1739392275798255,ResusciAnne DAE Simulator,Resuscitation and Mannequin Platforms,HIGH_MANNEQUIN_PROCEDURE,CARDIOVASCULAR_HEMODYNAMIC,pmsr:/COM9960da7692e99bb20,ResusciAnne DAE Simulator Pulse Rate Detector,instrument-specific,https://laerdal.com/us/products/simulation-training/,https://laerdal.force.com/HelpCenter/s/,https://cpr.heart.org/en/resuscitation-science/cpr-and-ecc-guidelines,Family/instrument documentation used as detector plausibility evidence; needs model-specific confirmation before production publish.
pmsr:/INS1739392275798255,ResusciAnne DAE Simulator,Resuscitation and Mannequin Platforms,HIGH_MANNEQUIN_PROCEDURE,AIRWAY_RESPIRATORY,pmsr:/COM9d7d66aa366c4f494,ResusciAnne DAE Simulator Airway Pressure Detector,instrument-specific,https://laerdal.com/us/products/simulation-training/,https://laerdal.force.com/HelpCenter/s/,https://cpr.heart.org/en/resuscitation-science/cpr-and-ecc-guidelines,Family/instrument documentation used as detector plausibility evidence; needs model-specific confirmation before production publish.
pmsr:/INS1739392275798255,ResusciAnne DAE Simulator,Resuscitation and Mannequin Platforms,HIGH_MANNEQUIN_PROCEDURE,PROCEDURAL_FORCE_PRESSURE,pmsr:/COM978fc96aff163d1e0,ResusciAnne DAE Simulator Applied Force Detector,instrument-specific,https://laerdal.com/us/products/simulation-training/,https://laerdal.force.com/HelpCenter/s/,https://cpr.heart.org/en/resuscitation-science/cpr-and-ecc-guidelines,Family/instrument documentation used as detector plausibility evidence; needs model-specific confirmation before production publish.
pmsr:/INS1739392275798255,ResusciAnne DAE Simulator,Resuscitation and Mannequin Platforms,HIGH_MANNEQUIN_PROCEDURE,IV_VASCULAR_ACCESS,pmsr:/COM9caaedbf5138894bd,ResusciAnne DAE Simulator Venous Flashback Detector,instrument-specific,https://laerdal.com/us/products/simulation-training/,https://laerdal.force.com/HelpCenter/s/,https://cpr.heart.org/en/resuscitation-science/cpr-and-ecc-guidelines,Family/instrument documentation used as detector plausibility evidence; needs model-specific confirmation before production publish.
pmsr:/INS1739392275798255,ResusciAnne DAE Simulator,Resuscitation and Mannequin Platforms,HIGH_MANNEQUIN_PROCEDURE,CARDIOVASCULAR_HEMODYNAMIC,pmsr:/COM9816d24c0c74717d4,ResusciAnne DAE Simulator ECG Rhythm Detector,instrument-specific,https://laerdal.com/us/products/simulation-training/,https://laerdal.force.com/HelpCenter/s/,https://cpr.heart.org/en/resuscitation-science/cpr-and-ecc-guidelines,Family/instrument documentation used as detector plausibility evidence; needs model-specific confirmation before production publish.
pmsr:/INS1739392275798255,ResusciAnne DAE Simulator,Resuscitation and Mannequin Platforms,HIGH_MANNEQUIN_PROCEDURE,AIRWAY_RESPIRATORY,pmsr:/COM982078f1834da2585,ResusciAnne DAE Simulator Ventilation Flow Detector,instrument-specific,https://laerdal.com/us/products/simulation-training/,https://laerdal.force.com/HelpCenter/s/,https://cpr.heart.org/en/resuscitation-science/cpr-and-ecc-guidelines,Family/instrument documentation used as detector plausibility evidence; needs model-specific confirmation before production publish.
pmsr:/INS1739392275798255,ResusciAnne DAE Simulator,Resuscitation and Mannequin Platforms,HIGH_MANNEQUIN_PROCEDURE,PROCEDURAL_FORCE_PRESSURE,pmsr:/COM9d29656bc6a4d0a1a,ResusciAnne DAE Simulator Compression Depth Detector,instrument-specific,https://laerdal.com/us/products/simulation-training/,https://laerdal.force.com/HelpCenter/s/,https://cpr.heart.org/en/resuscitation-science/cpr-and-ecc-guidelines,Family/instrument documentation used as detector plausibility evidence; needs model-specific confirmation before production publish.
pmsr:/INS1739452868256965,SimSleeves Lymphedema Simulator,General Medical Device Governance,HIGH_MANNEQUIN_PROCEDURE,EDEMA_TISSUE_VOLUME,pmsr:/COM9619086d7bbcc9226,SimSleeves Lymphedema Simulator Tissue Volume Change Detector,family-level-curated,https://www.iso.org/standard/72704.html,https://www.iso.org/standard/72704.html,https://webstore.iec.ch/publication/67072,Family/instrument documentation used as detector plausibility evidence; needs model-specific confirmation before production publish.
pmsr:/INS1739452868256965,SimSleeves Lymphedema Simulator,General Medical Device Governance,HIGH_MANNEQUIN_PROCEDURE,AIRWAY_RESPIRATORY,pmsr:/COM99a70c66f3516daf8,SimSleeves Lymphedema Simulator Airway Pressure Detector,family-level-curated,https://www.iso.org/standard/72704.html,https://www.iso.org/standard/72704.html,https://webstore.iec.ch/publication/67072,Family/instrument documentation used as detector plausibility evidence; needs model-specific confirmation before production publish.
pmsr:/INS1739452868256965,SimSleeves Lymphedema Simulator,General Medical Device Governance,HIGH_MANNEQUIN_PROCEDURE,CARDIOVASCULAR_HEMODYNAMIC,pmsr:/COM91cf267dc92161336,SimSleeves Lymphedema Simulator Pulse Rate Detector,family-level-curated,https://www.iso.org/standard/72704.html,https://www.iso.org/standard/72704.html,https://webstore.iec.ch/publication/67072,Family/instrument documentation used as detector plausibility evidence; needs model-specific confirmation before production publish.
pmsr:/INS1739452868256965,SimSleeves Lymphedema Simulator,General Medical Device Governance,HIGH_MANNEQUIN_PROCEDURE,PROCEDURAL_FORCE_PRESSURE,pmsr:/COM9f5958f6ad98f1a7c,SimSleeves Lymphedema Simulator Applied Force Detector,family-level-curated,https://www.iso.org/standard/72704.html,https://www.iso.org/standard/72704.html,https://webstore.iec.ch/publication/67072,Family/instrument documentation used as detector plausibility evidence; needs model-specific confirmation before production publish.
pmsr:/INS1739452868256965,SimSleeves Lymphedema Simulator,General Medical Device Governance,HIGH_MANNEQUIN_PROCEDURE,IV_VASCULAR_ACCESS,pmsr:/COM9d8c291695893b5e6,SimSleeves Lymphedema Simulator Venous Flashback Detector,family-level-curated,https://www.iso.org/standard/72704.html,https://www.iso.org/standard/72704.html,https://webstore.iec.ch/publication/67072,Family/instrument documentation used as detector plausibility evidence; needs model-specific confirmation before production publish.
pmsr:/INS1739452868256965,SimSleeves Lymphedema Simulator,General Medical Device Governance,HIGH_MANNEQUIN_PROCEDURE,EDEMA_TISSUE_VOLUME,pmsr:/COM9cfc99b1c5027da1a,SimSleeves Lymphedema Simulator Pitting Response Detector,family-level-curated,https://www.iso.org/standard/72704.html,https://www.iso.org/standard/72704.html,https://webstore.iec.ch/publication/67072,Family/instrument documentation used as detector plausibility evidence; needs model-specific confirmation before production publish.
pmsr:/INS1739452868256965,SimSleeves Lymphedema Simulator,General Medical Device Governance,HIGH_MANNEQUIN_PROCEDURE,AIRWAY_RESPIRATORY,pmsr:/COM97edd30ae5b4d72f6,SimSleeves Lymphedema Simulator Ventilation Flow Detector,family-level-curated,https://www.iso.org/standard/72704.html,https://www.iso.org/standard/72704.html,https://webstore.iec.ch/publication/67072,Family/instrument documentation used as detector plausibility evidence; needs model-specific confirmation before production publish.
pmsr:/INS1739452783104705,Skin Care Procedure Simulator,General Medical Device Governance,MEDIUM_MANNEQUIN_PROCEDURE,GENERAL_SIMULATION_OTHER,pmsr:/COM9a01236aef7b529fc,Skin Care Procedure Simulator Interaction Event Detector,family-level-curated,https://www.iso.org/standard/72704.html,https://www.iso.org/standard/72704.html,https://webstore.iec.ch/publication/67072,Family/instrument documentation used as detector plausibility evidence; needs model-specific confirmation before production publish.
pmsr:/INS1739452783104705,Skin Care Procedure Simulator,General Medical Device Governance,MEDIUM_MANNEQUIN_PROCEDURE,AIRWAY_RESPIRATORY,pmsr:/COM91894acc6f27faaa5,Skin Care Procedure Simulator Airway Pressure Detector,family-level-curated,https://www.iso.org/standard/72704.html,https://www.iso.org/standard/72704.html,https://webstore.iec.ch/publication/67072,Family/instrument documentation used as detector plausibility evidence; needs model-specific confirmation before production publish.
pmsr:/INS1739452783104705,Skin Care Procedure Simulator,General Medical Device Governance,MEDIUM_MANNEQUIN_PROCEDURE,CARDIOVASCULAR_HEMODYNAMIC,pmsr:/COM90337644b97730531,Skin Care Procedure Simulator Pulse Rate Detector,family-level-curated,https://www.iso.org/standard/72704.html,https://www.iso.org/standard/72704.html,https://webstore.iec.ch/publication/67072,Family/instrument documentation used as detector plausibility evidence; needs model-specific confirmation before production publish.
pmsr:/INS1739401836683455,Stomach Bag Maintenance Simulator,Procedure Trainers and Skills Simulators,MEDIUM_MANNEQUIN_PROCEDURE,AIRWAY_RESPIRATORY,pmsr:/COM9c287c422efac4ec7,Stomach Bag Maintenance Simulator Airway Pressure Detector,instrument-specific,https://www.nascohealthcare.com/online-orders-terms-and-conditions-of-sale/,https://limbsandthings.com/us/support/,https://www.cdc.gov/infection-control/,Family/instrument documentation used as detector plausibility evidence; needs model-specific confirmation before production publish.
pmsr:/INS1739401836683455,Stomach Bag Maintenance Simulator,Procedure Trainers and Skills Simulators,MEDIUM_MANNEQUIN_PROCEDURE,CARDIOVASCULAR_HEMODYNAMIC,pmsr:/COM9e085978ccb06b563,Stomach Bag Maintenance Simulator Pulse Rate Detector,instrument-specific,https://www.nascohealthcare.com/online-orders-terms-and-conditions-of-sale/,https://limbsandthings.com/us/support/,https://www.cdc.gov/infection-control/,Family/instrument documentation used as detector plausibility evidence; needs model-specific confirmation before production publish.
pmsr:/INS1739401836683455,Stomach Bag Maintenance Simulator,Procedure Trainers and Skills Simulators,MEDIUM_MANNEQUIN_PROCEDURE,PROCEDURAL_FORCE_PRESSURE,pmsr:/COM955935d04dca458a5,Stomach Bag Maintenance Simulator Applied Force Detector,instrument-specific,https://www.nascohealthcare.com/online-orders-terms-and-conditions-of-sale/,https://limbsandthings.com/us/support/,https://www.cdc.gov/infection-control/,Family/instrument documentation used as detector plausibility evidence; needs model-specific confirmation before production publish.
pmsr:/INS1739301891301765,Suture Simulator,Procedure Trainers and Skills Simulators,MEDIUM_MANNEQUIN_PROCEDURE,GENERAL_SIMULATION_OTHER,pmsr:/COM9890c704291e28d1f,Suture Simulator Interaction Event Detector,instrument-specific,https://www.nascohealthcare.com/,https://limbsandthings.com/us/support/,https://www.cdc.gov/infection-control/,Family/instrument documentation used as detector plausibility evidence; needs model-specific confirmation before production publish.
pmsr:/INS1739301891301765,Suture Simulator,Procedure Trainers and Skills Simulators,MEDIUM_MANNEQUIN_PROCEDURE,AIRWAY_RESPIRATORY,pmsr:/COM959ccc3368e3f5620,Suture Simulator Airway Pressure Detector,instrument-specific,https://www.nascohealthcare.com/,https://limbsandthings.com/us/support/,https://www.cdc.gov/infection-control/,Family/instrument documentation used as detector plausibility evidence; needs model-specific confirmation before production publish.
pmsr:/INS1739301891301765,Suture Simulator,Procedure Trainers and Skills Simulators,MEDIUM_MANNEQUIN_PROCEDURE,CARDIOVASCULAR_HEMODYNAMIC,pmsr:/COM9345ec3757a135c9d,Suture Simulator Pulse Rate Detector,instrument-specific,https://www.nascohealthcare.com/,https://limbsandthings.com/us/support/,https://www.cdc.gov/infection-control/,Family/instrument documentation used as detector plausibility evidence; needs model-specific confirmation before production publish.
pmsr:/INS1739288428472235,Ultrasound,Point-of-Care Ultrasound and Imaging,IMAGING_TABLE,IMAGING_ANATOMY_SPATIAL,pmsr:/COM9588e6e7b70b89a74,Ultrasound Probe Contact Detector,instrument-specific,https://www.chison.com/products/,https://www.chison.com/products/,https://www.who.int/teams/health-product-policy-and-standards/assistive-and-medical-technology/medical-devices,Family/instrument documentation used as detector plausibility evidence; needs model-specific confirmation before production publish.
pmsr:/INS1739401657491675,Urine Bag Maintenance Simulator,Procedure Trainers and Skills Simulators,MEDIUM_MANNEQUIN_PROCEDURE,GENERAL_SIMULATION_OTHER,pmsr:/COM9426af93ae62fab70,Urine Bag Maintenance Simulator Interaction Event Detector,instrument-specific,https://www.nascohealthcare.com/online-orders-terms-and-conditions-of-sale/,https://limbsandthings.com/us/support/,https://www.cdc.gov/infection-control/,Family/instrument documentation used as detector plausibility evidence; needs model-specific confirmation before production publish.
pmsr:/INS1739401657491675,Urine Bag Maintenance Simulator,Procedure Trainers and Skills Simulators,MEDIUM_MANNEQUIN_PROCEDURE,AIRWAY_RESPIRATORY,pmsr:/COM980e56f22300513df,Urine Bag Maintenance Simulator Airway Pressure Detector,instrument-specific,https://www.nascohealthcare.com/online-orders-terms-and-conditions-of-sale/,https://limbsandthings.com/us/support/,https://www.cdc.gov/infection-control/,Family/instrument documentation used as detector plausibility evidence; needs model-specific confirmation before production publish.
pmsr:/INS1739401657491675,Urine Bag Maintenance Simulator,Procedure Trainers and Skills Simulators,MEDIUM_MANNEQUIN_PROCEDURE,CARDIOVASCULAR_HEMODYNAMIC,pmsr:/COM96422618712037a36,Urine Bag Maintenance Simulator Pulse Rate Detector,instrument-specific,https://www.nascohealthcare.com/online-orders-terms-and-conditions-of-sale/,https://limbsandthings.com/us/support/,https://www.cdc.gov/infection-control/,Family/instrument documentation used as detector plausibility evidence; needs model-specific confirmation before production publish.
pmsr:/INS1739402585415785,Vaginal Medicine Administration Simulator,General Medical Device Governance,MEDIUM_MANNEQUIN_PROCEDURE,GENERAL_SIMULATION_OTHER,pmsr:/COM966811d1a69c6d18e,Vaginal Medicine Administration Simulator Interaction Event Detector,instrument-specific,https://www.fda.gov/medsun-medical-product-safety-network,https://www.iso.org/standard/72704.html,https://webstore.iec.ch/publication/67072,Family/instrument documentation used as detector plausibility evidence; needs model-specific confirmation before production publish.
pmsr:/INS1739402585415785,Vaginal Medicine Administration Simulator,General Medical Device Governance,MEDIUM_MANNEQUIN_PROCEDURE,AIRWAY_RESPIRATORY,pmsr:/COM998c1e25534301edf,Vaginal Medicine Administration Simulator Airway Pressure Detector,instrument-specific,https://www.fda.gov/medsun-medical-product-safety-network,https://www.iso.org/standard/72704.html,https://webstore.iec.ch/publication/67072,Family/instrument documentation used as detector plausibility evidence; needs model-specific confirmation before production publish.
pmsr:/INS1739402585415785,Vaginal Medicine Administration Simulator,General Medical Device Governance,MEDIUM_MANNEQUIN_PROCEDURE,CARDIOVASCULAR_HEMODYNAMIC,pmsr:/COM92c9f95202c7e7c2b,Vaginal Medicine Administration Simulator Pulse Rate Detector,instrument-specific,https://www.fda.gov/medsun-medical-product-safety-network,https://www.iso.org/standard/72704.html,https://webstore.iec.ch/publication/67072,Family/instrument documentation used as detector plausibility evidence; needs model-specific confirmation before production publish.
pmsr:/INS1739302175458785,Vascular Access Simulator,Procedure Trainers and Skills Simulators,MEDIUM_MANNEQUIN_PROCEDURE,GENERAL_SIMULATION_OTHER,pmsr:/COM9f6f9ae07599d51ff,Vascular Access Simulator Interaction Event Detector,family-level-curated,https://limbsandthings.com/us/support/,https://limbsandthings.com/us/support/,https://www.cdc.gov/infection-control/,Family/instrument documentation used as detector plausibility evidence; needs model-specific confirmation before production publish.
pmsr:/INS1739302175458785,Vascular Access Simulator,Procedure Trainers and Skills Simulators,MEDIUM_MANNEQUIN_PROCEDURE,AIRWAY_RESPIRATORY,pmsr:/COM9a1ebe275b2fdc00c,Vascular Access Simulator Airway Pressure Detector,family-level-curated,https://limbsandthings.com/us/support/,https://limbsandthings.com/us/support/,https://www.cdc.gov/infection-control/,Family/instrument documentation used as detector plausibility evidence; needs model-specific confirmation before production publish.
pmsr:/INS1739302175458785,Vascular Access Simulator,Procedure Trainers and Skills Simulators,MEDIUM_MANNEQUIN_PROCEDURE,CARDIOVASCULAR_HEMODYNAMIC,pmsr:/COM98c0899e98cf33fab,Vascular Access Simulator Pulse Rate Detector,family-level-curated,https://limbsandthings.com/us/support/,https://limbsandthings.com/us/support/,https://www.cdc.gov/infection-control/,Family/instrument documentation used as detector plausibility evidence; needs model-specific confirmation before production publish.
pmsr:/INS1739288297796655,Vascular Access Ultrasound Simulator,Point-of-Care Ultrasound and Imaging,IMAGING_TABLE,IMAGING_ANATOMY_SPATIAL,pmsr:/COM926891c43f0462ad6,Vascular Access Ultrasound Simulator Probe Contact Detector,family-level-curated,https://www.chison.com/products/,https://www.chison.com/products/,https://www.who.int/teams/health-product-policy-and-standards/assistive-and-medical-technology/medical-devices,Family/instrument documentation used as detector plausibility evidence; needs model-specific confirmation before production publish.
pmsr:/INS1739303008518495,Ventilator Care Simulator,General Medical Device Governance,MEDIUM_MANNEQUIN_PROCEDURE,IV_VASCULAR_ACCESS,pmsr:/COM96138da5794e7bc8b,Ventilator Care Simulator Venous Flashback Detector,family-level-curated,https://www.iso.org/standard/72704.html,https://www.iso.org/standard/72704.html,https://webstore.iec.ch/publication/67072,Family/instrument documentation used as detector plausibility evidence; needs model-specific confirmation before production publish.
pmsr:/INS1739303008518495,Ventilator Care Simulator,General Medical Device Governance,MEDIUM_MANNEQUIN_PROCEDURE,AIRWAY_RESPIRATORY,pmsr:/COM95ba0875fb0e99ffa,Ventilator Care Simulator Airway Pressure Detector,family-level-curated,https://www.iso.org/standard/72704.html,https://www.iso.org/standard/72704.html,https://webstore.iec.ch/publication/67072,Family/instrument documentation used as detector plausibility evidence; needs model-specific confirmation before production publish.
pmsr:/INS1739303008518495,Ventilator Care Simulator,General Medical Device Governance,MEDIUM_MANNEQUIN_PROCEDURE,CARDIOVASCULAR_HEMODYNAMIC,pmsr:/COM9b55943467355f1e1,Ventilator Care Simulator Pulse Rate Detector,family-level-curated,https://www.iso.org/standard/72704.html,https://www.iso.org/standard/72704.html,https://webstore.iec.ch/publication/67072,Family/instrument documentation used as detector plausibility evidence; needs model-specific confirmation before production publish.
