rank,priority_band,priority_rationale,action_class,instrument_uri,instrument_label,component_uri,component_label,doc_family,current_reachable_urls,current_blocked_urls,suggested_source_target,recommended_action,status,live_candidate_urls_by_family,has_live_candidates,needs_link_replacement,needs_component_specific_upgrade,next_step
,,,REPLACE_BROKEN_LINKS,pmsr:/INS1739398437257165,Airway Simulator,pmsr:/COM1786054978466074000,Airway Simulator Actuator,Procedure Trainers and Skills Simulators,,https://limbsandthings.com/us/support/ (404; HTTPError 404: Not Found) | https://www.cdc.gov/infection-control/ (403; HTTPError 403: Forbidden),Limbs & Things/Nasco model manuals and replacement parts documentation for exact simulator model.,Replace blocked/dead URLs with live vendor/model documents and confirm HTTP 200 accessibility.,TODO,https://www.nascohealthcare.com/,yes,yes,no,Replace blocked URLs with one live candidate URL; then seek component-specific model page beneath that domain.
,,,REPLACE_BROKEN_LINKS,pmsr:/INS1739398437257165,Airway Simulator,pmsr:/COM1786054978466068000,Airway Simulator Detector,Procedure Trainers and Skills Simulators,,https://limbsandthings.com/us/support/ (404; HTTPError 404: Not Found) | https://www.cdc.gov/infection-control/ (403; HTTPError 403: Forbidden),Limbs & Things/Nasco model manuals and replacement parts documentation for exact simulator model.,Replace blocked/dead URLs with live vendor/model documents and confirm HTTP 200 accessibility.,TODO,https://www.nascohealthcare.com/,yes,yes,no,Replace blocked URLs with one live candidate URL; then seek component-specific model page beneath that domain.
,,,REPLACE_BROKEN_LINKS,pmsr:/INS1739301317613705,Automated External Defibrilator,pmsr:/COM1786054978466184000,Automated External Defibrilator Actuator,Resuscitation and Mannequin Platforms,,https://laerdal.force.com/HelpCenter/s/ (404; HTTPError 404: Not Found) | https://cpr.heart.org/en/resuscitation-science/cpr-and-ecc-guidelines (403; HTTPError 403: Forbidden),"Vendor model manual/IFU from Laerdal product/support pages, plus component-specific accessories docs.",Replace blocked/dead URLs with live vendor/model documents and confirm HTTP 200 accessibility.,TODO,https://laerdal.com/us/products/simulation-training/,yes,yes,no,Replace blocked URLs with one live candidate URL; then seek component-specific model page beneath that domain.
,,,REPLACE_BROKEN_LINKS,pmsr:/INS1739301317613705,Automated External Defibrilator,pmsr:/COM1786054978466180000,Automated External Defibrilator Detector,Resuscitation and Mannequin Platforms,,https://laerdal.force.com/HelpCenter/s/ (404; HTTPError 404: Not Found) | https://cpr.heart.org/en/resuscitation-science/cpr-and-ecc-guidelines (403; HTTPError 403: Forbidden),"Vendor model manual/IFU from Laerdal product/support pages, plus component-specific accessories docs.",Replace blocked/dead URLs with live vendor/model documents and confirm HTTP 200 accessibility.,TODO,https://laerdal.com/us/products/simulation-training/,yes,yes,no,Replace blocked URLs with one live candidate URL; then seek component-specific model page beneath that domain.
,,,REPLACE_BROKEN_LINKS,pmsr:/INS1739403188428355,Female Genitalia Catherization Simulator,pmsr:/COM1786054978466447000,Female Genitalia Catherization Simulator Actuator,Procedure Trainers and Skills Simulators,,https://limbsandthings.com/us/support/ (404; HTTPError 404: Not Found) | https://www.cdc.gov/infection-control/ (403; HTTPError 403: Forbidden),Limbs & Things/Nasco model manuals and replacement parts documentation for exact simulator model.,Replace blocked/dead URLs with live vendor/model documents and confirm HTTP 200 accessibility.,TODO,https://www.nascohealthcare.com/,yes,yes,no,Replace blocked URLs with one live candidate URL; then seek component-specific model page beneath that domain.
,,,REPLACE_BROKEN_LINKS,pmsr:/INS1739403188428355,Female Genitalia Catherization Simulator,pmsr:/COM1786054978466443000,Female Genitalia Catherization Simulator Detector,Procedure Trainers and Skills Simulators,,https://limbsandthings.com/us/support/ (404; HTTPError 404: Not Found) | https://www.cdc.gov/infection-control/ (403; HTTPError 403: Forbidden),Limbs & Things/Nasco model manuals and replacement parts documentation for exact simulator model.,Replace blocked/dead URLs with live vendor/model documents and confirm HTTP 200 accessibility.,TODO,https://www.nascohealthcare.com/,yes,yes,no,Replace blocked URLs with one live candidate URL; then seek component-specific model page beneath that domain.
,,,REPLACE_BROKEN_LINKS,pmsr:/INS1739397556188145,Gynaecological Examination Mannequin,pmsr:/COM1786054978466482000,Gynaecological Examination Mannequin Actuator,Resuscitation and Mannequin Platforms,,https://laerdal.force.com/HelpCenter/s/ (404; HTTPError 404: Not Found) | https://cpr.heart.org/en/resuscitation-science/cpr-and-ecc-guidelines (403; HTTPError 403: Forbidden),"Vendor model manual/IFU from Laerdal product/support pages, plus component-specific accessories docs.",Replace blocked/dead URLs with live vendor/model documents and confirm HTTP 200 accessibility.,TODO,https://laerdal.com/us/products/simulation-training/,yes,yes,no,Replace blocked URLs with one live candidate URL; then seek component-specific model page beneath that domain.
,,,REPLACE_BROKEN_LINKS,pmsr:/INS1739397556188145,Gynaecological Examination Mannequin,pmsr:/COM1786054978466477000,Gynaecological Examination Mannequin Detector,Resuscitation and Mannequin Platforms,,https://laerdal.force.com/HelpCenter/s/ (404; HTTPError 404: Not Found) | https://cpr.heart.org/en/resuscitation-science/cpr-and-ecc-guidelines (403; HTTPError 403: Forbidden),"Vendor model manual/IFU from Laerdal product/support pages, plus component-specific accessories docs.",Replace blocked/dead URLs with live vendor/model documents and confirm HTTP 200 accessibility.,TODO,https://laerdal.com/us/products/simulation-training/,yes,yes,no,Replace blocked URLs with one live candidate URL; then seek component-specific model page beneath that domain.
,,,REPLACE_BROKEN_LINKS,pmsr:/INS1739287159797795,High-Fidelity Mannequin,pmsr:/COM1786054978466499000,High-Fidelity Mannequin Actuator,Resuscitation and Mannequin Platforms,,https://laerdal.force.com/HelpCenter/s/ (404; HTTPError 404: Not Found) | https://cpr.heart.org/en/resuscitation-science/cpr-and-ecc-guidelines (403; HTTPError 403: Forbidden),"Vendor model manual/IFU from Laerdal product/support pages, plus component-specific accessories docs.",Replace blocked/dead URLs with live vendor/model documents and confirm HTTP 200 accessibility.,TODO,https://laerdal.com/us/products/simulation-training/,yes,yes,no,Replace blocked URLs with one live candidate URL; then seek component-specific model page beneath that domain.
,,,REPLACE_BROKEN_LINKS,pmsr:/INS1739287159797795,High-Fidelity Mannequin,pmsr:/COM1786054978466495000,High-Fidelity Mannequin Detector,Resuscitation and Mannequin Platforms,,https://laerdal.force.com/HelpCenter/s/ (404; HTTPError 404: Not Found) | https://cpr.heart.org/en/resuscitation-science/cpr-and-ecc-guidelines (403; HTTPError 403: Forbidden),"Vendor model manual/IFU from Laerdal product/support pages, plus component-specific accessories docs.",Replace blocked/dead URLs with live vendor/model documents and confirm HTTP 200 accessibility.,TODO,https://laerdal.com/us/products/simulation-training/,yes,yes,no,Replace blocked URLs with one live candidate URL; then seek component-specific model page beneath that domain.
,,,REPLACE_BROKEN_LINKS,pmsr:/INS1739402037946315,IV Fluid Administration,pmsr:/COM1786054978466517000,IV Fluid Administration Actuator,Procedure Trainers and Skills Simulators,,https://limbsandthings.com/us/support/ (404; HTTPError 404: Not Found) | https://www.cdc.gov/infection-control/ (403; HTTPError 403: Forbidden),Limbs & Things/Nasco model manuals and replacement parts documentation for exact simulator model.,Replace blocked/dead URLs with live vendor/model documents and confirm HTTP 200 accessibility.,TODO,https://www.nascohealthcare.com/,yes,yes,no,Replace blocked URLs with one live candidate URL; then seek component-specific model page beneath that domain.
,,,REPLACE_BROKEN_LINKS,pmsr:/INS1739402037946315,IV Fluid Administration,pmsr:/COM1786054978466513000,IV Fluid Administration Detector,Procedure Trainers and Skills Simulators,,https://limbsandthings.com/us/support/ (404; HTTPError 404: Not Found) | https://www.cdc.gov/infection-control/ (403; HTTPError 403: Forbidden),Limbs & Things/Nasco model manuals and replacement parts documentation for exact simulator model.,Replace blocked/dead URLs with live vendor/model documents and confirm HTTP 200 accessibility.,TODO,https://www.nascohealthcare.com/,yes,yes,no,Replace blocked URLs with one live candidate URL; then seek component-specific model page beneath that domain.
,,,REPLACE_BROKEN_LINKS,pmsr:/INS1739487989328225,Laerdal ALS Baby Trainer 200,pmsr:/COM1786054978466594000,Laerdal ALS Baby Trainer 200 Actuator,Resuscitation and Mannequin Platforms,,https://laerdal.force.com/HelpCenter/s/ (404; HTTPError 404: Not Found) | https://cpr.heart.org/en/resuscitation-science/cpr-and-ecc-guidelines (403; HTTPError 403: Forbidden),"Vendor model manual/IFU from Laerdal product/support pages, plus component-specific accessories docs.",Replace blocked/dead URLs with live vendor/model documents and confirm HTTP 200 accessibility.,TODO,https://laerdal.com/us/products/simulation-training/,yes,yes,no,Replace blocked URLs with one live candidate URL; then seek component-specific model page beneath that domain.
,,,REPLACE_BROKEN_LINKS,pmsr:/INS1739487989328225,Laerdal ALS Baby Trainer 200,pmsr:/COM1786054978466590000,Laerdal ALS Baby Trainer 200 Detector,Resuscitation and Mannequin Platforms,,https://laerdal.force.com/HelpCenter/s/ (404; HTTPError 404: Not Found) | https://cpr.heart.org/en/resuscitation-science/cpr-and-ecc-guidelines (403; HTTPError 403: Forbidden),"Vendor model manual/IFU from Laerdal product/support pages, plus component-specific accessories docs.",Replace blocked/dead URLs with live vendor/model documents and confirm HTTP 200 accessibility.,TODO,https://laerdal.com/us/products/simulation-training/,yes,yes,no,Replace blocked URLs with one live candidate URL; then seek component-specific model page beneath that domain.
,,,REPLACE_BROKEN_LINKS,pmsr:/INS1739398519577895,Laerdal Airway Simulator,pmsr:/COM1786054978466614000,Laerdal Airway Simulator Actuator,Resuscitation and Mannequin Platforms,,https://laerdal.force.com/HelpCenter/s/ (404; HTTPError 404: Not Found) | https://cpr.heart.org/en/resuscitation-science/cpr-and-ecc-guidelines (403; HTTPError 403: Forbidden),"Vendor model manual/IFU from Laerdal product/support pages, plus component-specific accessories docs.",Replace blocked/dead URLs with live vendor/model documents and confirm HTTP 200 accessibility.,TODO,https://laerdal.com/us/products/simulation-training/,yes,yes,no,Replace blocked URLs with one live candidate URL; then seek component-specific model page beneath that domain.
,,,REPLACE_BROKEN_LINKS,pmsr:/INS1739398519577895,Laerdal Airway Simulator,pmsr:/COM1786054978466608000,Laerdal Airway Simulator Detector,Resuscitation and Mannequin Platforms,,https://laerdal.force.com/HelpCenter/s/ (404; HTTPError 404: Not Found) | https://cpr.heart.org/en/resuscitation-science/cpr-and-ecc-guidelines (403; HTTPError 403: Forbidden),"Vendor model manual/IFU from Laerdal product/support pages, plus component-specific accessories docs.",Replace blocked/dead URLs with live vendor/model documents and confirm HTTP 200 accessibility.,TODO,https://laerdal.com/us/products/simulation-training/,yes,yes,no,Replace blocked URLs with one live candidate URL; then seek component-specific model page beneath that domain.
,,,REPLACE_BROKEN_LINKS,pmsr:/INS1739392367425715,Laerdal DAE Simulator,pmsr:/COM1786054978466632000,Laerdal DAE Simulator Actuator,Resuscitation and Mannequin Platforms,,https://laerdal.force.com/HelpCenter/s/ (404; HTTPError 404: Not Found) | https://cpr.heart.org/en/resuscitation-science/cpr-and-ecc-guidelines (403; HTTPError 403: Forbidden),"Vendor model manual/IFU from Laerdal product/support pages, plus component-specific accessories docs.",Replace blocked/dead URLs with live vendor/model documents and confirm HTTP 200 accessibility.,TODO,https://laerdal.com/us/products/simulation-training/,yes,yes,no,Replace blocked URLs with one live candidate URL; then seek component-specific model page beneath that domain.
,,,REPLACE_BROKEN_LINKS,pmsr:/INS1739392367425715,Laerdal DAE Simulator,pmsr:/COM1786054978466628000,Laerdal DAE Simulator Detector,Resuscitation and Mannequin Platforms,,https://laerdal.force.com/HelpCenter/s/ (404; HTTPError 404: Not Found) | https://cpr.heart.org/en/resuscitation-science/cpr-and-ecc-guidelines (403; HTTPError 403: Forbidden),"Vendor model manual/IFU from Laerdal product/support pages, plus component-specific accessories docs.",Replace blocked/dead URLs with live vendor/model documents and confirm HTTP 200 accessibility.,TODO,https://laerdal.com/us/products/simulation-training/,yes,yes,no,Replace blocked URLs with one live candidate URL; then seek component-specific model page beneath that domain.
,,,REPLACE_BROKEN_LINKS,pmsr:/INS1739823398493725,Laerdal Nursing Anne Mannequin,pmsr:/COM1738188452521625,DAE Trainer  -- CB:EMPTY,Resuscitation and Mannequin Platforms,,https://laerdal.force.com/HelpCenter/s/ (404; HTTPError 404: Not Found) | https://cpr.heart.org/en/resuscitation-science/cpr-and-ecc-guidelines (403; HTTPError 403: Forbidden),"Vendor model manual/IFU from Laerdal product/support pages, plus component-specific accessories docs.",Replace blocked/dead URLs with live vendor/model documents and confirm HTTP 200 accessibility.,TODO,https://laerdal.com/us/products/simulation-training/,yes,yes,no,Replace blocked URLs with one live candidate URL; then seek component-specific model page beneath that domain.
,,,REPLACE_BROKEN_LINKS,pmsr:/INS1739823398493725,Laerdal Nursing Anne Mannequin,pmsr:/COM1738187586682545,Electrode  -- CB:Eletrodes Adult,Resuscitation and Mannequin Platforms,,https://laerdal.force.com/HelpCenter/s/ (404; HTTPError 404: Not Found) | https://cpr.heart.org/en/resuscitation-science/cpr-and-ecc-guidelines (403; HTTPError 403: Forbidden),"Vendor model manual/IFU from Laerdal product/support pages, plus component-specific accessories docs.",Replace blocked/dead URLs with live vendor/model documents and confirm HTTP 200 accessibility.,TODO,https://laerdal.com/us/products/simulation-training/,yes,yes,no,Replace blocked URLs with one live candidate URL; then seek component-specific model page beneath that domain.
,,,REPLACE_BROKEN_LINKS,pmsr:/INS1739823398493725,Laerdal Nursing Anne Mannequin,pmsr:/COM1738187818694655,Electrode  -- CB:Eletrodes Pediatric,Resuscitation and Mannequin Platforms,,https://laerdal.force.com/HelpCenter/s/ (404; HTTPError 404: Not Found) | https://cpr.heart.org/en/resuscitation-science/cpr-and-ecc-guidelines (403; HTTPError 403: Forbidden),"Vendor model manual/IFU from Laerdal product/support pages, plus component-specific accessories docs.",Replace blocked/dead URLs with live vendor/model documents and confirm HTTP 200 accessibility.,TODO,https://laerdal.com/us/products/simulation-training/,yes,yes,no,Replace blocked URLs with one live candidate URL; then seek component-specific model page beneath that domain.
,,,REPLACE_BROKEN_LINKS,pmsr:/INS1739823398493725,Laerdal Nursing Anne Mannequin,pmsr:/COM1786054978466652000,Laerdal Nursing Anne Mannequin Actuator,Resuscitation and Mannequin Platforms,,https://laerdal.force.com/HelpCenter/s/ (404; HTTPError 404: Not Found) | https://cpr.heart.org/en/resuscitation-science/cpr-and-ecc-guidelines (403; HTTPError 403: Forbidden),"Vendor model manual/IFU from Laerdal product/support pages, plus component-specific accessories docs.",Replace blocked/dead URLs with live vendor/model documents and confirm HTTP 200 accessibility.,TODO,https://laerdal.com/us/products/simulation-training/,yes,yes,no,Replace blocked URLs with one live candidate URL; then seek component-specific model page beneath that domain.
,,,REPLACE_BROKEN_LINKS,pmsr:/INS1739823398493725,Laerdal Nursing Anne Mannequin,pmsr:/COM1786054978466647000,Laerdal Nursing Anne Mannequin Detector,Resuscitation and Mannequin Platforms,,https://laerdal.force.com/HelpCenter/s/ (404; HTTPError 404: Not Found) | https://cpr.heart.org/en/resuscitation-science/cpr-and-ecc-guidelines (403; HTTPError 403: Forbidden),"Vendor model manual/IFU from Laerdal product/support pages, plus component-specific accessories docs.",Replace blocked/dead URLs with live vendor/model documents and confirm HTTP 200 accessibility.,TODO,https://laerdal.com/us/products/simulation-training/,yes,yes,no,Replace blocked URLs with one live candidate URL; then seek component-specific model page beneath that domain.
,,,REPLACE_BROKEN_LINKS,pmsr:/INS1739823398493725,Laerdal Nursing Anne Mannequin,pmsr:/COM1739399134970895,Microphone  -- CB:EMPTY,Resuscitation and Mannequin Platforms,,https://laerdal.force.com/HelpCenter/s/ (404; HTTPError 404: Not Found) | https://cpr.heart.org/en/resuscitation-science/cpr-and-ecc-guidelines (403; HTTPError 403: Forbidden),"Vendor model manual/IFU from Laerdal product/support pages, plus component-specific accessories docs.",Replace blocked/dead URLs with live vendor/model documents and confirm HTTP 200 accessibility.,TODO,https://laerdal.com/us/products/simulation-training/,yes,yes,no,Replace blocked URLs with one live candidate URL; then seek component-specific model page beneath that domain.
,,,REPLACE_BROKEN_LINKS,pmsr:/INS1739823398493725,Laerdal Nursing Anne Mannequin,pmsr:/COM1738100153764155,SimPad Device  -- CB:EMPTY,Resuscitation and Mannequin Platforms,,https://laerdal.force.com/HelpCenter/s/ (404; HTTPError 404: Not Found) | https://cpr.heart.org/en/resuscitation-science/cpr-and-ecc-guidelines (403; HTTPError 403: Forbidden),"Vendor model manual/IFU from Laerdal product/support pages, plus component-specific accessories docs.",Replace blocked/dead URLs with live vendor/model documents and confirm HTTP 200 accessibility.,TODO,https://laerdal.com/us/products/simulation-training/,yes,yes,no,Replace blocked URLs with one live candidate URL; then seek component-specific model page beneath that domain.
,,,REPLACE_BROKEN_LINKS,pmsr:/INS1739823398493725,Laerdal Nursing Anne Mannequin,pmsr:/COM1738099771423295,Skill Guide Device  -- CB:EMPTY,Resuscitation and Mannequin Platforms,,https://laerdal.force.com/HelpCenter/s/ (404; HTTPError 404: Not Found) | https://cpr.heart.org/en/resuscitation-science/cpr-and-ecc-guidelines (403; HTTPError 403: Forbidden),"Vendor model manual/IFU from Laerdal product/support pages, plus component-specific accessories docs.",Replace blocked/dead URLs with live vendor/model documents and confirm HTTP 200 accessibility.,TODO,https://laerdal.com/us/products/simulation-training/,yes,yes,no,Replace blocked URLs with one live candidate URL; then seek component-specific model page beneath that domain.
,,,REPLACE_BROKEN_LINKS,pmsr:/INS1739401557396065,Laerdal Nursing Care Simulator,pmsr:/COM1786054978466690000,Laerdal Nursing Care Simulator Actuator,Resuscitation and Mannequin Platforms,,https://laerdal.force.com/HelpCenter/s/ (404; HTTPError 404: Not Found) | https://cpr.heart.org/en/resuscitation-science/cpr-and-ecc-guidelines (403; HTTPError 403: Forbidden),"Vendor model manual/IFU from Laerdal product/support pages, plus component-specific accessories docs.",Replace blocked/dead URLs with live vendor/model documents and confirm HTTP 200 accessibility.,TODO,https://laerdal.com/us/products/simulation-training/,yes,yes,no,Replace blocked URLs with one live candidate URL; then seek component-specific model page beneath that domain.
,,,REPLACE_BROKEN_LINKS,pmsr:/INS1739401557396065,Laerdal Nursing Care Simulator,pmsr:/COM1786054978466684000,Laerdal Nursing Care Simulator Detector,Resuscitation and Mannequin Platforms,,https://laerdal.force.com/HelpCenter/s/ (404; HTTPError 404: Not Found) | https://cpr.heart.org/en/resuscitation-science/cpr-and-ecc-guidelines (403; HTTPError 403: Forbidden),"Vendor model manual/IFU from Laerdal product/support pages, plus component-specific accessories docs.",Replace blocked/dead URLs with live vendor/model documents and confirm HTTP 200 accessibility.,TODO,https://laerdal.com/us/products/simulation-training/,yes,yes,no,Replace blocked URLs with one live candidate URL; then seek component-specific model page beneath that domain.
,,,REPLACE_BROKEN_LINKS,pmsr:/INS1739397137461495,Low-Fidelity Mannequin,pmsr:/COM1786054978466711000,Low-Fidelity Mannequin Actuator,Resuscitation and Mannequin Platforms,,https://laerdal.force.com/HelpCenter/s/ (404; HTTPError 404: Not Found) | https://cpr.heart.org/en/resuscitation-science/cpr-and-ecc-guidelines (403; HTTPError 403: Forbidden),"Vendor model manual/IFU from Laerdal product/support pages, plus component-specific accessories docs.",Replace blocked/dead URLs with live vendor/model documents and confirm HTTP 200 accessibility.,TODO,https://laerdal.com/us/products/simulation-training/,yes,yes,no,Replace blocked URLs with one live candidate URL; then seek component-specific model page beneath that domain.
,,,REPLACE_BROKEN_LINKS,pmsr:/INS1739397137461495,Low-Fidelity Mannequin,pmsr:/COM1786054978466706000,Low-Fidelity Mannequin Detector,Resuscitation and Mannequin Platforms,,https://laerdal.force.com/HelpCenter/s/ (404; HTTPError 404: Not Found) | https://cpr.heart.org/en/resuscitation-science/cpr-and-ecc-guidelines (403; HTTPError 403: Forbidden),"Vendor model manual/IFU from Laerdal product/support pages, plus component-specific accessories docs.",Replace blocked/dead URLs with live vendor/model documents and confirm HTTP 200 accessibility.,TODO,https://laerdal.com/us/products/simulation-training/,yes,yes,no,Replace blocked URLs with one live candidate URL; then seek component-specific model page beneath that domain.
,,,REPLACE_BROKEN_LINKS,pmsr:/INS1740143777940835,Male Examination Mannequin,pmsr:/COM1786054978466731000,Male Examination Mannequin Actuator,Resuscitation and Mannequin Platforms,,https://laerdal.force.com/HelpCenter/s/ (404; HTTPError 404: Not Found) | https://cpr.heart.org/en/resuscitation-science/cpr-and-ecc-guidelines (403; HTTPError 403: Forbidden),"Vendor model manual/IFU from Laerdal product/support pages, plus component-specific accessories docs.",Replace blocked/dead URLs with live vendor/model documents and confirm HTTP 200 accessibility.,TODO,https://laerdal.com/us/products/simulation-training/,yes,yes,no,Replace blocked URLs with one live candidate URL; then seek component-specific model page beneath that domain.
,,,REPLACE_BROKEN_LINKS,pmsr:/INS1740143777940835,Male Examination Mannequin,pmsr:/COM1786054978466727000,Male Examination Mannequin Detector,Resuscitation and Mannequin Platforms,,https://laerdal.force.com/HelpCenter/s/ (404; HTTPError 404: Not Found) | https://cpr.heart.org/en/resuscitation-science/cpr-and-ecc-guidelines (403; HTTPError 403: Forbidden),"Vendor model manual/IFU from Laerdal product/support pages, plus component-specific accessories docs.",Replace blocked/dead URLs with live vendor/model documents and confirm HTTP 200 accessibility.,TODO,https://laerdal.com/us/products/simulation-training/,yes,yes,no,Replace blocked URLs with one live candidate URL; then seek component-specific model page beneath that domain.
,,,REPLACE_BROKEN_LINKS,pmsr:/INS1739403078441215,Male Genitalia Catherization Simulator,pmsr:/COM1786054978466752000,Male Genitalia Catherization Simulator Actuator,Procedure Trainers and Skills Simulators,,https://limbsandthings.com/us/support/ (404; HTTPError 404: Not Found) | https://www.cdc.gov/infection-control/ (403; HTTPError 403: Forbidden),Limbs & Things/Nasco model manuals and replacement parts documentation for exact simulator model.,Replace blocked/dead URLs with live vendor/model documents and confirm HTTP 200 accessibility.,TODO,https://www.nascohealthcare.com/,yes,yes,no,Replace blocked URLs with one live candidate URL; then seek component-specific model page beneath that domain.
,,,REPLACE_BROKEN_LINKS,pmsr:/INS1739403078441215,Male Genitalia Catherization Simulator,pmsr:/COM1786054978466746000,Male Genitalia Catherization Simulator Detector,Procedure Trainers and Skills Simulators,,https://limbsandthings.com/us/support/ (404; HTTPError 404: Not Found) | https://www.cdc.gov/infection-control/ (403; HTTPError 403: Forbidden),Limbs & Things/Nasco model manuals and replacement parts documentation for exact simulator model.,Replace blocked/dead URLs with live vendor/model documents and confirm HTTP 200 accessibility.,TODO,https://www.nascohealthcare.com/,yes,yes,no,Replace blocked URLs with one live candidate URL; then seek component-specific model page beneath that domain.
,,,REPLACE_BROKEN_LINKS,pmsr:/INS1740143878244085,Obstetric Simulator,pmsr:/COM1786054978466903000,Obstetric Simulator Actuator,Procedure Trainers and Skills Simulators,,https://limbsandthings.com/us/support/ (404; HTTPError 404: Not Found) | https://www.cdc.gov/infection-control/ (403; HTTPError 403: Forbidden),Limbs & Things/Nasco model manuals and replacement parts documentation for exact simulator model.,Replace blocked/dead URLs with live vendor/model documents and confirm HTTP 200 accessibility.,TODO,https://www.nascohealthcare.com/,yes,yes,no,Replace blocked URLs with one live candidate URL; then seek component-specific model page beneath that domain.
,,,REPLACE_BROKEN_LINKS,pmsr:/INS1740143878244085,Obstetric Simulator,pmsr:/COM1786054978466898000,Obstetric Simulator Detector,Procedure Trainers and Skills Simulators,,https://limbsandthings.com/us/support/ (404; HTTPError 404: Not Found) | https://www.cdc.gov/infection-control/ (403; HTTPError 403: Forbidden),Limbs & Things/Nasco model manuals and replacement parts documentation for exact simulator model.,Replace blocked/dead URLs with live vendor/model documents and confirm HTTP 200 accessibility.,TODO,https://www.nascohealthcare.com/,yes,yes,no,Replace blocked URLs with one live candidate URL; then seek component-specific model page beneath that domain.
,,,REPLACE_BROKEN_LINKS,pmsr:/INS1739403291912375,Penis Foreskin Cleaning Simulator,pmsr:/COM1786054978466976000,Penis Foreskin Cleaning Simulator Actuator,Procedure Trainers and Skills Simulators,,https://limbsandthings.com/us/support/ (404; HTTPError 404: Not Found) | https://www.cdc.gov/infection-control/ (403; HTTPError 403: Forbidden),Limbs & Things/Nasco model manuals and replacement parts documentation for exact simulator model.,Replace blocked/dead URLs with live vendor/model documents and confirm HTTP 200 accessibility.,TODO,https://www.nascohealthcare.com/,yes,yes,no,Replace blocked URLs with one live candidate URL; then seek component-specific model page beneath that domain.
,,,REPLACE_BROKEN_LINKS,pmsr:/INS1739403291912375,Penis Foreskin Cleaning Simulator,pmsr:/COM1786054978466971000,Penis Foreskin Cleaning Simulator Detector,Procedure Trainers and Skills Simulators,,https://limbsandthings.com/us/support/ (404; HTTPError 404: Not Found) | https://www.cdc.gov/infection-control/ (403; HTTPError 403: Forbidden),Limbs & Things/Nasco model manuals and replacement parts documentation for exact simulator model.,Replace blocked/dead URLs with live vendor/model documents and confirm HTTP 200 accessibility.,TODO,https://www.nascohealthcare.com/,yes,yes,no,Replace blocked URLs with one live candidate URL; then seek component-specific model page beneath that domain.
,,,REPLACE_BROKEN_LINKS,pmsr:/INS1739482671461295,Prostate Model,pmsr:/COM1786054978467138000,Prostate Model Actuator,Procedure Trainers and Skills Simulators,,https://limbsandthings.com/us/support/ (404; HTTPError 404: Not Found) | https://www.cdc.gov/infection-control/ (403; HTTPError 403: Forbidden),Limbs & Things/Nasco model manuals and replacement parts documentation for exact simulator model.,Replace blocked/dead URLs with live vendor/model documents and confirm HTTP 200 accessibility.,TODO,https://www.nascohealthcare.com/,yes,yes,no,Replace blocked URLs with one live candidate URL; then seek component-specific model page beneath that domain.
,,,REPLACE_BROKEN_LINKS,pmsr:/INS1739482671461295,Prostate Model,pmsr:/COM1786054978467133000,Prostate Model Detector,Procedure Trainers and Skills Simulators,,https://limbsandthings.com/us/support/ (404; HTTPError 404: Not Found) | https://www.cdc.gov/infection-control/ (403; HTTPError 403: Forbidden),Limbs & Things/Nasco model manuals and replacement parts documentation for exact simulator model.,Replace blocked/dead URLs with live vendor/model documents and confirm HTTP 200 accessibility.,TODO,https://www.nascohealthcare.com/,yes,yes,no,Replace blocked URLs with one live candidate URL; then seek component-specific model page beneath that domain.
,,,REPLACE_BROKEN_LINKS,pmsr:/INS1739287640585765,Rectal Examination Simulator,pmsr:/COM1786054978467160000,Rectal Examination Simulator Actuator,Procedure Trainers and Skills Simulators,,https://limbsandthings.com/us/support/ (404; HTTPError 404: Not Found) | https://www.cdc.gov/infection-control/ (403; HTTPError 403: Forbidden),Limbs & Things/Nasco model manuals and replacement parts documentation for exact simulator model.,Replace blocked/dead URLs with live vendor/model documents and confirm HTTP 200 accessibility.,TODO,https://www.nascohealthcare.com/,yes,yes,no,Replace blocked URLs with one live candidate URL; then seek component-specific model page beneath that domain.
,,,REPLACE_BROKEN_LINKS,pmsr:/INS1739287640585765,Rectal Examination Simulator,pmsr:/COM1786054978467155000,Rectal Examination Simulator Detector,Procedure Trainers and Skills Simulators,,https://limbsandthings.com/us/support/ (404; HTTPError 404: Not Found) | https://www.cdc.gov/infection-control/ (403; HTTPError 403: Forbidden),Limbs & Things/Nasco model manuals and replacement parts documentation for exact simulator model.,Replace blocked/dead URLs with live vendor/model documents and confirm HTTP 200 accessibility.,TODO,https://www.nascohealthcare.com/,yes,yes,no,Replace blocked URLs with one live candidate URL; then seek component-specific model page beneath that domain.
,,,REPLACE_BROKEN_LINKS,pmsr:/INS1739402477829135,Rectal Medicine Administration Simulator,pmsr:/COM1786054978467182000,Rectal Medicine Administration Simulator Actuator,Procedure Trainers and Skills Simulators,,https://limbsandthings.com/us/support/ (404; HTTPError 404: Not Found) | https://www.cdc.gov/infection-control/ (403; HTTPError 403: Forbidden),Limbs & Things/Nasco model manuals and replacement parts documentation for exact simulator model.,Replace blocked/dead URLs with live vendor/model documents and confirm HTTP 200 accessibility.,TODO,https://www.nascohealthcare.com/,yes,yes,no,Replace blocked URLs with one live candidate URL; then seek component-specific model page beneath that domain.
,,,REPLACE_BROKEN_LINKS,pmsr:/INS1739402477829135,Rectal Medicine Administration Simulator,pmsr:/COM1786054978467177000,Rectal Medicine Administration Simulator Detector,Procedure Trainers and Skills Simulators,,https://limbsandthings.com/us/support/ (404; HTTPError 404: Not Found) | https://www.cdc.gov/infection-control/ (403; HTTPError 403: Forbidden),Limbs & Things/Nasco model manuals and replacement parts documentation for exact simulator model.,Replace blocked/dead URLs with live vendor/model documents and confirm HTTP 200 accessibility.,TODO,https://www.nascohealthcare.com/,yes,yes,no,Replace blocked URLs with one live candidate URL; then seek component-specific model page beneath that domain.
,,,REPLACE_BROKEN_LINKS,pmsr:/INS1739392275798255,ResusciAnne DAE Simulator,pmsr:/COM1786054978467204000,ResusciAnne DAE Simulator Actuator,Resuscitation and Mannequin Platforms,,https://laerdal.force.com/HelpCenter/s/ (404; HTTPError 404: Not Found) | https://cpr.heart.org/en/resuscitation-science/cpr-and-ecc-guidelines (403; HTTPError 403: Forbidden),"Vendor model manual/IFU from Laerdal product/support pages, plus component-specific accessories docs.",Replace blocked/dead URLs with live vendor/model documents and confirm HTTP 200 accessibility.,TODO,https://laerdal.com/us/products/simulation-training/,yes,yes,no,Replace blocked URLs with one live candidate URL; then seek component-specific model page beneath that domain.
,,,REPLACE_BROKEN_LINKS,pmsr:/INS1739392275798255,ResusciAnne DAE Simulator,pmsr:/COM1786054978467199000,ResusciAnne DAE Simulator Detector,Resuscitation and Mannequin Platforms,,https://laerdal.force.com/HelpCenter/s/ (404; HTTPError 404: Not Found) | https://cpr.heart.org/en/resuscitation-science/cpr-and-ecc-guidelines (403; HTTPError 403: Forbidden),"Vendor model manual/IFU from Laerdal product/support pages, plus component-specific accessories docs.",Replace blocked/dead URLs with live vendor/model documents and confirm HTTP 200 accessibility.,TODO,https://laerdal.com/us/products/simulation-training/,yes,yes,no,Replace blocked URLs with one live candidate URL; then seek component-specific model page beneath that domain.
,,,REPLACE_BROKEN_LINKS,pmsr:/INS1739401836683455,Stomach Bag Maintenance Simulator,pmsr:/COM1786054978467297000,Stomach Bag Maintenance Simulator Actuator,Procedure Trainers and Skills Simulators,,https://limbsandthings.com/us/support/ (404; HTTPError 404: Not Found) | https://www.cdc.gov/infection-control/ (403; HTTPError 403: Forbidden),Limbs & Things/Nasco model manuals and replacement parts documentation for exact simulator model.,Replace blocked/dead URLs with live vendor/model documents and confirm HTTP 200 accessibility.,TODO,https://www.nascohealthcare.com/,yes,yes,no,Replace blocked URLs with one live candidate URL; then seek component-specific model page beneath that domain.
,,,REPLACE_BROKEN_LINKS,pmsr:/INS1739401836683455,Stomach Bag Maintenance Simulator,pmsr:/COM1786054978467291000,Stomach Bag Maintenance Simulator Detector,Procedure Trainers and Skills Simulators,,https://limbsandthings.com/us/support/ (404; HTTPError 404: Not Found) | https://www.cdc.gov/infection-control/ (403; HTTPError 403: Forbidden),Limbs & Things/Nasco model manuals and replacement parts documentation for exact simulator model.,Replace blocked/dead URLs with live vendor/model documents and confirm HTTP 200 accessibility.,TODO,https://www.nascohealthcare.com/,yes,yes,no,Replace blocked URLs with one live candidate URL; then seek component-specific model page beneath that domain.
,,,REPLACE_BROKEN_LINKS,pmsr:/INS1739301891301765,Suture Simulator,pmsr:/COM1786054978467320000,Suture Simulator Actuator,Procedure Trainers and Skills Simulators,,https://limbsandthings.com/us/support/ (404; HTTPError 404: Not Found) | https://www.cdc.gov/infection-control/ (403; HTTPError 403: Forbidden),Limbs & Things/Nasco model manuals and replacement parts documentation for exact simulator model.,Replace blocked/dead URLs with live vendor/model documents and confirm HTTP 200 accessibility.,TODO,https://www.nascohealthcare.com/,yes,yes,no,Replace blocked URLs with one live candidate URL; then seek component-specific model page beneath that domain.
,,,REPLACE_BROKEN_LINKS,pmsr:/INS1739301891301765,Suture Simulator,pmsr:/COM1786054978467316000,Suture Simulator Detector,Procedure Trainers and Skills Simulators,,https://limbsandthings.com/us/support/ (404; HTTPError 404: Not Found) | https://www.cdc.gov/infection-control/ (403; HTTPError 403: Forbidden),Limbs & Things/Nasco model manuals and replacement parts documentation for exact simulator model.,Replace blocked/dead URLs with live vendor/model documents and confirm HTTP 200 accessibility.,TODO,https://www.nascohealthcare.com/,yes,yes,no,Replace blocked URLs with one live candidate URL; then seek component-specific model page beneath that domain.
,,,REPLACE_BROKEN_LINKS,pmsr:/INS1739401657491675,Urine Bag Maintenance Simulator,pmsr:/COM1786054978467367000,Urine Bag Maintenance Simulator Actuator,Procedure Trainers and Skills Simulators,,https://limbsandthings.com/us/support/ (404; HTTPError 404: Not Found) | https://www.cdc.gov/infection-control/ (403; HTTPError 403: Forbidden),Limbs & Things/Nasco model manuals and replacement parts documentation for exact simulator model.,Replace blocked/dead URLs with live vendor/model documents and confirm HTTP 200 accessibility.,TODO,https://www.nascohealthcare.com/,yes,yes,no,Replace blocked URLs with one live candidate URL; then seek component-specific model page beneath that domain.
,,,REPLACE_BROKEN_LINKS,pmsr:/INS1739401657491675,Urine Bag Maintenance Simulator,pmsr:/COM1786054978467363000,Urine Bag Maintenance Simulator Detector,Procedure Trainers and Skills Simulators,,https://limbsandthings.com/us/support/ (404; HTTPError 404: Not Found) | https://www.cdc.gov/infection-control/ (403; HTTPError 403: Forbidden),Limbs & Things/Nasco model manuals and replacement parts documentation for exact simulator model.,Replace blocked/dead URLs with live vendor/model documents and confirm HTTP 200 accessibility.,TODO,https://www.nascohealthcare.com/,yes,yes,no,Replace blocked URLs with one live candidate URL; then seek component-specific model page beneath that domain.
,,,REPLACE_BROKEN_LINKS,pmsr:/INS1739302175458785,Vascular Access Simulator,pmsr:/COM1786054978467416000,Vascular Access Simulator Actuator,Procedure Trainers and Skills Simulators,,https://limbsandthings.com/us/support/ (404; HTTPError 404: Not Found) | https://www.cdc.gov/infection-control/ (403; HTTPError 403: Forbidden),Limbs & Things/Nasco model manuals and replacement parts documentation for exact simulator model.,Replace blocked/dead URLs with live vendor/model documents and confirm HTTP 200 accessibility.,TODO,https://www.nascohealthcare.com/,yes,yes,no,Replace blocked URLs with one live candidate URL; then seek component-specific model page beneath that domain.
,,,REPLACE_BROKEN_LINKS,pmsr:/INS1739302175458785,Vascular Access Simulator,pmsr:/COM1786054978467411000,Vascular Access Simulator Detector,Procedure Trainers and Skills Simulators,,https://limbsandthings.com/us/support/ (404; HTTPError 404: Not Found) | https://www.cdc.gov/infection-control/ (403; HTTPError 403: Forbidden),Limbs & Things/Nasco model manuals and replacement parts documentation for exact simulator model.,Replace blocked/dead URLs with live vendor/model documents and confirm HTTP 200 accessibility.,TODO,https://www.nascohealthcare.com/,yes,yes,no,Replace blocked URLs with one live candidate URL; then seek component-specific model page beneath that domain.
1,A,Complex instrument profile with multiple unresolved component evidences.,REPLACE_GENERIC_WITH_COMPONENT_SPECIFIC,pmsr:/INS1739452868256965,SimSleeves Lymphedema Simulator,pmsr:/COM1786054978467222000,SimSleeves Lymphedema Simulator Detector,General Medical Device Governance,https://www.fda.gov/medical-devices/device-advice-comprehensive-regulatory-assistance/medical-device-databases,https://www.iso.org/standard/72704.html (403; HTTPError 403: Forbidden),"Replace with instrument-model vendor manual, IFU, datasheet, or product specification page.","Replace governance/support hub with model/component-specific manual, datasheet, or IFU page.",TODO,https://www.fda.gov/medical-devices/device-advice-comprehensive-regulatory-assistance/medical-device-databases | https://www.who.int/teams/health-product-policy-and-standards/assistive-and-medical-technology/medical-devices | https://www.ssih.org/,yes,no,yes,Keep reachable URL only as seed; locate model/component-specific page and replace mapping link.
2,A,Complex instrument profile with multiple unresolved component evidences.,REPLACE_GENERIC_WITH_COMPONENT_SPECIFIC,pmsr:/INS1739452868256965,SimSleeves Lymphedema Simulator,pmsr:/COM1786054978467227000,SimSleeves Lymphedema Simulator Actuator,General Medical Device Governance,https://www.fda.gov/medical-devices/device-advice-comprehensive-regulatory-assistance/medical-device-databases,https://www.iso.org/standard/72704.html (403; HTTPError 403: Forbidden),"Replace with instrument-model vendor manual, IFU, datasheet, or product specification page.","Replace governance/support hub with model/component-specific manual, datasheet, or IFU page.",TODO,https://www.fda.gov/medical-devices/device-advice-comprehensive-regulatory-assistance/medical-device-databases | https://www.who.int/teams/health-product-policy-and-standards/assistive-and-medical-technology/medical-devices | https://www.ssih.org/,yes,no,yes,Keep reachable URL only as seed; locate model/component-specific page and replace mapping link.
3,A,Complex instrument profile with multiple unresolved component evidences.,REPLACE_GENERIC_WITH_COMPONENT_SPECIFIC,pmsr:/INS1739452868256965,SimSleeves Lymphedema Simulator,pmsr:/COM1740497043510835,Lymphedema Condition Component Stem  -- CB:EMPTY,General Medical Device Governance,https://www.fda.gov/medical-devices/device-advice-comprehensive-regulatory-assistance/medical-device-databases,https://www.iso.org/standard/72704.html (403; HTTPError 403: Forbidden),"Replace with instrument-model vendor manual, IFU, datasheet, or product specification page.","Replace governance/support hub with model/component-specific manual, datasheet, or IFU page.",TODO,https://www.fda.gov/medical-devices/device-advice-comprehensive-regulatory-assistance/medical-device-databases | https://www.who.int/teams/health-product-policy-and-standards/assistive-and-medical-technology/medical-devices | https://www.ssih.org/,yes,no,yes,Keep reachable URL only as seed; locate model/component-specific page and replace mapping link.
6,C,Standard remediation item: generic evidence should be replaced by vendor/model evidence.,REPLACE_GENERIC_WITH_COMPONENT_SPECIFIC,pmsr:/INS1739820624939265,Cancer Patient Simulator,pmsr:/COM1786054978466266000,Cancer Patient Simulator Detector,General Medical Device Governance,https://www.fda.gov/medical-devices/device-advice-comprehensive-regulatory-assistance/medical-device-databases,https://www.iso.org/standard/72704.html (403; HTTPError 403: Forbidden),"Replace with instrument-model vendor manual, IFU, datasheet, or product specification page.","Replace governance/support hub with model/component-specific manual, datasheet, or IFU page.",TODO,https://www.fda.gov/medical-devices/device-advice-comprehensive-regulatory-assistance/medical-device-databases | https://www.who.int/teams/health-product-policy-and-standards/assistive-and-medical-technology/medical-devices | https://www.ssih.org/,yes,no,yes,Keep reachable URL only as seed; locate model/component-specific page and replace mapping link.
7,C,Standard remediation item: generic evidence should be replaced by vendor/model evidence.,REPLACE_GENERIC_WITH_COMPONENT_SPECIFIC,pmsr:/INS1739879206550705,Cancer Patient Simulator,pmsr:/COM1786054978466282000,Cancer Patient Simulator Detector,General Medical Device Governance,https://www.fda.gov/medical-devices/device-advice-comprehensive-regulatory-assistance/medical-device-databases,https://www.iso.org/standard/72704.html (403; HTTPError 403: Forbidden),"Replace with instrument-model vendor manual, IFU, datasheet, or product specification page.","Replace governance/support hub with model/component-specific manual, datasheet, or IFU page.",TODO,https://www.fda.gov/medical-devices/device-advice-comprehensive-regulatory-assistance/medical-device-databases | https://www.who.int/teams/health-product-policy-and-standards/assistive-and-medical-technology/medical-devices | https://www.ssih.org/,yes,no,yes,Keep reachable URL only as seed; locate model/component-specific page and replace mapping link.
8,C,Standard remediation item: generic evidence should be replaced by vendor/model evidence.,REPLACE_GENERIC_WITH_COMPONENT_SPECIFIC,pmsr:/INS1739820624939265,Cancer Patient Simulator,pmsr:/COM1786054978466270000,Cancer Patient Simulator Actuator,General Medical Device Governance,https://www.fda.gov/medical-devices/device-advice-comprehensive-regulatory-assistance/medical-device-databases,https://www.iso.org/standard/72704.html (403; HTTPError 403: Forbidden),"Replace with instrument-model vendor manual, IFU, datasheet, or product specification page.","Replace governance/support hub with model/component-specific manual, datasheet, or IFU page.",TODO,https://www.fda.gov/medical-devices/device-advice-comprehensive-regulatory-assistance/medical-device-databases | https://www.who.int/teams/health-product-policy-and-standards/assistive-and-medical-technology/medical-devices | https://www.ssih.org/,yes,no,yes,Keep reachable URL only as seed; locate model/component-specific page and replace mapping link.
9,C,Standard remediation item: generic evidence should be replaced by vendor/model evidence.,REPLACE_GENERIC_WITH_COMPONENT_SPECIFIC,pmsr:/INS1739879206550705,Cancer Patient Simulator,pmsr:/COM1786054978466286000,Cancer Patient Simulator Actuator,General Medical Device Governance,https://www.fda.gov/medical-devices/device-advice-comprehensive-regulatory-assistance/medical-device-databases,https://www.iso.org/standard/72704.html (403; HTTPError 403: Forbidden),"Replace with instrument-model vendor manual, IFU, datasheet, or product specification page.","Replace governance/support hub with model/component-specific manual, datasheet, or IFU page.",TODO,https://www.fda.gov/medical-devices/device-advice-comprehensive-regulatory-assistance/medical-device-databases | https://www.who.int/teams/health-product-policy-and-standards/assistive-and-medical-technology/medical-devices | https://www.ssih.org/,yes,no,yes,Keep reachable URL only as seed; locate model/component-specific page and replace mapping link.
10,C,Standard remediation item: generic evidence should be replaced by vendor/model evidence.,REPLACE_GENERIC_WITH_COMPONENT_SPECIFIC,pmsr:/INS1739392182337835,Cardiac Procedure Simulator,pmsr:/COM1786054978466297000,Cardiac Procedure Simulator Detector,General Medical Device Governance,https://www.fda.gov/medical-devices/device-advice-comprehensive-regulatory-assistance/medical-device-databases,https://www.iso.org/standard/72704.html (403; HTTPError 403: Forbidden),"Replace with instrument-model vendor manual, IFU, datasheet, or product specification page.","Replace governance/support hub with model/component-specific manual, datasheet, or IFU page.",TODO,https://www.fda.gov/medical-devices/device-advice-comprehensive-regulatory-assistance/medical-device-databases | https://www.who.int/teams/health-product-policy-and-standards/assistive-and-medical-technology/medical-devices | https://www.ssih.org/,yes,no,yes,Keep reachable URL only as seed; locate model/component-specific page and replace mapping link.
11,C,Standard remediation item: generic evidence should be replaced by vendor/model evidence.,REPLACE_GENERIC_WITH_COMPONENT_SPECIFIC,pmsr:/INS1739392182337835,Cardiac Procedure Simulator,pmsr:/COM1786054978466301000,Cardiac Procedure Simulator Actuator,General Medical Device Governance,https://www.fda.gov/medical-devices/device-advice-comprehensive-regulatory-assistance/medical-device-databases,https://www.iso.org/standard/72704.html (403; HTTPError 403: Forbidden),"Replace with instrument-model vendor manual, IFU, datasheet, or product specification page.","Replace governance/support hub with model/component-specific manual, datasheet, or IFU page.",TODO,https://www.fda.gov/medical-devices/device-advice-comprehensive-regulatory-assistance/medical-device-databases | https://www.who.int/teams/health-product-policy-and-standards/assistive-and-medical-technology/medical-devices | https://www.ssih.org/,yes,no,yes,Keep reachable URL only as seed; locate model/component-specific page and replace mapping link.
12,C,Standard remediation item: generic evidence should be replaced by vendor/model evidence.,REPLACE_GENERIC_WITH_COMPONENT_SPECIFIC,pmsr:/INS1739301711235865,Care Simulators,pmsr:/COM1786054978466312000,Care Simulators Detector,General Medical Device Governance,https://www.fda.gov/medical-devices/device-advice-comprehensive-regulatory-assistance/medical-device-databases,https://www.iso.org/standard/72704.html (403; HTTPError 403: Forbidden),"Replace with instrument-model vendor manual, IFU, datasheet, or product specification page.","Replace governance/support hub with model/component-specific manual, datasheet, or IFU page.",TODO,https://www.fda.gov/medical-devices/device-advice-comprehensive-regulatory-assistance/medical-device-databases | https://www.who.int/teams/health-product-policy-and-standards/assistive-and-medical-technology/medical-devices | https://www.ssih.org/,yes,no,yes,Keep reachable URL only as seed; locate model/component-specific page and replace mapping link.
13,C,Standard remediation item: generic evidence should be replaced by vendor/model evidence.,REPLACE_GENERIC_WITH_COMPONENT_SPECIFIC,pmsr:/INS1739301711235865,Care Simulators,pmsr:/COM1786054978466316000,Care Simulators Actuator,General Medical Device Governance,https://www.fda.gov/medical-devices/device-advice-comprehensive-regulatory-assistance/medical-device-databases,https://www.iso.org/standard/72704.html (403; HTTPError 403: Forbidden),"Replace with instrument-model vendor manual, IFU, datasheet, or product specification page.","Replace governance/support hub with model/component-specific manual, datasheet, or IFU page.",TODO,https://www.fda.gov/medical-devices/device-advice-comprehensive-regulatory-assistance/medical-device-databases | https://www.who.int/teams/health-product-policy-and-standards/assistive-and-medical-technology/medical-devices | https://www.ssih.org/,yes,no,yes,Keep reachable URL only as seed; locate model/component-specific page and replace mapping link.
14,C,Standard remediation item: generic evidence should be replaced by vendor/model evidence.,REPLACE_GENERIC_WITH_COMPONENT_SPECIFIC,pmsr:/INS1739287212610855,Dani Model,pmsr:/COM1786054978466344000,Dani Model Detector,General Medical Device Governance,https://www.fda.gov/medical-devices/device-advice-comprehensive-regulatory-assistance/medical-device-databases,https://www.iso.org/standard/72704.html (403; HTTPError 403: Forbidden),"Replace with instrument-model vendor manual, IFU, datasheet, or product specification page.","Replace governance/support hub with model/component-specific manual, datasheet, or IFU page.",TODO,https://www.fda.gov/medical-devices/device-advice-comprehensive-regulatory-assistance/medical-device-databases | https://www.who.int/teams/health-product-policy-and-standards/assistive-and-medical-technology/medical-devices | https://www.ssih.org/,yes,no,yes,Keep reachable URL only as seed; locate model/component-specific page and replace mapping link.
15,C,Standard remediation item: generic evidence should be replaced by vendor/model evidence.,REPLACE_GENERIC_WITH_COMPONENT_SPECIFIC,pmsr:/INS1739287212610855,Dani Model,pmsr:/COM1786054978466348000,Dani Model Actuator,General Medical Device Governance,https://www.fda.gov/medical-devices/device-advice-comprehensive-regulatory-assistance/medical-device-databases,https://www.iso.org/standard/72704.html (403; HTTPError 403: Forbidden),"Replace with instrument-model vendor manual, IFU, datasheet, or product specification page.","Replace governance/support hub with model/component-specific manual, datasheet, or IFU page.",TODO,https://www.fda.gov/medical-devices/device-advice-comprehensive-regulatory-assistance/medical-device-databases | https://www.who.int/teams/health-product-policy-and-standards/assistive-and-medical-technology/medical-devices | https://www.ssih.org/,yes,no,yes,Keep reachable URL only as seed; locate model/component-specific page and replace mapping link.
16,C,Standard remediation item: generic evidence should be replaced by vendor/model evidence.,REPLACE_GENERIC_WITH_COMPONENT_SPECIFIC,pmsr:/INS1739287021517805,Diagnostic Simulators,pmsr:/COM1786054978466375000,Diagnostic Simulators Detector,General Medical Device Governance,https://www.fda.gov/medical-devices/device-advice-comprehensive-regulatory-assistance/medical-device-databases,https://www.iso.org/standard/72704.html (403; HTTPError 403: Forbidden),"Replace with instrument-model vendor manual, IFU, datasheet, or product specification page.","Replace governance/support hub with model/component-specific manual, datasheet, or IFU page.",TODO,https://www.fda.gov/medical-devices/device-advice-comprehensive-regulatory-assistance/medical-device-databases | https://www.who.int/teams/health-product-policy-and-standards/assistive-and-medical-technology/medical-devices | https://www.ssih.org/,yes,no,yes,Keep reachable URL only as seed; locate model/component-specific page and replace mapping link.
17,C,Standard remediation item: generic evidence should be replaced by vendor/model evidence.,REPLACE_GENERIC_WITH_COMPONENT_SPECIFIC,pmsr:/INS1739287021517805,Diagnostic Simulators,pmsr:/COM1786054978466380000,Diagnostic Simulators Actuator,General Medical Device Governance,https://www.fda.gov/medical-devices/device-advice-comprehensive-regulatory-assistance/medical-device-databases,https://www.iso.org/standard/72704.html (403; HTTPError 403: Forbidden),"Replace with instrument-model vendor manual, IFU, datasheet, or product specification page.","Replace governance/support hub with model/component-specific manual, datasheet, or IFU page.",TODO,https://www.fda.gov/medical-devices/device-advice-comprehensive-regulatory-assistance/medical-device-databases | https://www.who.int/teams/health-product-policy-and-standards/assistive-and-medical-technology/medical-devices | https://www.ssih.org/,yes,no,yes,Keep reachable URL only as seed; locate model/component-specific page and replace mapping link.
20,C,Standard remediation item: generic evidence should be replaced by vendor/model evidence.,REPLACE_GENERIC_WITH_COMPONENT_SPECIFIC,pmsr:/INS1739303195193785,Geriatic Care Simulator,pmsr:/COM1786054978466460000,Geriatic Care Simulator Detector,General Medical Device Governance,https://www.fda.gov/medical-devices/device-advice-comprehensive-regulatory-assistance/medical-device-databases,https://www.iso.org/standard/72704.html (403; HTTPError 403: Forbidden),"Replace with instrument-model vendor manual, IFU, datasheet, or product specification page.","Replace governance/support hub with model/component-specific manual, datasheet, or IFU page.",TODO,https://www.fda.gov/medical-devices/device-advice-comprehensive-regulatory-assistance/medical-device-databases | https://www.who.int/teams/health-product-policy-and-standards/assistive-and-medical-technology/medical-devices | https://www.ssih.org/,yes,no,yes,Keep reachable URL only as seed; locate model/component-specific page and replace mapping link.
21,C,Standard remediation item: generic evidence should be replaced by vendor/model evidence.,REPLACE_GENERIC_WITH_COMPONENT_SPECIFIC,pmsr:/INS1739303195193785,Geriatic Care Simulator,pmsr:/COM1786054978466464000,Geriatic Care Simulator Actuator,General Medical Device Governance,https://www.fda.gov/medical-devices/device-advice-comprehensive-regulatory-assistance/medical-device-databases,https://www.iso.org/standard/72704.html (403; HTTPError 403: Forbidden),"Replace with instrument-model vendor manual, IFU, datasheet, or product specification page.","Replace governance/support hub with model/component-specific manual, datasheet, or IFU page.",TODO,https://www.fda.gov/medical-devices/device-advice-comprehensive-regulatory-assistance/medical-device-databases | https://www.who.int/teams/health-product-policy-and-standards/assistive-and-medical-technology/medical-devices | https://www.ssih.org/,yes,no,yes,Keep reachable URL only as seed; locate model/component-specific page and replace mapping link.
22,C,Standard remediation item: generic evidence should be replaced by vendor/model evidence.,REPLACE_GENERIC_WITH_COMPONENT_SPECIFIC,pmsr:/INS1739404046114785,Intramuscular Injections Simulator,pmsr:/COM1786054978466552000,Intramuscular Injections Simulator Detector,General Medical Device Governance,https://www.fda.gov/medical-devices/device-advice-comprehensive-regulatory-assistance/medical-device-databases,https://www.iso.org/standard/72704.html (403; HTTPError 403: Forbidden),"Replace with instrument-model vendor manual, IFU, datasheet, or product specification page.","Replace governance/support hub with model/component-specific manual, datasheet, or IFU page.",TODO,https://www.fda.gov/medical-devices/device-advice-comprehensive-regulatory-assistance/medical-device-databases | https://www.who.int/teams/health-product-policy-and-standards/assistive-and-medical-technology/medical-devices | https://www.ssih.org/,yes,no,yes,Keep reachable URL only as seed; locate model/component-specific page and replace mapping link.
23,C,Standard remediation item: generic evidence should be replaced by vendor/model evidence.,REPLACE_GENERIC_WITH_COMPONENT_SPECIFIC,pmsr:/INS1739404046114785,Intramuscular Injections Simulator,pmsr:/COM1786054978466557000,Intramuscular Injections Simulator Actuator,General Medical Device Governance,https://www.fda.gov/medical-devices/device-advice-comprehensive-regulatory-assistance/medical-device-databases,https://www.iso.org/standard/72704.html (403; HTTPError 403: Forbidden),"Replace with instrument-model vendor manual, IFU, datasheet, or product specification page.","Replace governance/support hub with model/component-specific manual, datasheet, or IFU page.",TODO,https://www.fda.gov/medical-devices/device-advice-comprehensive-regulatory-assistance/medical-device-databases | https://www.who.int/teams/health-product-policy-and-standards/assistive-and-medical-technology/medical-devices | https://www.ssih.org/,yes,no,yes,Keep reachable URL only as seed; locate model/component-specific page and replace mapping link.
24,C,Standard remediation item: generic evidence should be replaced by vendor/model evidence.,REPLACE_GENERIC_WITH_COMPONENT_SPECIFIC,pmsr:/INS1739483351917145,Male Inguinal Hernia Anatomy Model,pmsr:/COM1786054978466767000,Male Inguinal Hernia Anatomy Model Detector,General Medical Device Governance,https://www.fda.gov/medical-devices/device-advice-comprehensive-regulatory-assistance/medical-device-databases,https://www.iso.org/standard/72704.html (403; HTTPError 403: Forbidden),"Replace with instrument-model vendor manual, IFU, datasheet, or product specification page.","Replace governance/support hub with model/component-specific manual, datasheet, or IFU page.",TODO,https://www.fda.gov/medical-devices/device-advice-comprehensive-regulatory-assistance/medical-device-databases | https://www.who.int/teams/health-product-policy-and-standards/assistive-and-medical-technology/medical-devices | https://www.ssih.org/,yes,no,yes,Keep reachable URL only as seed; locate model/component-specific page and replace mapping link.
25,C,Standard remediation item: generic evidence should be replaced by vendor/model evidence.,REPLACE_GENERIC_WITH_COMPONENT_SPECIFIC,pmsr:/INS1739483351917145,Male Inguinal Hernia Anatomy Model,pmsr:/COM1786054978466773000,Male Inguinal Hernia Anatomy Model Actuator,General Medical Device Governance,https://www.fda.gov/medical-devices/device-advice-comprehensive-regulatory-assistance/medical-device-databases,https://www.iso.org/standard/72704.html (403; HTTPError 403: Forbidden),"Replace with instrument-model vendor manual, IFU, datasheet, or product specification page.","Replace governance/support hub with model/component-specific manual, datasheet, or IFU page.",TODO,https://www.fda.gov/medical-devices/device-advice-comprehensive-regulatory-assistance/medical-device-databases | https://www.who.int/teams/health-product-policy-and-standards/assistive-and-medical-technology/medical-devices | https://www.ssih.org/,yes,no,yes,Keep reachable URL only as seed; locate model/component-specific page and replace mapping link.
26,C,Standard remediation item: generic evidence should be replaced by vendor/model evidence.,REPLACE_GENERIC_WITH_COMPONENT_SPECIFIC,ncit:C16830,Medical Device,pmsr:/COM1786054978466790000,Medical Device Detector,General Medical Device Governance,https://www.fda.gov/medical-devices/device-advice-comprehensive-regulatory-assistance/medical-device-databases,https://www.iso.org/standard/72704.html (403; HTTPError 403: Forbidden),"Replace with instrument-model vendor manual, IFU, datasheet, or product specification page.","Replace governance/support hub with model/component-specific manual, datasheet, or IFU page.",TODO,https://www.fda.gov/medical-devices/device-advice-comprehensive-regulatory-assistance/medical-device-databases | https://www.who.int/teams/health-product-policy-and-standards/assistive-and-medical-technology/medical-devices | https://www.ssih.org/,yes,no,yes,Keep reachable URL only as seed; locate model/component-specific page and replace mapping link.
27,C,Standard remediation item: generic evidence should be replaced by vendor/model evidence.,REPLACE_GENERIC_WITH_COMPONENT_SPECIFIC,ncit:C16830,Medical Device,pmsr:/COM1786054978466794000,Medical Device Actuator,General Medical Device Governance,https://www.fda.gov/medical-devices/device-advice-comprehensive-regulatory-assistance/medical-device-databases,https://www.iso.org/standard/72704.html (403; HTTPError 403: Forbidden),"Replace with instrument-model vendor manual, IFU, datasheet, or product specification page.","Replace governance/support hub with model/component-specific manual, datasheet, or IFU page.",TODO,https://www.fda.gov/medical-devices/device-advice-comprehensive-regulatory-assistance/medical-device-databases | https://www.who.int/teams/health-product-policy-and-standards/assistive-and-medical-technology/medical-devices | https://www.ssih.org/,yes,no,yes,Keep reachable URL only as seed; locate model/component-specific page and replace mapping link.
28,C,Standard remediation item: generic evidence should be replaced by vendor/model evidence.,REPLACE_GENERIC_WITH_COMPONENT_SPECIFIC,pmsr:/INS1739287092102085,Medical Examination Simulators,pmsr:/COM1786054978466811000,Medical Examination Simulators Detector,General Medical Device Governance,https://www.fda.gov/medical-devices/device-advice-comprehensive-regulatory-assistance/medical-device-databases,https://www.iso.org/standard/72704.html (403; HTTPError 403: Forbidden),"Replace with instrument-model vendor manual, IFU, datasheet, or product specification page.","Replace governance/support hub with model/component-specific manual, datasheet, or IFU page.",TODO,https://www.fda.gov/medical-devices/device-advice-comprehensive-regulatory-assistance/medical-device-databases | https://www.who.int/teams/health-product-policy-and-standards/assistive-and-medical-technology/medical-devices | https://www.ssih.org/,yes,no,yes,Keep reachable URL only as seed; locate model/component-specific page and replace mapping link.
29,C,Standard remediation item: generic evidence should be replaced by vendor/model evidence.,REPLACE_GENERIC_WITH_COMPONENT_SPECIFIC,pmsr:/INS1739287092102085,Medical Examination Simulators,pmsr:/COM1786054978466817000,Medical Examination Simulators Actuator,General Medical Device Governance,https://www.fda.gov/medical-devices/device-advice-comprehensive-regulatory-assistance/medical-device-databases,https://www.iso.org/standard/72704.html (403; HTTPError 403: Forbidden),"Replace with instrument-model vendor manual, IFU, datasheet, or product specification page.","Replace governance/support hub with model/component-specific manual, datasheet, or IFU page.",TODO,https://www.fda.gov/medical-devices/device-advice-comprehensive-regulatory-assistance/medical-device-databases | https://www.who.int/teams/health-product-policy-and-standards/assistive-and-medical-technology/medical-devices | https://www.ssih.org/,yes,no,yes,Keep reachable URL only as seed; locate model/component-specific page and replace mapping link.
30,C,Standard remediation item: generic evidence should be replaced by vendor/model evidence.,REPLACE_GENERIC_WITH_COMPONENT_SPECIFIC,pmsr:/INS1739301814401805,Medical Procedure Simulator,pmsr:/COM1786054978466833000,Medical Procedure Simulator Detector,General Medical Device Governance,https://www.fda.gov/medical-devices/device-advice-comprehensive-regulatory-assistance/medical-device-databases,https://www.iso.org/standard/72704.html (403; HTTPError 403: Forbidden),"Replace with instrument-model vendor manual, IFU, datasheet, or product specification page.","Replace governance/support hub with model/component-specific manual, datasheet, or IFU page.",TODO,https://www.fda.gov/medical-devices/device-advice-comprehensive-regulatory-assistance/medical-device-databases | https://www.who.int/teams/health-product-policy-and-standards/assistive-and-medical-technology/medical-devices | https://www.ssih.org/,yes,no,yes,Keep reachable URL only as seed; locate model/component-specific page and replace mapping link.
31,C,Standard remediation item: generic evidence should be replaced by vendor/model evidence.,REPLACE_GENERIC_WITH_COMPONENT_SPECIFIC,pmsr:/INS1739301814401805,Medical Procedure Simulator,pmsr:/COM1786054978466838000,Medical Procedure Simulator Actuator,General Medical Device Governance,https://www.fda.gov/medical-devices/device-advice-comprehensive-regulatory-assistance/medical-device-databases,https://www.iso.org/standard/72704.html (403; HTTPError 403: Forbidden),"Replace with instrument-model vendor manual, IFU, datasheet, or product specification page.","Replace governance/support hub with model/component-specific manual, datasheet, or IFU page.",TODO,https://www.fda.gov/medical-devices/device-advice-comprehensive-regulatory-assistance/medical-device-databases | https://www.who.int/teams/health-product-policy-and-standards/assistive-and-medical-technology/medical-devices | https://www.ssih.org/,yes,no,yes,Keep reachable URL only as seed; locate model/component-specific page and replace mapping link.
32,C,Standard remediation item: generic evidence should be replaced by vendor/model evidence.,REPLACE_GENERIC_WITH_COMPONENT_SPECIFIC,pmsr:/INS1739400689838665,Nursing Care Simulator,pmsr:/COM1786054978466875000,Nursing Care Simulator Detector,General Medical Device Governance,https://www.fda.gov/medical-devices/device-advice-comprehensive-regulatory-assistance/medical-device-databases,https://www.iso.org/standard/72704.html (403; HTTPError 403: Forbidden),"Replace with instrument-model vendor manual, IFU, datasheet, or product specification page.","Replace governance/support hub with model/component-specific manual, datasheet, or IFU page.",TODO,https://www.fda.gov/medical-devices/device-advice-comprehensive-regulatory-assistance/medical-device-databases | https://www.who.int/teams/health-product-policy-and-standards/assistive-and-medical-technology/medical-devices | https://www.ssih.org/,yes,no,yes,Keep reachable URL only as seed; locate model/component-specific page and replace mapping link.
33,C,Standard remediation item: generic evidence should be replaced by vendor/model evidence.,REPLACE_GENERIC_WITH_COMPONENT_SPECIFIC,pmsr:/INS1739400689838665,Nursing Care Simulator,pmsr:/COM1786054978466881000,Nursing Care Simulator Actuator,General Medical Device Governance,https://www.fda.gov/medical-devices/device-advice-comprehensive-regulatory-assistance/medical-device-databases,https://www.iso.org/standard/72704.html (403; HTTPError 403: Forbidden),"Replace with instrument-model vendor manual, IFU, datasheet, or product specification page.","Replace governance/support hub with model/component-specific manual, datasheet, or IFU page.",TODO,https://www.fda.gov/medical-devices/device-advice-comprehensive-regulatory-assistance/medical-device-databases | https://www.who.int/teams/health-product-policy-and-standards/assistive-and-medical-technology/medical-devices | https://www.ssih.org/,yes,no,yes,Keep reachable URL only as seed; locate model/component-specific page and replace mapping link.
34,C,Standard remediation item: generic evidence should be replaced by vendor/model evidence.,REPLACE_GENERIC_WITH_COMPONENT_SPECIFIC,pmsr:/INS1739303333850795,Oncology Care Simulator,pmsr:/COM1786054978466920000,Oncology Care Simulator Detector,General Medical Device Governance,https://www.fda.gov/medical-devices/device-advice-comprehensive-regulatory-assistance/medical-device-databases,https://www.iso.org/standard/72704.html (403; HTTPError 403: Forbidden),"Replace with instrument-model vendor manual, IFU, datasheet, or product specification page.","Replace governance/support hub with model/component-specific manual, datasheet, or IFU page.",TODO,https://www.fda.gov/medical-devices/device-advice-comprehensive-regulatory-assistance/medical-device-databases | https://www.who.int/teams/health-product-policy-and-standards/assistive-and-medical-technology/medical-devices | https://www.ssih.org/,yes,no,yes,Keep reachable URL only as seed; locate model/component-specific page and replace mapping link.
35,C,Standard remediation item: generic evidence should be replaced by vendor/model evidence.,REPLACE_GENERIC_WITH_COMPONENT_SPECIFIC,pmsr:/INS1739303333850795,Oncology Care Simulator,pmsr:/COM1786054978466925000,Oncology Care Simulator Actuator,General Medical Device Governance,https://www.fda.gov/medical-devices/device-advice-comprehensive-regulatory-assistance/medical-device-databases,https://www.iso.org/standard/72704.html (403; HTTPError 403: Forbidden),"Replace with instrument-model vendor manual, IFU, datasheet, or product specification page.","Replace governance/support hub with model/component-specific manual, datasheet, or IFU page.",TODO,https://www.fda.gov/medical-devices/device-advice-comprehensive-regulatory-assistance/medical-device-databases | https://www.who.int/teams/health-product-policy-and-standards/assistive-and-medical-technology/medical-devices | https://www.ssih.org/,yes,no,yes,Keep reachable URL only as seed; locate model/component-specific page and replace mapping link.
36,C,Standard remediation item: generic evidence should be replaced by vendor/model evidence.,REPLACE_GENERIC_WITH_COMPONENT_SPECIFIC,pmsr:PhysicalMedicalDevice,Physical Medical Device,pmsr:/COM1786054978466995000,Physical Medical Device Detector,General Medical Device Governance,https://www.fda.gov/medical-devices/device-advice-comprehensive-regulatory-assistance/medical-device-databases,https://www.iso.org/standard/72704.html (403; HTTPError 403: Forbidden),"Replace with instrument-model vendor manual, IFU, datasheet, or product specification page.","Replace governance/support hub with model/component-specific manual, datasheet, or IFU page.",TODO,https://www.fda.gov/medical-devices/device-advice-comprehensive-regulatory-assistance/medical-device-databases | https://www.who.int/teams/health-product-policy-and-standards/assistive-and-medical-technology/medical-devices | https://www.ssih.org/,yes,no,yes,Keep reachable URL only as seed; locate model/component-specific page and replace mapping link.
37,C,Standard remediation item: generic evidence should be replaced by vendor/model evidence.,REPLACE_GENERIC_WITH_COMPONENT_SPECIFIC,pmsr:PhysicalMedicalDevice,Physical Medical Device,pmsr:/COM1786054978466999000,Physical Medical Device Actuator,General Medical Device Governance,https://www.fda.gov/medical-devices/device-advice-comprehensive-regulatory-assistance/medical-device-databases,https://www.iso.org/standard/72704.html (403; HTTPError 403: Forbidden),"Replace with instrument-model vendor manual, IFU, datasheet, or product specification page.","Replace governance/support hub with model/component-specific manual, datasheet, or IFU page.",TODO,https://www.fda.gov/medical-devices/device-advice-comprehensive-regulatory-assistance/medical-device-databases | https://www.who.int/teams/health-product-policy-and-standards/assistive-and-medical-technology/medical-devices | https://www.ssih.org/,yes,no,yes,Keep reachable URL only as seed; locate model/component-specific page and replace mapping link.
38,C,Standard remediation item: generic evidence should be replaced by vendor/model evidence.,REPLACE_GENERIC_WITH_COMPONENT_SPECIFIC,pmsr:PhysicalMedicalSimulator,Physical Medical Simulator,pmsr:/COM1786054978467018000,Physical Medical Simulator Detector,General Medical Device Governance,https://www.fda.gov/medical-devices/device-advice-comprehensive-regulatory-assistance/medical-device-databases,https://www.iso.org/standard/72704.html (403; HTTPError 403: Forbidden),"Replace with instrument-model vendor manual, IFU, datasheet, or product specification page.","Replace governance/support hub with model/component-specific manual, datasheet, or IFU page.",TODO,https://www.fda.gov/medical-devices/device-advice-comprehensive-regulatory-assistance/medical-device-databases | https://www.who.int/teams/health-product-policy-and-standards/assistive-and-medical-technology/medical-devices | https://www.ssih.org/,yes,no,yes,Keep reachable URL only as seed; locate model/component-specific page and replace mapping link.
39,C,Standard remediation item: generic evidence should be replaced by vendor/model evidence.,REPLACE_GENERIC_WITH_COMPONENT_SPECIFIC,pmsr:PhysicalMedicalSimulator,Physical Medical Simulator,pmsr:/COM1786054978467023000,Physical Medical Simulator Actuator,General Medical Device Governance,https://www.fda.gov/medical-devices/device-advice-comprehensive-regulatory-assistance/medical-device-databases,https://www.iso.org/standard/72704.html (403; HTTPError 403: Forbidden),"Replace with instrument-model vendor manual, IFU, datasheet, or product specification page.","Replace governance/support hub with model/component-specific manual, datasheet, or IFU page.",TODO,https://www.fda.gov/medical-devices/device-advice-comprehensive-regulatory-assistance/medical-device-databases | https://www.who.int/teams/health-product-policy-and-standards/assistive-and-medical-technology/medical-devices | https://www.ssih.org/,yes,no,yes,Keep reachable URL only as seed; locate model/component-specific page and replace mapping link.
40,C,Standard remediation item: generic evidence should be replaced by vendor/model evidence.,REPLACE_GENERIC_WITH_COMPONENT_SPECIFIC,pmsr:/INS1740087239872215,Physiology Simulator,pmsr:/COM1786054978467041000,Physiology Simulator Detector,General Medical Device Governance,https://www.fda.gov/medical-devices/device-advice-comprehensive-regulatory-assistance/medical-device-databases,https://www.iso.org/standard/72704.html (403; HTTPError 403: Forbidden),"Replace with instrument-model vendor manual, IFU, datasheet, or product specification page.","Replace governance/support hub with model/component-specific manual, datasheet, or IFU page.",TODO,https://www.fda.gov/medical-devices/device-advice-comprehensive-regulatory-assistance/medical-device-databases | https://www.who.int/teams/health-product-policy-and-standards/assistive-and-medical-technology/medical-devices | https://www.ssih.org/,yes,no,yes,Keep reachable URL only as seed; locate model/component-specific page and replace mapping link.
41,C,Standard remediation item: generic evidence should be replaced by vendor/model evidence.,REPLACE_GENERIC_WITH_COMPONENT_SPECIFIC,pmsr:/INS1740087239872215,Physiology Simulator,pmsr:/COM1786054978467045000,Physiology Simulator Actuator,General Medical Device Governance,https://www.fda.gov/medical-devices/device-advice-comprehensive-regulatory-assistance/medical-device-databases,https://www.iso.org/standard/72704.html (403; HTTPError 403: Forbidden),"Replace with instrument-model vendor manual, IFU, datasheet, or product specification page.","Replace governance/support hub with model/component-specific manual, datasheet, or IFU page.",TODO,https://www.fda.gov/medical-devices/device-advice-comprehensive-regulatory-assistance/medical-device-databases | https://www.who.int/teams/health-product-policy-and-standards/assistive-and-medical-technology/medical-devices | https://www.ssih.org/,yes,no,yes,Keep reachable URL only as seed; locate model/component-specific page and replace mapping link.
42,C,Standard remediation item: generic evidence should be replaced by vendor/model evidence.,REPLACE_GENERIC_WITH_COMPONENT_SPECIFIC,pmsr:/INS1739453043505715,Pitting Edema Simulator,pmsr:/COM1786054978467065000,Pitting Edema Simulator Detector,General Medical Device Governance,https://www.fda.gov/medical-devices/device-advice-comprehensive-regulatory-assistance/medical-device-databases,https://www.iso.org/standard/72704.html (403; HTTPError 403: Forbidden),"Replace with instrument-model vendor manual, IFU, datasheet, or product specification page.","Replace governance/support hub with model/component-specific manual, datasheet, or IFU page.",TODO,https://www.fda.gov/medical-devices/device-advice-comprehensive-regulatory-assistance/medical-device-databases | https://www.who.int/teams/health-product-policy-and-standards/assistive-and-medical-technology/medical-devices | https://www.ssih.org/,yes,no,yes,Keep reachable URL only as seed; locate model/component-specific page and replace mapping link.
43,C,Standard remediation item: generic evidence should be replaced by vendor/model evidence.,REPLACE_GENERIC_WITH_COMPONENT_SPECIFIC,pmsr:/INS1739453043505715,Pitting Edema Simulator,pmsr:/COM1786054978467069000,Pitting Edema Simulator Actuator,General Medical Device Governance,https://www.fda.gov/medical-devices/device-advice-comprehensive-regulatory-assistance/medical-device-databases,https://www.iso.org/standard/72704.html (403; HTTPError 403: Forbidden),"Replace with instrument-model vendor manual, IFU, datasheet, or product specification page.","Replace governance/support hub with model/component-specific manual, datasheet, or IFU page.",TODO,https://www.fda.gov/medical-devices/device-advice-comprehensive-regulatory-assistance/medical-device-databases | https://www.who.int/teams/health-product-policy-and-standards/assistive-and-medical-technology/medical-devices | https://www.ssih.org/,yes,no,yes,Keep reachable URL only as seed; locate model/component-specific page and replace mapping link.
44,C,Standard remediation item: generic evidence should be replaced by vendor/model evidence.,REPLACE_GENERIC_WITH_COMPONENT_SPECIFIC,pmsr:/INS1739392122823235,Procedure Simulator,pmsr:/COM1786054978467110000,Procedure Simulator Detector,General Medical Device Governance,https://www.fda.gov/medical-devices/device-advice-comprehensive-regulatory-assistance/medical-device-databases,https://www.iso.org/standard/72704.html (403; HTTPError 403: Forbidden),"Replace with instrument-model vendor manual, IFU, datasheet, or product specification page.","Replace governance/support hub with model/component-specific manual, datasheet, or IFU page.",TODO,https://www.fda.gov/medical-devices/device-advice-comprehensive-regulatory-assistance/medical-device-databases | https://www.who.int/teams/health-product-policy-and-standards/assistive-and-medical-technology/medical-devices | https://www.ssih.org/,yes,no,yes,Keep reachable URL only as seed; locate model/component-specific page and replace mapping link.
45,C,Standard remediation item: generic evidence should be replaced by vendor/model evidence.,REPLACE_GENERIC_WITH_COMPONENT_SPECIFIC,pmsr:/INS1739392122823235,Procedure Simulator,pmsr:/COM1786054978467116000,Procedure Simulator Actuator,General Medical Device Governance,https://www.fda.gov/medical-devices/device-advice-comprehensive-regulatory-assistance/medical-device-databases,https://www.iso.org/standard/72704.html (403; HTTPError 403: Forbidden),"Replace with instrument-model vendor manual, IFU, datasheet, or product specification page.","Replace governance/support hub with model/component-specific manual, datasheet, or IFU page.",TODO,https://www.fda.gov/medical-devices/device-advice-comprehensive-regulatory-assistance/medical-device-databases | https://www.who.int/teams/health-product-policy-and-standards/assistive-and-medical-technology/medical-devices | https://www.ssih.org/,yes,no,yes,Keep reachable URL only as seed; locate model/component-specific page and replace mapping link.
46,C,Standard remediation item: generic evidence should be replaced by vendor/model evidence.,REPLACE_GENERIC_WITH_COMPONENT_SPECIFIC,pmsr:/INS1739452783104705,Skin Care Procedure Simulator,pmsr:/COM1786054978467245000,Skin Care Procedure Simulator Detector,General Medical Device Governance,https://www.fda.gov/medical-devices/device-advice-comprehensive-regulatory-assistance/medical-device-databases,https://www.iso.org/standard/72704.html (403; HTTPError 403: Forbidden),"Replace with instrument-model vendor manual, IFU, datasheet, or product specification page.","Replace governance/support hub with model/component-specific manual, datasheet, or IFU page.",TODO,https://www.fda.gov/medical-devices/device-advice-comprehensive-regulatory-assistance/medical-device-databases | https://www.who.int/teams/health-product-policy-and-standards/assistive-and-medical-technology/medical-devices | https://www.ssih.org/,yes,no,yes,Keep reachable URL only as seed; locate model/component-specific page and replace mapping link.
47,C,Standard remediation item: generic evidence should be replaced by vendor/model evidence.,REPLACE_GENERIC_WITH_COMPONENT_SPECIFIC,pmsr:/INS1739452783104705,Skin Care Procedure Simulator,pmsr:/COM1786054978467249000,Skin Care Procedure Simulator Actuator,General Medical Device Governance,https://www.fda.gov/medical-devices/device-advice-comprehensive-regulatory-assistance/medical-device-databases,https://www.iso.org/standard/72704.html (403; HTTPError 403: Forbidden),"Replace with instrument-model vendor manual, IFU, datasheet, or product specification page.","Replace governance/support hub with model/component-specific manual, datasheet, or IFU page.",TODO,https://www.fda.gov/medical-devices/device-advice-comprehensive-regulatory-assistance/medical-device-databases | https://www.who.int/teams/health-product-policy-and-standards/assistive-and-medical-technology/medical-devices | https://www.ssih.org/,yes,no,yes,Keep reachable URL only as seed; locate model/component-specific page and replace mapping link.
48,C,Standard remediation item: generic evidence should be replaced by vendor/model evidence.,REPLACE_GENERIC_WITH_COMPONENT_SPECIFIC,pmsr:/INS1739402585415785,Vaginal Medicine Administration Simulator,pmsr:/COM1786054978467387000,Vaginal Medicine Administration Simulator Detector,General Medical Device Governance,https://www.fda.gov/medical-devices/device-advice-comprehensive-regulatory-assistance/medical-device-databases,https://www.iso.org/standard/72704.html (403; HTTPError 403: Forbidden),"Replace with instrument-model vendor manual, IFU, datasheet, or product specification page.","Replace governance/support hub with model/component-specific manual, datasheet, or IFU page.",TODO,https://www.fda.gov/medical-devices/device-advice-comprehensive-regulatory-assistance/medical-device-databases | https://www.who.int/teams/health-product-policy-and-standards/assistive-and-medical-technology/medical-devices | https://www.ssih.org/,yes,no,yes,Keep reachable URL only as seed; locate model/component-specific page and replace mapping link.
49,C,Standard remediation item: generic evidence should be replaced by vendor/model evidence.,REPLACE_GENERIC_WITH_COMPONENT_SPECIFIC,pmsr:/INS1739402585415785,Vaginal Medicine Administration Simulator,pmsr:/COM1786054978467392000,Vaginal Medicine Administration Simulator Actuator,General Medical Device Governance,https://www.fda.gov/medical-devices/device-advice-comprehensive-regulatory-assistance/medical-device-databases,https://www.iso.org/standard/72704.html (403; HTTPError 403: Forbidden),"Replace with instrument-model vendor manual, IFU, datasheet, or product specification page.","Replace governance/support hub with model/component-specific manual, datasheet, or IFU page.",TODO,https://www.fda.gov/medical-devices/device-advice-comprehensive-regulatory-assistance/medical-device-databases | https://www.who.int/teams/health-product-policy-and-standards/assistive-and-medical-technology/medical-devices | https://www.ssih.org/,yes,no,yes,Keep reachable URL only as seed; locate model/component-specific page and replace mapping link.
50,C,Standard remediation item: generic evidence should be replaced by vendor/model evidence.,REPLACE_GENERIC_WITH_COMPONENT_SPECIFIC,pmsr:/INS1739303008518495,Ventilator Care Simulator,pmsr:/COM1786054978467459000,Ventilator Care Simulator Detector,General Medical Device Governance,https://www.fda.gov/medical-devices/device-advice-comprehensive-regulatory-assistance/medical-device-databases,https://www.iso.org/standard/72704.html (403; HTTPError 403: Forbidden),"Replace with instrument-model vendor manual, IFU, datasheet, or product specification page.","Replace governance/support hub with model/component-specific manual, datasheet, or IFU page.",TODO,https://www.fda.gov/medical-devices/device-advice-comprehensive-regulatory-assistance/medical-device-databases | https://www.who.int/teams/health-product-policy-and-standards/assistive-and-medical-technology/medical-devices | https://www.ssih.org/,yes,no,yes,Keep reachable URL only as seed; locate model/component-specific page and replace mapping link.
51,C,Standard remediation item: generic evidence should be replaced by vendor/model evidence.,REPLACE_GENERIC_WITH_COMPONENT_SPECIFIC,pmsr:/INS1739303008518495,Ventilator Care Simulator,pmsr:/COM1786054978467464000,Ventilator Care Simulator Actuator,General Medical Device Governance,https://www.fda.gov/medical-devices/device-advice-comprehensive-regulatory-assistance/medical-device-databases,https://www.iso.org/standard/72704.html (403; HTTPError 403: Forbidden),"Replace with instrument-model vendor manual, IFU, datasheet, or product specification page.","Replace governance/support hub with model/component-specific manual, datasheet, or IFU page.",TODO,https://www.fda.gov/medical-devices/device-advice-comprehensive-regulatory-assistance/medical-device-databases | https://www.who.int/teams/health-product-policy-and-standards/assistive-and-medical-technology/medical-devices | https://www.ssih.org/,yes,no,yes,Keep reachable URL only as seed; locate model/component-specific page and replace mapping link.
,,,REPLACE_GENERIC_WITH_COMPONENT_SPECIFIC,uberon:0005409,,pmsr:/COM1740091527359405,Anal Canal  -- CB:EMPTY,General Medical Device Governance,https://www.fda.gov/medical-devices/device-advice-comprehensive-regulatory-assistance/medical-device-databases,https://www.iso.org/standard/72704.html (403; HTTPError 403: Forbidden),"Replace with instrument-model vendor manual, IFU, datasheet, or product specification page.","Replace governance/support hub with model/component-specific manual, datasheet, or IFU page.",TODO,https://www.fda.gov/medical-devices/device-advice-comprehensive-regulatory-assistance/medical-device-databases | https://www.who.int/teams/health-product-policy-and-standards/assistive-and-medical-technology/medical-devices | https://www.ssih.org/,yes,no,yes,Keep reachable URL only as seed; locate model/component-specific page and replace mapping link.
,,,REPLACE_GENERIC_WITH_COMPONENT_SPECIFIC,uberon:0001004,,pmsr:/COM1738097990641815,Chest Inflator  -- CB:Chest Inflator,General Medical Device Governance,https://www.fda.gov/medical-devices/device-advice-comprehensive-regulatory-assistance/medical-device-databases,https://www.iso.org/standard/72704.html (403; HTTPError 403: Forbidden),"Replace with instrument-model vendor manual, IFU, datasheet, or product specification page.","Replace governance/support hub with model/component-specific manual, datasheet, or IFU page.",TODO,https://www.fda.gov/medical-devices/device-advice-comprehensive-regulatory-assistance/medical-device-databases | https://www.who.int/teams/health-product-policy-and-standards/assistive-and-medical-technology/medical-devices | https://www.ssih.org/,yes,no,yes,Keep reachable URL only as seed; locate model/component-specific page and replace mapping link.
,,,REPLACE_GENERIC_WITH_COMPONENT_SPECIFIC,uberon:0002097,,pmsr:/COM1740484904469385,Human Interaction Pressure Duration Component Stem  -- CB:EMPTY,General Medical Device Governance,https://www.fda.gov/medical-devices/device-advice-comprehensive-regulatory-assistance/medical-device-databases,https://www.iso.org/standard/72704.html (403; HTTPError 403: Forbidden),"Replace with instrument-model vendor manual, IFU, datasheet, or product specification page.","Replace governance/support hub with model/component-specific manual, datasheet, or IFU page.",TODO,https://www.fda.gov/medical-devices/device-advice-comprehensive-regulatory-assistance/medical-device-databases | https://www.who.int/teams/health-product-policy-and-standards/assistive-and-medical-technology/medical-devices | https://www.ssih.org/,yes,no,yes,Keep reachable URL only as seed; locate model/component-specific page and replace mapping link.
,,,REPLACE_GENERIC_WITH_COMPONENT_SPECIFIC,uberon:0009055,,pmsr:/COM1740091620192285,IV Access  -- CB:EMPTY,General Medical Device Governance,https://www.fda.gov/medical-devices/device-advice-comprehensive-regulatory-assistance/medical-device-databases,https://www.iso.org/standard/72704.html (403; HTTPError 403: Forbidden),"Replace with instrument-model vendor manual, IFU, datasheet, or product specification page.","Replace governance/support hub with model/component-specific manual, datasheet, or IFU page.",TODO,https://www.fda.gov/medical-devices/device-advice-comprehensive-regulatory-assistance/medical-device-databases | https://www.who.int/teams/health-product-policy-and-standards/assistive-and-medical-technology/medical-devices | https://www.ssih.org/,yes,no,yes,Keep reachable URL only as seed; locate model/component-specific page and replace mapping link.
,,,REPLACE_GENERIC_WITH_COMPONENT_SPECIFIC,uberon:0000970,,pmsr:/COM1740097957423935,Pupil Simulator  -- CB:Pupil Simulator Size,General Medical Device Governance,https://www.fda.gov/medical-devices/device-advice-comprehensive-regulatory-assistance/medical-device-databases,https://www.iso.org/standard/72704.html (403; HTTPError 403: Forbidden),"Replace with instrument-model vendor manual, IFU, datasheet, or product specification page.","Replace governance/support hub with model/component-specific manual, datasheet, or IFU page.",TODO,https://www.fda.gov/medical-devices/device-advice-comprehensive-regulatory-assistance/medical-device-databases | https://www.who.int/teams/health-product-policy-and-standards/assistive-and-medical-technology/medical-devices | https://www.ssih.org/,yes,no,yes,Keep reachable URL only as seed; locate model/component-specific page and replace mapping link.
,,,REPLACE_GENERIC_WITH_COMPONENT_SPECIFIC,uberon:0002097,,pmsr:/COM1740485914720735,Skin Volume Change Component Stem  -- CB:EMPTY,General Medical Device Governance,https://www.fda.gov/medical-devices/device-advice-comprehensive-regulatory-assistance/medical-device-databases,https://www.iso.org/standard/72704.html (403; HTTPError 403: Forbidden),"Replace with instrument-model vendor manual, IFU, datasheet, or product specification page.","Replace governance/support hub with model/component-specific manual, datasheet, or IFU page.",TODO,https://www.fda.gov/medical-devices/device-advice-comprehensive-regulatory-assistance/medical-device-databases | https://www.who.int/teams/health-product-policy-and-standards/assistive-and-medical-technology/medical-devices | https://www.ssih.org/,yes,no,yes,Keep reachable URL only as seed; locate model/component-specific page and replace mapping link.
,,,REPLACE_GENERIC_WITH_COMPONENT_SPECIFIC,uberon:0001007,,pmsr:/COM1738098129989165,Stoma Inflator  -- CB:Stomach Inflator,General Medical Device Governance,https://www.fda.gov/medical-devices/device-advice-comprehensive-regulatory-assistance/medical-device-databases,https://www.iso.org/standard/72704.html (403; HTTPError 403: Forbidden),"Replace with instrument-model vendor manual, IFU, datasheet, or product specification page.","Replace governance/support hub with model/component-specific manual, datasheet, or IFU page.",TODO,https://www.fda.gov/medical-devices/device-advice-comprehensive-regulatory-assistance/medical-device-databases | https://www.who.int/teams/health-product-policy-and-standards/assistive-and-medical-technology/medical-devices | https://www.ssih.org/,yes,no,yes,Keep reachable URL only as seed; locate model/component-specific page and replace mapping link.
,,,REPLACE_GENERIC_WITH_COMPONENT_SPECIFIC,uberon:0000479,,pmsr:/COM1740493917966195,Tissue Penetration Component Stem  -- CB:EMPTY,General Medical Device Governance,https://www.fda.gov/medical-devices/device-advice-comprehensive-regulatory-assistance/medical-device-databases,https://www.iso.org/standard/72704.html (403; HTTPError 403: Forbidden),"Replace with instrument-model vendor manual, IFU, datasheet, or product specification page.","Replace governance/support hub with model/component-specific manual, datasheet, or IFU page.",TODO,https://www.fda.gov/medical-devices/device-advice-comprehensive-regulatory-assistance/medical-device-databases | https://www.who.int/teams/health-product-policy-and-standards/assistive-and-medical-technology/medical-devices | https://www.ssih.org/,yes,no,yes,Keep reachable URL only as seed; locate model/component-specific page and replace mapping link.
,,,REPLACE_GENERIC_WITH_COMPONENT_SPECIFIC,pmsr:/INS1739819782231595,Anatomage Clinical Table,pmsr:/COM1786054978466106000,Anatomage Clinical Table Actuator,Anatomy Table and 3D Simulation,https://www.anatomage.com/table/,https://www.inacsl.org/healthcare-simulation-standards/ (404; HTTPError 404: Not Found),"Anatomage model documentation (Table/Clinical/Vet), technical specifications, and support articles that mention hardware modules.","Replace governance/support hub with model/component-specific manual, datasheet, or IFU page.",TODO,https://www.anatomage.com/table/ | https://www.anatomage.com/contact/,yes,no,yes,Keep reachable URL only as seed; locate model/component-specific page and replace mapping link.
,,,REPLACE_GENERIC_WITH_COMPONENT_SPECIFIC,pmsr:/INS1739819782231595,Anatomage Clinical Table,pmsr:/COM1786054978466101000,Anatomage Clinical Table Detector,Anatomy Table and 3D Simulation,https://www.anatomage.com/table/,https://www.inacsl.org/healthcare-simulation-standards/ (404; HTTPError 404: Not Found),"Anatomage model documentation (Table/Clinical/Vet), technical specifications, and support articles that mention hardware modules.","Replace governance/support hub with model/component-specific manual, datasheet, or IFU page.",TODO,https://www.anatomage.com/table/ | https://www.anatomage.com/contact/,yes,no,yes,Keep reachable URL only as seed; locate model/component-specific page and replace mapping link.
,,,REPLACE_GENERIC_WITH_COMPONENT_SPECIFIC,pmsr:/INS1739819116467195,Anatomage Large Table,pmsr:/COM1786054978466118000,Anatomage Large Table Actuator,Anatomy Table and 3D Simulation,https://www.anatomage.com/table/,https://www.inacsl.org/healthcare-simulation-standards/ (404; HTTPError 404: Not Found),"Anatomage model documentation (Table/Clinical/Vet), technical specifications, and support articles that mention hardware modules.","Replace governance/support hub with model/component-specific manual, datasheet, or IFU page.",TODO,https://www.anatomage.com/table/ | https://www.anatomage.com/contact/,yes,no,yes,Keep reachable URL only as seed; locate model/component-specific page and replace mapping link.
,,,REPLACE_GENERIC_WITH_COMPONENT_SPECIFIC,pmsr:/INS1739819116467195,Anatomage Large Table,pmsr:/COM1786054978466115000,Anatomage Large Table Detector,Anatomy Table and 3D Simulation,https://www.anatomage.com/table/,https://www.inacsl.org/healthcare-simulation-standards/ (404; HTTPError 404: Not Found),"Anatomage model documentation (Table/Clinical/Vet), technical specifications, and support articles that mention hardware modules.","Replace governance/support hub with model/component-specific manual, datasheet, or IFU page.",TODO,https://www.anatomage.com/table/ | https://www.anatomage.com/contact/,yes,no,yes,Keep reachable URL only as seed; locate model/component-specific page and replace mapping link.
,,,REPLACE_GENERIC_WITH_COMPONENT_SPECIFIC,pmsr:/INS1739819955334025,Anatomage Science Table,pmsr:/COM1786054978466132000,Anatomage Science Table Actuator,Anatomy Table and 3D Simulation,https://www.anatomage.com/table/,https://www.inacsl.org/healthcare-simulation-standards/ (404; HTTPError 404: Not Found),"Anatomage model documentation (Table/Clinical/Vet), technical specifications, and support articles that mention hardware modules.","Replace governance/support hub with model/component-specific manual, datasheet, or IFU page.",TODO,https://www.anatomage.com/table/ | https://www.anatomage.com/contact/,yes,no,yes,Keep reachable URL only as seed; locate model/component-specific page and replace mapping link.
,,,REPLACE_GENERIC_WITH_COMPONENT_SPECIFIC,pmsr:/INS1739819955334025,Anatomage Science Table,pmsr:/COM1786054978466127000,Anatomage Science Table Detector,Anatomy Table and 3D Simulation,https://www.anatomage.com/table/,https://www.inacsl.org/healthcare-simulation-standards/ (404; HTTPError 404: Not Found),"Anatomage model documentation (Table/Clinical/Vet), technical specifications, and support articles that mention hardware modules.","Replace governance/support hub with model/component-specific manual, datasheet, or IFU page.",TODO,https://www.anatomage.com/table/ | https://www.anatomage.com/contact/,yes,no,yes,Keep reachable URL only as seed; locate model/component-specific page and replace mapping link.
,,,REPLACE_GENERIC_WITH_COMPONENT_SPECIFIC,pmsr:/INS1739819599670195,Anatomage Small Tablet,pmsr:/COM1786054978466145000,Anatomage Small Tablet Actuator,Anatomy Table and 3D Simulation,https://www.anatomage.com/table/,https://www.inacsl.org/healthcare-simulation-standards/ (404; HTTPError 404: Not Found),"Anatomage model documentation (Table/Clinical/Vet), technical specifications, and support articles that mention hardware modules.","Replace governance/support hub with model/component-specific manual, datasheet, or IFU page.",TODO,https://www.anatomage.com/table/ | https://www.anatomage.com/contact/,yes,no,yes,Keep reachable URL only as seed; locate model/component-specific page and replace mapping link.
,,,REPLACE_GENERIC_WITH_COMPONENT_SPECIFIC,pmsr:/INS1739819599670195,Anatomage Small Tablet,pmsr:/COM1786054978466141000,Anatomage Small Tablet Detector,Anatomy Table and 3D Simulation,https://www.anatomage.com/table/,https://www.inacsl.org/healthcare-simulation-standards/ (404; HTTPError 404: Not Found),"Anatomage model documentation (Table/Clinical/Vet), technical specifications, and support articles that mention hardware modules.","Replace governance/support hub with model/component-specific manual, datasheet, or IFU page.",TODO,https://www.anatomage.com/table/ | https://www.anatomage.com/contact/,yes,no,yes,Keep reachable URL only as seed; locate model/component-specific page and replace mapping link.
,,,REPLACE_GENERIC_WITH_COMPONENT_SPECIFIC,pmsr:/INS1739452063713965,Anatomage Table Simulator,pmsr:/COM1786054978466157000,Anatomage Table Simulator Actuator,Anatomy Table and 3D Simulation,https://www.anatomage.com/table/,https://www.inacsl.org/healthcare-simulation-standards/ (404; HTTPError 404: Not Found),"Anatomage model documentation (Table/Clinical/Vet), technical specifications, and support articles that mention hardware modules.","Replace governance/support hub with model/component-specific manual, datasheet, or IFU page.",TODO,https://www.anatomage.com/table/ | https://www.anatomage.com/contact/,yes,no,yes,Keep reachable URL only as seed; locate model/component-specific page and replace mapping link.
,,,REPLACE_GENERIC_WITH_COMPONENT_SPECIFIC,pmsr:/INS1739452063713965,Anatomage Table Simulator,pmsr:/COM1786054978466154000,Anatomage Table Simulator Detector,Anatomy Table and 3D Simulation,https://www.anatomage.com/table/,https://www.inacsl.org/healthcare-simulation-standards/ (404; HTTPError 404: Not Found),"Anatomage model documentation (Table/Clinical/Vet), technical specifications, and support articles that mention hardware modules.","Replace governance/support hub with model/component-specific manual, datasheet, or IFU page.",TODO,https://www.anatomage.com/table/ | https://www.anatomage.com/contact/,yes,no,yes,Keep reachable URL only as seed; locate model/component-specific page and replace mapping link.
,,,REPLACE_GENERIC_WITH_COMPONENT_SPECIFIC,pmsr:/INS1739819868350395,Anatomage Vet Table,pmsr:/COM1786054978466170000,Anatomage Vet Table Actuator,Anatomy Table and 3D Simulation,https://www.anatomage.com/table/,https://www.inacsl.org/healthcare-simulation-standards/ (404; HTTPError 404: Not Found),"Anatomage model documentation (Table/Clinical/Vet), technical specifications, and support articles that mention hardware modules.","Replace governance/support hub with model/component-specific manual, datasheet, or IFU page.",TODO,https://www.anatomage.com/table/ | https://www.anatomage.com/contact/,yes,no,yes,Keep reachable URL only as seed; locate model/component-specific page and replace mapping link.
,,,REPLACE_GENERIC_WITH_COMPONENT_SPECIFIC,pmsr:/INS1739819868350395,Anatomage Vet Table,pmsr:/COM1786054978466167000,Anatomage Vet Table Detector,Anatomy Table and 3D Simulation,https://www.anatomage.com/table/,https://www.inacsl.org/healthcare-simulation-standards/ (404; HTTPError 404: Not Found),"Anatomage model documentation (Table/Clinical/Vet), technical specifications, and support articles that mention hardware modules.","Replace governance/support hub with model/component-specific manual, datasheet, or IFU page.",TODO,https://www.anatomage.com/table/ | https://www.anatomage.com/contact/,yes,no,yes,Keep reachable URL only as seed; locate model/component-specific page and replace mapping link.
,,,REPLACE_GENERIC_WITH_COMPONENT_SPECIFIC,pmsr:/INS1739878730369725,Body Interact Simulator,pmsr:/COM1786054978466212000,Body Interact Simulator Actuator,Virtual Patient and Digital Simulation,https://www.ssih.org/,"https://support.bodyinteract.com/ (None; URLError: [Errno 8] nodename nor servname provided, or not known)",Platform-specific technical and integration docs that enumerate sensing/interaction components.,"Replace governance/support hub with model/component-specific manual, datasheet, or IFU page.",TODO,https://bodyinteract.com/,yes,no,yes,Keep reachable URL only as seed; locate model/component-specific page and replace mapping link.
,,,REPLACE_GENERIC_WITH_COMPONENT_SPECIFIC,pmsr:/INS1739878730369725,Body Interact Simulator,pmsr:/COM1786054978466208000,Body Interact Simulator Detector,Virtual Patient and Digital Simulation,https://www.ssih.org/,"https://support.bodyinteract.com/ (None; URLError: [Errno 8] nodename nor servname provided, or not known)",Platform-specific technical and integration docs that enumerate sensing/interaction components.,"Replace governance/support hub with model/component-specific manual, datasheet, or IFU page.",TODO,https://bodyinteract.com/,yes,no,yes,Keep reachable URL only as seed; locate model/component-specific page and replace mapping link.
,,,REPLACE_GENERIC_WITH_COMPONENT_SPECIFIC,pmsr:/INS1739301189412025,CAD-CAM System,pmsr:/COM1786054978466256000,CAD-CAM System Actuator,Dental and Oral Scanning Systems,https://support.3shape.com/ | https://www.fda.gov/medical-devices/device-advice-comprehensive-regulatory-assistance/medical-device-databases,,"3Shape/Medit model-specific manuals, scanner technical data sheets, calibration and accessory documentation.","Replace governance/support hub with model/component-specific manual, datasheet, or IFU page.",TODO,https://support.3shape.com/,yes,no,yes,Keep reachable URL only as seed; locate model/component-specific page and replace mapping link.
,,,REPLACE_GENERIC_WITH_COMPONENT_SPECIFIC,pmsr:/INS1739301189412025,CAD-CAM System,pmsr:/COM1786054978466252000,CAD-CAM System Detector,Dental and Oral Scanning Systems,https://support.3shape.com/ | https://www.fda.gov/medical-devices/device-advice-comprehensive-regulatory-assistance/medical-device-databases,,"3Shape/Medit model-specific manuals, scanner technical data sheets, calibration and accessory documentation.","Replace governance/support hub with model/component-specific manual, datasheet, or IFU page.",TODO,https://support.3shape.com/,yes,no,yes,Keep reachable URL only as seed; locate model/component-specific page and replace mapping link.
,,,REPLACE_GENERIC_WITH_COMPONENT_SPECIFIC,pmsr:/INS1739288499528465,Chison Cbit-9 Stationary Ultrasound,pmsr:/COM1786054978466332000,Chison Cbit-9 Stationary Ultrasound Actuator,Point-of-Care Ultrasound and Imaging,https://support.butterflynetwork.com/hc/en-us | https://www.who.int/teams/health-product-policy-and-standards/assistive-and-medical-technology/medical-devices,,"Vendor model docs (Butterfly/CHISON), probe specs, transducer and interface documentation.","Replace governance/support hub with model/component-specific manual, datasheet, or IFU page.",TODO,https://support.butterflynetwork.com/hc/en-us | https://www.chison.com/products/,yes,no,yes,Keep reachable URL only as seed; locate model/component-specific page and replace mapping link.
,,,REPLACE_GENERIC_WITH_COMPONENT_SPECIFIC,pmsr:/INS1739288499528465,Chison Cbit-9 Stationary Ultrasound,pmsr:/COM1786054978466328000,Chison Cbit-9 Stationary Ultrasound Detector,Point-of-Care Ultrasound and Imaging,https://support.butterflynetwork.com/hc/en-us | https://www.who.int/teams/health-product-policy-and-standards/assistive-and-medical-technology/medical-devices,,"Vendor model docs (Butterfly/CHISON), probe specs, transducer and interface documentation.","Replace governance/support hub with model/component-specific manual, datasheet, or IFU page.",TODO,https://support.butterflynetwork.com/hc/en-us | https://www.chison.com/products/,yes,no,yes,Keep reachable URL only as seed; locate model/component-specific page and replace mapping link.
,,,REPLACE_GENERIC_WITH_COMPONENT_SPECIFIC,pmsr:/INS1739288006994165,Diagnostic Imaging Simulator,pmsr:/COM1786054978466364000,Diagnostic Imaging Simulator Actuator,Point-of-Care Ultrasound and Imaging,https://support.butterflynetwork.com/hc/en-us | https://www.who.int/teams/health-product-policy-and-standards/assistive-and-medical-technology/medical-devices,,"Vendor model docs (Butterfly/CHISON), probe specs, transducer and interface documentation.","Replace governance/support hub with model/component-specific manual, datasheet, or IFU page.",TODO,https://support.butterflynetwork.com/hc/en-us | https://www.chison.com/products/,yes,no,yes,Keep reachable URL only as seed; locate model/component-specific page and replace mapping link.
,,,REPLACE_GENERIC_WITH_COMPONENT_SPECIFIC,pmsr:/INS1739288006994165,Diagnostic Imaging Simulator,pmsr:/COM1786054978466360000,Diagnostic Imaging Simulator Detector,Point-of-Care Ultrasound and Imaging,https://support.butterflynetwork.com/hc/en-us | https://www.who.int/teams/health-product-policy-and-standards/assistive-and-medical-technology/medical-devices,,"Vendor model docs (Butterfly/CHISON), probe specs, transducer and interface documentation.","Replace governance/support hub with model/component-specific manual, datasheet, or IFU page.",TODO,https://support.butterflynetwork.com/hc/en-us | https://www.chison.com/products/,yes,no,yes,Keep reachable URL only as seed; locate model/component-specific page and replace mapping link.
,,,REPLACE_GENERIC_WITH_COMPONENT_SPECIFIC,pmsr:/INS1739288153666735,Diagnostic Ultrasound,pmsr:/COM1786054978466395000,Diagnostic Ultrasound Actuator,Point-of-Care Ultrasound and Imaging,https://support.butterflynetwork.com/hc/en-us | https://www.who.int/teams/health-product-policy-and-standards/assistive-and-medical-technology/medical-devices,,"Vendor model docs (Butterfly/CHISON), probe specs, transducer and interface documentation.","Replace governance/support hub with model/component-specific manual, datasheet, or IFU page.",TODO,https://support.butterflynetwork.com/hc/en-us | https://www.chison.com/products/,yes,no,yes,Keep reachable URL only as seed; locate model/component-specific page and replace mapping link.
,,,REPLACE_GENERIC_WITH_COMPONENT_SPECIFIC,pmsr:/INS1739288153666735,Diagnostic Ultrasound,pmsr:/COM1786054978466392000,Diagnostic Ultrasound Detector,Point-of-Care Ultrasound and Imaging,https://support.butterflynetwork.com/hc/en-us | https://www.who.int/teams/health-product-policy-and-standards/assistive-and-medical-technology/medical-devices,,"Vendor model docs (Butterfly/CHISON), probe specs, transducer and interface documentation.","Replace governance/support hub with model/component-specific manual, datasheet, or IFU page.",TODO,https://support.butterflynetwork.com/hc/en-us | https://www.chison.com/products/,yes,no,yes,Keep reachable URL only as seed; locate model/component-specific page and replace mapping link.
,,,REPLACE_GENERIC_WITH_COMPONENT_SPECIFIC,pmsr:/INS1739300958884615,Imaging,pmsr:/COM1786054978466538000,Imaging Actuator,Point-of-Care Ultrasound and Imaging,https://support.butterflynetwork.com/hc/en-us | https://www.who.int/teams/health-product-policy-and-standards/assistive-and-medical-technology/medical-devices,,"Vendor model docs (Butterfly/CHISON), probe specs, transducer and interface documentation.","Replace governance/support hub with model/component-specific manual, datasheet, or IFU page.",TODO,https://support.butterflynetwork.com/hc/en-us | https://www.chison.com/products/,yes,no,yes,Keep reachable URL only as seed; locate model/component-specific page and replace mapping link.
,,,REPLACE_GENERIC_WITH_COMPONENT_SPECIFIC,pmsr:/INS1739300958884615,Imaging,pmsr:/COM1786054978466531000,Imaging Detector,Point-of-Care Ultrasound and Imaging,https://support.butterflynetwork.com/hc/en-us | https://www.who.int/teams/health-product-policy-and-standards/assistive-and-medical-technology/medical-devices,,"Vendor model docs (Butterfly/CHISON), probe specs, transducer and interface documentation.","Replace governance/support hub with model/component-specific manual, datasheet, or IFU page.",TODO,https://support.butterflynetwork.com/hc/en-us | https://www.chison.com/products/,yes,no,yes,Keep reachable URL only as seed; locate model/component-specific page and replace mapping link.
,,,REPLACE_GENERIC_WITH_COMPONENT_SPECIFIC,pmsr:/INS1739821032633525,Monitoring Virtual Simulator,pmsr:/COM1786054978466859000,Monitoring Virtual Simulator Actuator,Point-of-Care Ultrasound and Imaging,https://support.butterflynetwork.com/hc/en-us | https://www.who.int/teams/health-product-policy-and-standards/assistive-and-medical-technology/medical-devices,,"Vendor model docs (Butterfly/CHISON), probe specs, transducer and interface documentation.","Replace governance/support hub with model/component-specific manual, datasheet, or IFU page.",TODO,https://support.butterflynetwork.com/hc/en-us | https://www.chison.com/products/,yes,no,yes,Keep reachable URL only as seed; locate model/component-specific page and replace mapping link.
,,,REPLACE_GENERIC_WITH_COMPONENT_SPECIFIC,pmsr:/INS1739821032633525,Monitoring Virtual Simulator,pmsr:/COM1786054978466854000,Monitoring Virtual Simulator Detector,Point-of-Care Ultrasound and Imaging,https://support.butterflynetwork.com/hc/en-us | https://www.who.int/teams/health-product-policy-and-standards/assistive-and-medical-technology/medical-devices,,"Vendor model docs (Butterfly/CHISON), probe specs, transducer and interface documentation.","Replace governance/support hub with model/component-specific manual, datasheet, or IFU page.",TODO,https://support.butterflynetwork.com/hc/en-us | https://www.chison.com/products/,yes,no,yes,Keep reachable URL only as seed; locate model/component-specific page and replace mapping link.
,,,REPLACE_GENERIC_WITH_COMPONENT_SPECIFIC,pmsr:/INS1740087575777435,Patient Monitor Simulator,pmsr:/COM1786054978466953000,Patient Monitor Simulator Actuator,Point-of-Care Ultrasound and Imaging,https://support.butterflynetwork.com/hc/en-us | https://www.who.int/teams/health-product-policy-and-standards/assistive-and-medical-technology/medical-devices,,"Vendor model docs (Butterfly/CHISON), probe specs, transducer and interface documentation.","Replace governance/support hub with model/component-specific manual, datasheet, or IFU page.",TODO,https://support.butterflynetwork.com/hc/en-us | https://www.chison.com/products/,yes,no,yes,Keep reachable URL only as seed; locate model/component-specific page and replace mapping link.
,,,REPLACE_GENERIC_WITH_COMPONENT_SPECIFIC,pmsr:/INS1740087575777435,Patient Monitor Simulator,pmsr:/COM1786054978466941000,Patient Monitor Simulator Detector,Point-of-Care Ultrasound and Imaging,https://support.butterflynetwork.com/hc/en-us | https://www.who.int/teams/health-product-policy-and-standards/assistive-and-medical-technology/medical-devices,,"Vendor model docs (Butterfly/CHISON), probe specs, transducer and interface documentation.","Replace governance/support hub with model/component-specific manual, datasheet, or IFU page.",TODO,https://support.butterflynetwork.com/hc/en-us | https://www.chison.com/products/,yes,no,yes,Keep reachable URL only as seed; locate model/component-specific page and replace mapping link.
,,,REPLACE_GENERIC_WITH_COMPONENT_SPECIFIC,pmsr:/INS1739288566447555,Portable Ultrasound,pmsr:/COM1786054978467094000,Portable Ultrasound Actuator,Point-of-Care Ultrasound and Imaging,https://support.butterflynetwork.com/hc/en-us | https://www.who.int/teams/health-product-policy-and-standards/assistive-and-medical-technology/medical-devices,,"Vendor model docs (Butterfly/CHISON), probe specs, transducer and interface documentation.","Replace governance/support hub with model/component-specific manual, datasheet, or IFU page.",TODO,https://support.butterflynetwork.com/hc/en-us | https://www.chison.com/products/,yes,no,yes,Keep reachable URL only as seed; locate model/component-specific page and replace mapping link.
,,,REPLACE_GENERIC_WITH_COMPONENT_SPECIFIC,pmsr:/INS1739288566447555,Portable Ultrasound,pmsr:/COM1786054978467089000,Portable Ultrasound Detector,Point-of-Care Ultrasound and Imaging,https://support.butterflynetwork.com/hc/en-us | https://www.who.int/teams/health-product-policy-and-standards/assistive-and-medical-technology/medical-devices,,"Vendor model docs (Butterfly/CHISON), probe specs, transducer and interface documentation.","Replace governance/support hub with model/component-specific manual, datasheet, or IFU page.",TODO,https://support.butterflynetwork.com/hc/en-us | https://www.chison.com/products/,yes,no,yes,Keep reachable URL only as seed; locate model/component-specific page and replace mapping link.
,,,REPLACE_GENERIC_WITH_COMPONENT_SPECIFIC,pmsr:/INS1739878788687655,Sophia Body Interact AI Assistant,pmsr:/COM1786054978467273000,Sophia Body Interact AI Assistant Actuator,Virtual Patient and Digital Simulation,https://www.ssih.org/,"https://support.bodyinteract.com/ (None; URLError: [Errno 8] nodename nor servname provided, or not known)",Platform-specific technical and integration docs that enumerate sensing/interaction components.,"Replace governance/support hub with model/component-specific manual, datasheet, or IFU page.",TODO,https://bodyinteract.com/,yes,no,yes,Keep reachable URL only as seed; locate model/component-specific page and replace mapping link.
,,,REPLACE_GENERIC_WITH_COMPONENT_SPECIFIC,pmsr:/INS1739878788687655,Sophia Body Interact AI Assistant,pmsr:/COM1786054978467268000,Sophia Body Interact AI Assistant Detector,Virtual Patient and Digital Simulation,https://www.ssih.org/,"https://support.bodyinteract.com/ (None; URLError: [Errno 8] nodename nor servname provided, or not known)",Platform-specific technical and integration docs that enumerate sensing/interaction components.,"Replace governance/support hub with model/component-specific manual, datasheet, or IFU page.",TODO,https://bodyinteract.com/,yes,no,yes,Keep reachable URL only as seed; locate model/component-specific page and replace mapping link.
,,,REPLACE_GENERIC_WITH_COMPONENT_SPECIFIC,pmsr:/INS1739288428472235,Ultrasound,pmsr:/COM1786054978467343000,Ultrasound Actuator,Point-of-Care Ultrasound and Imaging,https://support.butterflynetwork.com/hc/en-us | https://www.who.int/teams/health-product-policy-and-standards/assistive-and-medical-technology/medical-devices,,"Vendor model docs (Butterfly/CHISON), probe specs, transducer and interface documentation.","Replace governance/support hub with model/component-specific manual, datasheet, or IFU page.",TODO,https://support.butterflynetwork.com/hc/en-us | https://www.chison.com/products/,yes,no,yes,Keep reachable URL only as seed; locate model/component-specific page and replace mapping link.
,,,REPLACE_GENERIC_WITH_COMPONENT_SPECIFIC,pmsr:/INS1739288428472235,Ultrasound,pmsr:/COM1786054978467339000,Ultrasound Detector,Point-of-Care Ultrasound and Imaging,https://support.butterflynetwork.com/hc/en-us | https://www.who.int/teams/health-product-policy-and-standards/assistive-and-medical-technology/medical-devices,,"Vendor model docs (Butterfly/CHISON), probe specs, transducer and interface documentation.","Replace governance/support hub with model/component-specific manual, datasheet, or IFU page.",TODO,https://support.butterflynetwork.com/hc/en-us | https://www.chison.com/products/,yes,no,yes,Keep reachable URL only as seed; locate model/component-specific page and replace mapping link.
,,,REPLACE_GENERIC_WITH_COMPONENT_SPECIFIC,pmsr:/INS1739288297796655,Vascular Access Ultrasound Simulator,pmsr:/COM1786054978467440000,Vascular Access Ultrasound Simulator Actuator,Point-of-Care Ultrasound and Imaging,https://support.butterflynetwork.com/hc/en-us | https://www.who.int/teams/health-product-policy-and-standards/assistive-and-medical-technology/medical-devices,,"Vendor model docs (Butterfly/CHISON), probe specs, transducer and interface documentation.","Replace governance/support hub with model/component-specific manual, datasheet, or IFU page.",TODO,https://support.butterflynetwork.com/hc/en-us | https://www.chison.com/products/,yes,no,yes,Keep reachable URL only as seed; locate model/component-specific page and replace mapping link.
,,,REPLACE_GENERIC_WITH_COMPONENT_SPECIFIC,pmsr:/INS1739288297796655,Vascular Access Ultrasound Simulator,pmsr:/COM1786054978467435000,Vascular Access Ultrasound Simulator Detector,Point-of-Care Ultrasound and Imaging,https://support.butterflynetwork.com/hc/en-us | https://www.who.int/teams/health-product-policy-and-standards/assistive-and-medical-technology/medical-devices,,"Vendor model docs (Butterfly/CHISON), probe specs, transducer and interface documentation.","Replace governance/support hub with model/component-specific manual, datasheet, or IFU page.",TODO,https://support.butterflynetwork.com/hc/en-us | https://www.chison.com/products/,yes,no,yes,Keep reachable URL only as seed; locate model/component-specific page and replace mapping link.
,,,REPLACE_GENERIC_WITH_COMPONENT_SPECIFIC,pmsr:VirtualMedicalSimulator,Virtual Medical Simulator,pmsr:/COM1786054978467488000,Virtual Medical Simulator Actuator,Virtual Patient and Digital Simulation,https://www.ssih.org/,"https://support.bodyinteract.com/ (None; URLError: [Errno 8] nodename nor servname provided, or not known)",Platform-specific technical and integration docs that enumerate sensing/interaction components.,"Replace governance/support hub with model/component-specific manual, datasheet, or IFU page.",TODO,https://bodyinteract.com/,yes,no,yes,Keep reachable URL only as seed; locate model/component-specific page and replace mapping link.
,,,REPLACE_GENERIC_WITH_COMPONENT_SPECIFIC,pmsr:VirtualMedicalSimulator,Virtual Medical Simulator,pmsr:/COM1786054978467484000,Virtual Medical Simulator Detector,Virtual Patient and Digital Simulation,https://www.ssih.org/,"https://support.bodyinteract.com/ (None; URLError: [Errno 8] nodename nor servname provided, or not known)",Platform-specific technical and integration docs that enumerate sensing/interaction components.,"Replace governance/support hub with model/component-specific manual, datasheet, or IFU page.",TODO,https://bodyinteract.com/,yes,no,yes,Keep reachable URL only as seed; locate model/component-specific page and replace mapping link.
,,,REPLACE_GENERIC_WITH_COMPONENT_SPECIFIC,pmsr:/INS1739451831725785,Virtual Patient Anatomy Simulator,pmsr:/COM1786054978467513000,Virtual Patient Anatomy Simulator Actuator,Virtual Patient and Digital Simulation,https://www.ssih.org/,"https://support.bodyinteract.com/ (None; URLError: [Errno 8] nodename nor servname provided, or not known)",Platform-specific technical and integration docs that enumerate sensing/interaction components.,"Replace governance/support hub with model/component-specific manual, datasheet, or IFU page.",TODO,https://bodyinteract.com/,yes,no,yes,Keep reachable URL only as seed; locate model/component-specific page and replace mapping link.
,,,REPLACE_GENERIC_WITH_COMPONENT_SPECIFIC,pmsr:/INS1739451831725785,Virtual Patient Anatomy Simulator,pmsr:/COM1786054978467508000,Virtual Patient Anatomy Simulator Detector,Virtual Patient and Digital Simulation,https://www.ssih.org/,"https://support.bodyinteract.com/ (None; URLError: [Errno 8] nodename nor servname provided, or not known)",Platform-specific technical and integration docs that enumerate sensing/interaction components.,"Replace governance/support hub with model/component-specific manual, datasheet, or IFU page.",TODO,https://bodyinteract.com/,yes,no,yes,Keep reachable URL only as seed; locate model/component-specific page and replace mapping link.
,,,REPLACE_GENERIC_WITH_COMPONENT_SPECIFIC,pmsr:/INS1739488340413085,Virtual Patient Interaction Simulator,pmsr:/COM1786054978467538000,Virtual Patient Interaction Simulator Actuator,Virtual Patient and Digital Simulation,https://www.ssih.org/,"https://support.bodyinteract.com/ (None; URLError: [Errno 8] nodename nor servname provided, or not known)",Platform-specific technical and integration docs that enumerate sensing/interaction components.,"Replace governance/support hub with model/component-specific manual, datasheet, or IFU page.",TODO,https://bodyinteract.com/,yes,no,yes,Keep reachable URL only as seed; locate model/component-specific page and replace mapping link.
,,,REPLACE_GENERIC_WITH_COMPONENT_SPECIFIC,pmsr:/INS1739488340413085,Virtual Patient Interaction Simulator,pmsr:/COM1786054978467534000,Virtual Patient Interaction Simulator Detector,Virtual Patient and Digital Simulation,https://www.ssih.org/,"https://support.bodyinteract.com/ (None; URLError: [Errno 8] nodename nor servname provided, or not known)",Platform-specific technical and integration docs that enumerate sensing/interaction components.,"Replace governance/support hub with model/component-specific manual, datasheet, or IFU page.",TODO,https://bodyinteract.com/,yes,no,yes,Keep reachable URL only as seed; locate model/component-specific page and replace mapping link.
4,C,Standard remediation item: generic evidence should be replaced by vendor/model evidence.,UPGRADE_FROM_LEXICAL_TO_EXPLICIT,pmsr:/INS1739402230863265,Blood Pressure Measurement Simulator,pmsr:/COM1786054978466194000,Blood Pressure Measurement Simulator Detector,General Medical Device Governance,https://www.fda.gov/medical-devices/device-advice-comprehensive-regulatory-assistance/medical-device-databases,https://www.iso.org/standard/72704.html (403; HTTPError 403: Forbidden),"Replace with instrument-model vendor manual, IFU, datasheet, or product specification page.",Keep reachable vendor page but add direct citation that explicitly names this detector/actuator/component.,TODO,https://www.fda.gov/medical-devices/device-advice-comprehensive-regulatory-assistance/medical-device-databases | https://www.who.int/teams/health-product-policy-and-standards/assistive-and-medical-technology/medical-devices | https://www.ssih.org/,yes,no,no,Retain seed URL; add explicit component citation page/snippet for detector/actuator confirmation.
5,C,Standard remediation item: generic evidence should be replaced by vendor/model evidence.,UPGRADE_FROM_LEXICAL_TO_EXPLICIT,pmsr:/INS1739402230863265,Blood Pressure Measurement Simulator,pmsr:/COM1786054978466198000,Blood Pressure Measurement Simulator Actuator,General Medical Device Governance,https://www.fda.gov/medical-devices/device-advice-comprehensive-regulatory-assistance/medical-device-databases,https://www.iso.org/standard/72704.html (403; HTTPError 403: Forbidden),"Replace with instrument-model vendor manual, IFU, datasheet, or product specification page.",Keep reachable vendor page but add direct citation that explicitly names this detector/actuator/component.,TODO,https://www.fda.gov/medical-devices/device-advice-comprehensive-regulatory-assistance/medical-device-databases | https://www.who.int/teams/health-product-policy-and-standards/assistive-and-medical-technology/medical-devices | https://www.ssih.org/,yes,no,no,Retain seed URL; add explicit component citation page/snippet for detector/actuator confirmation.
18,C,Standard remediation item: generic evidence should be replaced by vendor/model evidence.,UPGRADE_FROM_LEXICAL_TO_EXPLICIT,pmsr:/INS1739404158691525,Ear Irrigation Simulator,pmsr:/COM1786054978466408000,Ear Irrigation Simulator Detector,General Medical Device Governance,https://www.fda.gov/medical-devices/device-advice-comprehensive-regulatory-assistance/medical-device-databases,https://www.iso.org/standard/72704.html (403; HTTPError 403: Forbidden),"Replace with instrument-model vendor manual, IFU, datasheet, or product specification page.",Keep reachable vendor page but add direct citation that explicitly names this detector/actuator/component.,TODO,https://www.fda.gov/medical-devices/device-advice-comprehensive-regulatory-assistance/medical-device-databases | https://www.who.int/teams/health-product-policy-and-standards/assistive-and-medical-technology/medical-devices | https://www.ssih.org/,yes,no,no,Retain seed URL; add explicit component citation page/snippet for detector/actuator confirmation.
19,C,Standard remediation item: generic evidence should be replaced by vendor/model evidence.,UPGRADE_FROM_LEXICAL_TO_EXPLICIT,pmsr:/INS1739404158691525,Ear Irrigation Simulator,pmsr:/COM1786054978466412000,Ear Irrigation Simulator Actuator,General Medical Device Governance,https://www.fda.gov/medical-devices/device-advice-comprehensive-regulatory-assistance/medical-device-databases,https://www.iso.org/standard/72704.html (403; HTTPError 403: Forbidden),"Replace with instrument-model vendor manual, IFU, datasheet, or product specification page.",Keep reachable vendor page but add direct citation that explicitly names this detector/actuator/component.,TODO,https://www.fda.gov/medical-devices/device-advice-comprehensive-regulatory-assistance/medical-device-databases | https://www.who.int/teams/health-product-policy-and-standards/assistive-and-medical-technology/medical-devices | https://www.ssih.org/,yes,no,no,Retain seed URL; add explicit component citation page/snippet for detector/actuator confirmation.
,,,UPGRADE_FROM_LEXICAL_TO_EXPLICIT,uberon:0004535,,pmsr:/COM1738095221724775,Shock Link Monitor  -- CB:EMPTY,General Medical Device Governance,https://www.fda.gov/medical-devices/device-advice-comprehensive-regulatory-assistance/medical-device-databases,https://www.iso.org/standard/72704.html (403; HTTPError 403: Forbidden),"Replace with instrument-model vendor manual, IFU, datasheet, or product specification page.",Keep reachable vendor page but add direct citation that explicitly names this detector/actuator/component.,TODO,https://www.fda.gov/medical-devices/device-advice-comprehensive-regulatory-assistance/medical-device-databases | https://www.who.int/teams/health-product-policy-and-standards/assistive-and-medical-technology/medical-devices | https://www.ssih.org/,yes,no,no,Retain seed URL; add explicit component citation page/snippet for detector/actuator confirmation.
,,,UPGRADE_FROM_LEXICAL_TO_EXPLICIT,pmsr:/INS1739301009974715,ARTEC LEO Scanner,pmsr:/COM1786054978466052000,ARTEC LEO Scanner Actuator,Dental and Oral Scanning Systems,https://support.3shape.com/ | https://www.fda.gov/medical-devices/device-advice-comprehensive-regulatory-assistance/medical-device-databases,,"3Shape/Medit model-specific manuals, scanner technical data sheets, calibration and accessory documentation.",Keep reachable vendor page but add direct citation that explicitly names this detector/actuator/component.,TODO,https://support.3shape.com/,yes,no,no,Retain seed URL; add explicit component citation page/snippet for detector/actuator confirmation.
,,,UPGRADE_FROM_LEXICAL_TO_EXPLICIT,pmsr:/INS1739301009974715,ARTEC LEO Scanner,pmsr:/COM1786054978466045000,ARTEC LEO Scanner Detector,Dental and Oral Scanning Systems,https://support.3shape.com/ | https://www.fda.gov/medical-devices/device-advice-comprehensive-regulatory-assistance/medical-device-databases,,"3Shape/Medit model-specific manuals, scanner technical data sheets, calibration and accessory documentation.",Keep reachable vendor page but add direct citation that explicitly names this detector/actuator/component.,TODO,https://support.3shape.com/,yes,no,no,Retain seed URL; add explicit component citation page/snippet for detector/actuator confirmation.
,,,UPGRADE_FROM_LEXICAL_TO_EXPLICIT,pmsr:/INS1739288625580975,Butterfly IQ+,pmsr:/COM1786054978466225000,Butterfly IQ+ Actuator,Point-of-Care Ultrasound and Imaging,https://support.butterflynetwork.com/hc/en-us | https://www.who.int/teams/health-product-policy-and-standards/assistive-and-medical-technology/medical-devices,,"Vendor model docs (Butterfly/CHISON), probe specs, transducer and interface documentation.",Keep reachable vendor page but add direct citation that explicitly names this detector/actuator/component.,TODO,https://support.butterflynetwork.com/hc/en-us | https://www.chison.com/products/,yes,no,no,Retain seed URL; add explicit component citation page/snippet for detector/actuator confirmation.
,,,UPGRADE_FROM_LEXICAL_TO_EXPLICIT,pmsr:/INS1739288625580975,Butterfly IQ+,pmsr:/COM1786054978466222000,Butterfly IQ+ Detector,Point-of-Care Ultrasound and Imaging,https://support.butterflynetwork.com/hc/en-us | https://www.who.int/teams/health-product-policy-and-standards/assistive-and-medical-technology/medical-devices,,"Vendor model docs (Butterfly/CHISON), probe specs, transducer and interface documentation.",Keep reachable vendor page but add direct citation that explicitly names this detector/actuator/component.,TODO,https://support.butterflynetwork.com/hc/en-us | https://www.chison.com/products/,yes,no,no,Retain seed URL; add explicit component citation page/snippet for detector/actuator confirmation.
,,,UPGRADE_FROM_LEXICAL_TO_EXPLICIT,pmsr:/INS1739288691415495,Butterfly Ultrasound Probes,pmsr:/COM1786054978466241000,Butterfly Ultrasound Probes Actuator,Point-of-Care Ultrasound and Imaging,https://support.butterflynetwork.com/hc/en-us | https://www.who.int/teams/health-product-policy-and-standards/assistive-and-medical-technology/medical-devices,,"Vendor model docs (Butterfly/CHISON), probe specs, transducer and interface documentation.",Keep reachable vendor page but add direct citation that explicitly names this detector/actuator/component.,TODO,https://support.butterflynetwork.com/hc/en-us | https://www.chison.com/products/,yes,no,no,Retain seed URL; add explicit component citation page/snippet for detector/actuator confirmation.
,,,UPGRADE_FROM_LEXICAL_TO_EXPLICIT,pmsr:/INS1739288691415495,Butterfly Ultrasound Probes,pmsr:/COM1786054978466236000,Butterfly Ultrasound Probes Detector,Point-of-Care Ultrasound and Imaging,https://support.butterflynetwork.com/hc/en-us | https://www.who.int/teams/health-product-policy-and-standards/assistive-and-medical-technology/medical-devices,,"Vendor model docs (Butterfly/CHISON), probe specs, transducer and interface documentation.",Keep reachable vendor page but add direct citation that explicitly names this detector/actuator/component.,TODO,https://support.butterflynetwork.com/hc/en-us | https://www.chison.com/products/,yes,no,no,Retain seed URL; add explicit component citation page/snippet for detector/actuator confirmation.
,,,UPGRADE_FROM_LEXICAL_TO_EXPLICIT,pmsr:/INS1739301133578555,Extraoral Scanner,pmsr:/COM1786054978466429000,Extraoral Scanner Actuator,Dental and Oral Scanning Systems,https://support.3shape.com/ | https://www.fda.gov/medical-devices/device-advice-comprehensive-regulatory-assistance/medical-device-databases,,"3Shape/Medit model-specific manuals, scanner technical data sheets, calibration and accessory documentation.",Keep reachable vendor page but add direct citation that explicitly names this detector/actuator/component.,TODO,https://support.3shape.com/,yes,no,no,Retain seed URL; add explicit component citation page/snippet for detector/actuator confirmation.
,,,UPGRADE_FROM_LEXICAL_TO_EXPLICIT,pmsr:/INS1739301133578555,Extraoral Scanner,pmsr:/COM1786054978466425000,Extraoral Scanner Detector,Dental and Oral Scanning Systems,https://support.3shape.com/ | https://www.fda.gov/medical-devices/device-advice-comprehensive-regulatory-assistance/medical-device-databases,,"3Shape/Medit model-specific manuals, scanner technical data sheets, calibration and accessory documentation.",Keep reachable vendor page but add direct citation that explicitly names this detector/actuator/component.,TODO,https://support.3shape.com/,yes,no,no,Retain seed URL; add explicit component citation page/snippet for detector/actuator confirmation.
,,,UPGRADE_FROM_LEXICAL_TO_EXPLICIT,pmsr:/INS1739301081410085,Intraoral Scanner,pmsr:/COM1786054978466575000,Intraoral Scanner Actuator,Dental and Oral Scanning Systems,https://support.3shape.com/ | https://www.fda.gov/medical-devices/device-advice-comprehensive-regulatory-assistance/medical-device-databases,,"3Shape/Medit model-specific manuals, scanner technical data sheets, calibration and accessory documentation.",Keep reachable vendor page but add direct citation that explicitly names this detector/actuator/component.,TODO,https://support.3shape.com/,yes,no,no,Retain seed URL; add explicit component citation page/snippet for detector/actuator confirmation.
,,,UPGRADE_FROM_LEXICAL_TO_EXPLICIT,pmsr:/INS1739301081410085,Intraoral Scanner,pmsr:/COM1786054978466570000,Intraoral Scanner Detector,Dental and Oral Scanning Systems,https://support.3shape.com/ | https://www.fda.gov/medical-devices/device-advice-comprehensive-regulatory-assistance/medical-device-databases,,"3Shape/Medit model-specific manuals, scanner technical data sheets, calibration and accessory documentation.",Keep reachable vendor page but add direct citation that explicitly names this detector/actuator/component.,TODO,https://support.3shape.com/,yes,no,no,Retain seed URL; add explicit component citation page/snippet for detector/actuator confirmation.
