rank,priority_band,priority_rationale,action_class,instrument_uri,instrument_label,component_uri,component_label,doc_family,current_reachable_urls,current_blocked_urls,suggested_source_target,recommended_action,status,live_candidate_urls_by_family,has_live_candidates,needs_link_replacement,needs_component_specific_upgrade,next_step,deepscan_pages_checked,deepscan_best_url,deepscan_best_snippet,deepscan_score,deepscan_verdict,deepscan_reason,v3_strict_verdict,v3_strict_reason
,,,REPLACE_BROKEN_LINKS,pmsr:/INS1739398437257165,Airway Simulator,pmsr:/COM1786054978466074000,Airway Simulator Actuator,Procedure Trainers and Skills Simulators,,https://limbsandthings.com/us/support/ (404; HTTPError 404: Not Found) | https://www.cdc.gov/infection-control/ (403; HTTPError 403: Forbidden),Limbs & Things/Nasco model manuals and replacement parts documentation for exact simulator model.,Replace blocked/dead URLs with live vendor/model documents and confirm HTTP 200 accessibility.,TODO,https://www.nascohealthcare.com/,yes,yes,no,Replace blocked URLs with one live candidate URL; then seek component-specific model page beneath that domain.,8,https://www.nascohealthcare.com/testimonials/,"ng and simulation needs. i created a medical technique and simulation system based on the airway larry product, and the staff at nasco took a chance on my novel idea&#8211;to commercialize&#8211;an actual vomiting manikin! it has been clear",3,PARTIAL_MATCH_NEEDS_HUMAN_CONFIRMATION,"Some component/instrument tokens matched, but explicit proof remains uncertain.",PARTIAL_MATCH_NEEDS_HUMAN_CONFIRMATION,Partial only: no exact phrase and no sensor term in snippet.
,,,REPLACE_BROKEN_LINKS,pmsr:/INS1739398437257165,Airway Simulator,pmsr:/COM1786054978466068000,Airway Simulator Detector,Procedure Trainers and Skills Simulators,,https://limbsandthings.com/us/support/ (404; HTTPError 404: Not Found) | https://www.cdc.gov/infection-control/ (403; HTTPError 403: Forbidden),Limbs & Things/Nasco model manuals and replacement parts documentation for exact simulator model.,Replace blocked/dead URLs with live vendor/model documents and confirm HTTP 200 accessibility.,TODO,https://www.nascohealthcare.com/,yes,yes,no,Replace blocked URLs with one live candidate URL; then seek component-specific model page beneath that domain.,8,https://www.nascohealthcare.com/testimonials/,"ng and simulation needs. i created a medical technique and simulation system based on the airway larry product, and the staff at nasco took a chance on my novel idea&#8211;to commercialize&#8211;an actual vomiting manikin! it has been clear",3,PARTIAL_MATCH_NEEDS_HUMAN_CONFIRMATION,"Some component/instrument tokens matched, but explicit proof remains uncertain.",PARTIAL_MATCH_NEEDS_HUMAN_CONFIRMATION,Partial only: no exact phrase and no sensor term in snippet.
,,,REPLACE_BROKEN_LINKS,pmsr:/INS1739301317613705,Automated External Defibrilator,pmsr:/COM1786054978466184000,Automated External Defibrilator Actuator,Resuscitation and Mannequin Platforms,,https://laerdal.force.com/HelpCenter/s/ (404; HTTPError 404: Not Found) | https://cpr.heart.org/en/resuscitation-science/cpr-and-ecc-guidelines (403; HTTPError 403: Forbidden),"Vendor model manual/IFU from Laerdal product/support pages, plus component-specific accessories docs.",Replace blocked/dead URLs with live vendor/model documents and confirm HTTP 200 accessibility.,TODO,https://laerdal.com/us/products/simulation-training/,yes,yes,no,Replace blocked URLs with one live candidate URL; then seek component-specific model page beneath that domain.,12,,,0,NO_COMPONENT_SIGNAL_FOUND,No meaningful component signal found across reachable candidate pages.,NO_COMPONENT_SIGNAL_FOUND,No component-level signal detected in deep scan.
,,,REPLACE_BROKEN_LINKS,pmsr:/INS1739301317613705,Automated External Defibrilator,pmsr:/COM1786054978466180000,Automated External Defibrilator Detector,Resuscitation and Mannequin Platforms,,https://laerdal.force.com/HelpCenter/s/ (404; HTTPError 404: Not Found) | https://cpr.heart.org/en/resuscitation-science/cpr-and-ecc-guidelines (403; HTTPError 403: Forbidden),"Vendor model manual/IFU from Laerdal product/support pages, plus component-specific accessories docs.",Replace blocked/dead URLs with live vendor/model documents and confirm HTTP 200 accessibility.,TODO,https://laerdal.com/us/products/simulation-training/,yes,yes,no,Replace blocked URLs with one live candidate URL; then seek component-specific model page beneath that domain.,12,,,0,NO_COMPONENT_SIGNAL_FOUND,No meaningful component signal found across reachable candidate pages.,NO_COMPONENT_SIGNAL_FOUND,No component-level signal detected in deep scan.
,,,REPLACE_BROKEN_LINKS,pmsr:/INS1739403188428355,Female Genitalia Catherization Simulator,pmsr:/COM1786054978466447000,Female Genitalia Catherization Simulator Actuator,Procedure Trainers and Skills Simulators,,https://limbsandthings.com/us/support/ (404; HTTPError 404: Not Found) | https://www.cdc.gov/infection-control/ (403; HTTPError 403: Forbidden),Limbs & Things/Nasco model manuals and replacement parts documentation for exact simulator model.,Replace blocked/dead URLs with live vendor/model documents and confirm HTTP 200 accessibility.,TODO,https://www.nascohealthcare.com/,yes,yes,no,Replace blocked URLs with one live candidate URL; then seek component-specific model page beneath that domain.,8,,,0,NO_COMPONENT_SIGNAL_FOUND,No meaningful component signal found across reachable candidate pages.,NO_COMPONENT_SIGNAL_FOUND,No component-level signal detected in deep scan.
,,,REPLACE_BROKEN_LINKS,pmsr:/INS1739403188428355,Female Genitalia Catherization Simulator,pmsr:/COM1786054978466443000,Female Genitalia Catherization Simulator Detector,Procedure Trainers and Skills Simulators,,https://limbsandthings.com/us/support/ (404; HTTPError 404: Not Found) | https://www.cdc.gov/infection-control/ (403; HTTPError 403: Forbidden),Limbs & Things/Nasco model manuals and replacement parts documentation for exact simulator model.,Replace blocked/dead URLs with live vendor/model documents and confirm HTTP 200 accessibility.,TODO,https://www.nascohealthcare.com/,yes,yes,no,Replace blocked URLs with one live candidate URL; then seek component-specific model page beneath that domain.,8,,,0,NO_COMPONENT_SIGNAL_FOUND,No meaningful component signal found across reachable candidate pages.,NO_COMPONENT_SIGNAL_FOUND,No component-level signal detected in deep scan.
,,,REPLACE_BROKEN_LINKS,pmsr:/INS1739397556188145,Gynaecological Examination Mannequin,pmsr:/COM1786054978466482000,Gynaecological Examination Mannequin Actuator,Resuscitation and Mannequin Platforms,,https://laerdal.force.com/HelpCenter/s/ (404; HTTPError 404: Not Found) | https://cpr.heart.org/en/resuscitation-science/cpr-and-ecc-guidelines (403; HTTPError 403: Forbidden),"Vendor model manual/IFU from Laerdal product/support pages, plus component-specific accessories docs.",Replace blocked/dead URLs with live vendor/model documents and confirm HTTP 200 accessibility.,TODO,https://laerdal.com/us/products/simulation-training/,yes,yes,no,Replace blocked URLs with one live candidate URL; then seek component-specific model page beneath that domain.,12,,,0,NO_COMPONENT_SIGNAL_FOUND,No meaningful component signal found across reachable candidate pages.,NO_COMPONENT_SIGNAL_FOUND,No component-level signal detected in deep scan.
,,,REPLACE_BROKEN_LINKS,pmsr:/INS1739397556188145,Gynaecological Examination Mannequin,pmsr:/COM1786054978466477000,Gynaecological Examination Mannequin Detector,Resuscitation and Mannequin Platforms,,https://laerdal.force.com/HelpCenter/s/ (404; HTTPError 404: Not Found) | https://cpr.heart.org/en/resuscitation-science/cpr-and-ecc-guidelines (403; HTTPError 403: Forbidden),"Vendor model manual/IFU from Laerdal product/support pages, plus component-specific accessories docs.",Replace blocked/dead URLs with live vendor/model documents and confirm HTTP 200 accessibility.,TODO,https://laerdal.com/us/products/simulation-training/,yes,yes,no,Replace blocked URLs with one live candidate URL; then seek component-specific model page beneath that domain.,12,,,0,NO_COMPONENT_SIGNAL_FOUND,No meaningful component signal found across reachable candidate pages.,NO_COMPONENT_SIGNAL_FOUND,No component-level signal detected in deep scan.
,,,REPLACE_BROKEN_LINKS,pmsr:/INS1739287159797795,High-Fidelity Mannequin,pmsr:/COM1786054978466499000,High-Fidelity Mannequin Actuator,Resuscitation and Mannequin Platforms,,https://laerdal.force.com/HelpCenter/s/ (404; HTTPError 404: Not Found) | https://cpr.heart.org/en/resuscitation-science/cpr-and-ecc-guidelines (403; HTTPError 403: Forbidden),"Vendor model manual/IFU from Laerdal product/support pages, plus component-specific accessories docs.",Replace blocked/dead URLs with live vendor/model documents and confirm HTTP 200 accessibility.,TODO,https://laerdal.com/us/products/simulation-training/,yes,yes,no,Replace blocked URLs with one live candidate URL; then seek component-specific model page beneath that domain.,12,,,0,NO_COMPONENT_SIGNAL_FOUND,No meaningful component signal found across reachable candidate pages.,NO_COMPONENT_SIGNAL_FOUND,No component-level signal detected in deep scan.
,,,REPLACE_BROKEN_LINKS,pmsr:/INS1739287159797795,High-Fidelity Mannequin,pmsr:/COM1786054978466495000,High-Fidelity Mannequin Detector,Resuscitation and Mannequin Platforms,,https://laerdal.force.com/HelpCenter/s/ (404; HTTPError 404: Not Found) | https://cpr.heart.org/en/resuscitation-science/cpr-and-ecc-guidelines (403; HTTPError 403: Forbidden),"Vendor model manual/IFU from Laerdal product/support pages, plus component-specific accessories docs.",Replace blocked/dead URLs with live vendor/model documents and confirm HTTP 200 accessibility.,TODO,https://laerdal.com/us/products/simulation-training/,yes,yes,no,Replace blocked URLs with one live candidate URL; then seek component-specific model page beneath that domain.,12,,,0,NO_COMPONENT_SIGNAL_FOUND,No meaningful component signal found across reachable candidate pages.,NO_COMPONENT_SIGNAL_FOUND,No component-level signal detected in deep scan.
,,,REPLACE_BROKEN_LINKS,pmsr:/INS1739402037946315,IV Fluid Administration,pmsr:/COM1786054978466517000,IV Fluid Administration Actuator,Procedure Trainers and Skills Simulators,,https://limbsandthings.com/us/support/ (404; HTTPError 404: Not Found) | https://www.cdc.gov/infection-control/ (403; HTTPError 403: Forbidden),Limbs & Things/Nasco model manuals and replacement parts documentation for exact simulator model.,Replace blocked/dead URLs with live vendor/model documents and confirm HTTP 200 accessibility.,TODO,https://www.nascohealthcare.com/,yes,yes,no,Replace blocked URLs with one live candidate URL; then seek component-specific model page beneath that domain.,8,https://www.nascohealthcare.com/about/our-purpose/,"manager layton roubique global sales director north america dianne wentz customer service administration manager khaled abudayyeh technical &amp; support manager shay steel national director of strategic sales, north america melissa dummer ",3,PARTIAL_MATCH_NEEDS_HUMAN_CONFIRMATION,"Some component/instrument tokens matched, but explicit proof remains uncertain.",PARTIAL_MATCH_NEEDS_HUMAN_CONFIRMATION,Partial only: no exact phrase and no sensor term in snippet.
,,,REPLACE_BROKEN_LINKS,pmsr:/INS1739402037946315,IV Fluid Administration,pmsr:/COM1786054978466513000,IV Fluid Administration Detector,Procedure Trainers and Skills Simulators,,https://limbsandthings.com/us/support/ (404; HTTPError 404: Not Found) | https://www.cdc.gov/infection-control/ (403; HTTPError 403: Forbidden),Limbs & Things/Nasco model manuals and replacement parts documentation for exact simulator model.,Replace blocked/dead URLs with live vendor/model documents and confirm HTTP 200 accessibility.,TODO,https://www.nascohealthcare.com/,yes,yes,no,Replace blocked URLs with one live candidate URL; then seek component-specific model page beneath that domain.,8,https://www.nascohealthcare.com/about/our-purpose/,"manager layton roubique global sales director north america dianne wentz customer service administration manager khaled abudayyeh technical &amp; support manager shay steel national director of strategic sales, north america melissa dummer ",3,PARTIAL_MATCH_NEEDS_HUMAN_CONFIRMATION,"Some component/instrument tokens matched, but explicit proof remains uncertain.",PARTIAL_MATCH_NEEDS_HUMAN_CONFIRMATION,Partial only: no exact phrase and no sensor term in snippet.
,,,REPLACE_BROKEN_LINKS,pmsr:/INS1739487989328225,Laerdal ALS Baby Trainer 200,pmsr:/COM1786054978466594000,Laerdal ALS Baby Trainer 200 Actuator,Resuscitation and Mannequin Platforms,,https://laerdal.force.com/HelpCenter/s/ (404; HTTPError 404: Not Found) | https://cpr.heart.org/en/resuscitation-science/cpr-and-ecc-guidelines (403; HTTPError 403: Forbidden),"Vendor model manual/IFU from Laerdal product/support pages, plus component-specific accessories docs.",Replace blocked/dead URLs with live vendor/model documents and confirm HTTP 200 accessibility.,TODO,https://laerdal.com/us/products/simulation-training/,yes,yes,no,Replace blocked URLs with one live candidate URL; then seek component-specific model page beneath that domain.,12,https://laerdal.com/us/products/simulation-training/,"simulation and training | laerdal medical skip to content <language-picker :america=""[{&quot;name&quot;:&quot;am&#xe9;rica latina&quot;,&quot;url&quot;:&quot;/la/products/simul",6,PARTIAL_MATCH_NEEDS_HUMAN_CONFIRMATION,"Some component/instrument tokens matched, but explicit proof remains uncertain.",PARTIAL_MATCH_NEEDS_HUMAN_CONFIRMATION,Partial only: no exact phrase and no sensor term in snippet.
,,,REPLACE_BROKEN_LINKS,pmsr:/INS1739487989328225,Laerdal ALS Baby Trainer 200,pmsr:/COM1786054978466590000,Laerdal ALS Baby Trainer 200 Detector,Resuscitation and Mannequin Platforms,,https://laerdal.force.com/HelpCenter/s/ (404; HTTPError 404: Not Found) | https://cpr.heart.org/en/resuscitation-science/cpr-and-ecc-guidelines (403; HTTPError 403: Forbidden),"Vendor model manual/IFU from Laerdal product/support pages, plus component-specific accessories docs.",Replace blocked/dead URLs with live vendor/model documents and confirm HTTP 200 accessibility.,TODO,https://laerdal.com/us/products/simulation-training/,yes,yes,no,Replace blocked URLs with one live candidate URL; then seek component-specific model page beneath that domain.,12,https://laerdal.com/us/products/simulation-training/,"simulation and training | laerdal medical skip to content <language-picker :america=""[{&quot;name&quot;:&quot;am&#xe9;rica latina&quot;,&quot;url&quot;:&quot;/la/products/simul",6,PARTIAL_MATCH_NEEDS_HUMAN_CONFIRMATION,"Some component/instrument tokens matched, but explicit proof remains uncertain.",PARTIAL_MATCH_NEEDS_HUMAN_CONFIRMATION,Partial only: no exact phrase and no sensor term in snippet.
,,,REPLACE_BROKEN_LINKS,pmsr:/INS1739398519577895,Laerdal Airway Simulator,pmsr:/COM1786054978466614000,Laerdal Airway Simulator Actuator,Resuscitation and Mannequin Platforms,,https://laerdal.force.com/HelpCenter/s/ (404; HTTPError 404: Not Found) | https://cpr.heart.org/en/resuscitation-science/cpr-and-ecc-guidelines (403; HTTPError 403: Forbidden),"Vendor model manual/IFU from Laerdal product/support pages, plus component-specific accessories docs.",Replace blocked/dead URLs with live vendor/model documents and confirm HTTP 200 accessibility.,TODO,https://laerdal.com/us/products/simulation-training/,yes,yes,no,Replace blocked URLs with one live candidate URL; then seek component-specific model page beneath that domain.,12,https://laerdal.com/us/products/simulation-training/,"simulation and training | laerdal medical skip to content <language-picker :america=""[{&quot;name&quot;:&quot;am&#xe9;rica latina&quot;,&quot;url&quot;:&quot;/la/products/simul",3,PARTIAL_MATCH_NEEDS_HUMAN_CONFIRMATION,"Some component/instrument tokens matched, but explicit proof remains uncertain.",PARTIAL_MATCH_NEEDS_HUMAN_CONFIRMATION,Partial only: no exact phrase and no sensor term in snippet.
,,,REPLACE_BROKEN_LINKS,pmsr:/INS1739398519577895,Laerdal Airway Simulator,pmsr:/COM1786054978466608000,Laerdal Airway Simulator Detector,Resuscitation and Mannequin Platforms,,https://laerdal.force.com/HelpCenter/s/ (404; HTTPError 404: Not Found) | https://cpr.heart.org/en/resuscitation-science/cpr-and-ecc-guidelines (403; HTTPError 403: Forbidden),"Vendor model manual/IFU from Laerdal product/support pages, plus component-specific accessories docs.",Replace blocked/dead URLs with live vendor/model documents and confirm HTTP 200 accessibility.,TODO,https://laerdal.com/us/products/simulation-training/,yes,yes,no,Replace blocked URLs with one live candidate URL; then seek component-specific model page beneath that domain.,12,https://laerdal.com/us/products/simulation-training/,"simulation and training | laerdal medical skip to content <language-picker :america=""[{&quot;name&quot;:&quot;am&#xe9;rica latina&quot;,&quot;url&quot;:&quot;/la/products/simul",3,PARTIAL_MATCH_NEEDS_HUMAN_CONFIRMATION,"Some component/instrument tokens matched, but explicit proof remains uncertain.",PARTIAL_MATCH_NEEDS_HUMAN_CONFIRMATION,Partial only: no exact phrase and no sensor term in snippet.
,,,REPLACE_BROKEN_LINKS,pmsr:/INS1739392367425715,Laerdal DAE Simulator,pmsr:/COM1786054978466632000,Laerdal DAE Simulator Actuator,Resuscitation and Mannequin Platforms,,https://laerdal.force.com/HelpCenter/s/ (404; HTTPError 404: Not Found) | https://cpr.heart.org/en/resuscitation-science/cpr-and-ecc-guidelines (403; HTTPError 403: Forbidden),"Vendor model manual/IFU from Laerdal product/support pages, plus component-specific accessories docs.",Replace blocked/dead URLs with live vendor/model documents and confirm HTTP 200 accessibility.,TODO,https://laerdal.com/us/products/simulation-training/,yes,yes,no,Replace blocked URLs with one live candidate URL; then seek component-specific model page beneath that domain.,12,https://laerdal.com/us/products/simulation-training/,"simulation and training | laerdal medical skip to content <language-picker :america=""[{&quot;name&quot;:&quot;am&#xe9;rica latina&quot;,&quot;url&quot;:&quot;/la/products/simul",3,PARTIAL_MATCH_NEEDS_HUMAN_CONFIRMATION,"Some component/instrument tokens matched, but explicit proof remains uncertain.",PARTIAL_MATCH_NEEDS_HUMAN_CONFIRMATION,Partial only: no exact phrase and no sensor term in snippet.
,,,REPLACE_BROKEN_LINKS,pmsr:/INS1739392367425715,Laerdal DAE Simulator,pmsr:/COM1786054978466628000,Laerdal DAE Simulator Detector,Resuscitation and Mannequin Platforms,,https://laerdal.force.com/HelpCenter/s/ (404; HTTPError 404: Not Found) | https://cpr.heart.org/en/resuscitation-science/cpr-and-ecc-guidelines (403; HTTPError 403: Forbidden),"Vendor model manual/IFU from Laerdal product/support pages, plus component-specific accessories docs.",Replace blocked/dead URLs with live vendor/model documents and confirm HTTP 200 accessibility.,TODO,https://laerdal.com/us/products/simulation-training/,yes,yes,no,Replace blocked URLs with one live candidate URL; then seek component-specific model page beneath that domain.,12,https://laerdal.com/us/products/simulation-training/,"simulation and training | laerdal medical skip to content <language-picker :america=""[{&quot;name&quot;:&quot;am&#xe9;rica latina&quot;,&quot;url&quot;:&quot;/la/products/simul",3,PARTIAL_MATCH_NEEDS_HUMAN_CONFIRMATION,"Some component/instrument tokens matched, but explicit proof remains uncertain.",PARTIAL_MATCH_NEEDS_HUMAN_CONFIRMATION,Partial only: no exact phrase and no sensor term in snippet.
,,,REPLACE_BROKEN_LINKS,pmsr:/INS1739823398493725,Laerdal Nursing Anne Mannequin,pmsr:/COM1738188452521625,DAE Trainer  -- CB:EMPTY,Resuscitation and Mannequin Platforms,,https://laerdal.force.com/HelpCenter/s/ (404; HTTPError 404: Not Found) | https://cpr.heart.org/en/resuscitation-science/cpr-and-ecc-guidelines (403; HTTPError 403: Forbidden),"Vendor model manual/IFU from Laerdal product/support pages, plus component-specific accessories docs.",Replace blocked/dead URLs with live vendor/model documents and confirm HTTP 200 accessibility.,TODO,https://laerdal.com/us/products/simulation-training/,yes,yes,no,Replace blocked URLs with one live candidate URL; then seek component-specific model page beneath that domain.,12,https://laerdal.com/us/products/simulation-training/,"simulation and training | laerdal medical skip to content <language-picker :america=""[{&quot;name&quot;:&quot;am&#xe9;rica latina&quot;,&quot;url&quot;:&quot;/la/products/simul",1,NO_COMPONENT_SIGNAL_FOUND,No meaningful component signal found across reachable candidate pages.,NO_COMPONENT_SIGNAL_FOUND,No component-level signal detected in deep scan.
,,,REPLACE_BROKEN_LINKS,pmsr:/INS1739823398493725,Laerdal Nursing Anne Mannequin,pmsr:/COM1738187586682545,Electrode  -- CB:Eletrodes Adult,Resuscitation and Mannequin Platforms,,https://laerdal.force.com/HelpCenter/s/ (404; HTTPError 404: Not Found) | https://cpr.heart.org/en/resuscitation-science/cpr-and-ecc-guidelines (403; HTTPError 403: Forbidden),"Vendor model manual/IFU from Laerdal product/support pages, plus component-specific accessories docs.",Replace blocked/dead URLs with live vendor/model documents and confirm HTTP 200 accessibility.,TODO,https://laerdal.com/us/products/simulation-training/,yes,yes,no,Replace blocked URLs with one live candidate URL; then seek component-specific model page beneath that domain.,12,https://laerdal.com/us/products/simulation-training/,"simulation and training | laerdal medical skip to content <language-picker :america=""[{&quot;name&quot;:&quot;am&#xe9;rica latina&quot;,&quot;url&quot;:&quot;/la/products/simul",1,NO_COMPONENT_SIGNAL_FOUND,No meaningful component signal found across reachable candidate pages.,NO_COMPONENT_SIGNAL_FOUND,No component-level signal detected in deep scan.
,,,REPLACE_BROKEN_LINKS,pmsr:/INS1739823398493725,Laerdal Nursing Anne Mannequin,pmsr:/COM1738187818694655,Electrode  -- CB:Eletrodes Pediatric,Resuscitation and Mannequin Platforms,,https://laerdal.force.com/HelpCenter/s/ (404; HTTPError 404: Not Found) | https://cpr.heart.org/en/resuscitation-science/cpr-and-ecc-guidelines (403; HTTPError 403: Forbidden),"Vendor model manual/IFU from Laerdal product/support pages, plus component-specific accessories docs.",Replace blocked/dead URLs with live vendor/model documents and confirm HTTP 200 accessibility.,TODO,https://laerdal.com/us/products/simulation-training/,yes,yes,no,Replace blocked URLs with one live candidate URL; then seek component-specific model page beneath that domain.,12,https://laerdal.com/us/products/simulation-training/,"simulation and training | laerdal medical skip to content <language-picker :america=""[{&quot;name&quot;:&quot;am&#xe9;rica latina&quot;,&quot;url&quot;:&quot;/la/products/simul",1,NO_COMPONENT_SIGNAL_FOUND,No meaningful component signal found across reachable candidate pages.,NO_COMPONENT_SIGNAL_FOUND,No component-level signal detected in deep scan.
,,,REPLACE_BROKEN_LINKS,pmsr:/INS1739823398493725,Laerdal Nursing Anne Mannequin,pmsr:/COM1786054978466652000,Laerdal Nursing Anne Mannequin Actuator,Resuscitation and Mannequin Platforms,,https://laerdal.force.com/HelpCenter/s/ (404; HTTPError 404: Not Found) | https://cpr.heart.org/en/resuscitation-science/cpr-and-ecc-guidelines (403; HTTPError 403: Forbidden),"Vendor model manual/IFU from Laerdal product/support pages, plus component-specific accessories docs.",Replace blocked/dead URLs with live vendor/model documents and confirm HTTP 200 accessibility.,TODO,https://laerdal.com/us/products/simulation-training/,yes,yes,no,Replace blocked URLs with one live candidate URL; then seek component-specific model page beneath that domain.,12,https://laerdal.com/us/products/simulation-training/,"simulation and training | laerdal medical skip to content <language-picker :america=""[{&quot;name&quot;:&quot;am&#xe9;rica latina&quot;,&quot;url&quot;:&quot;/la/products/simul",3,PARTIAL_MATCH_NEEDS_HUMAN_CONFIRMATION,"Some component/instrument tokens matched, but explicit proof remains uncertain.",PARTIAL_MATCH_NEEDS_HUMAN_CONFIRMATION,Partial only: no exact phrase and no sensor term in snippet.
,,,REPLACE_BROKEN_LINKS,pmsr:/INS1739823398493725,Laerdal Nursing Anne Mannequin,pmsr:/COM1786054978466647000,Laerdal Nursing Anne Mannequin Detector,Resuscitation and Mannequin Platforms,,https://laerdal.force.com/HelpCenter/s/ (404; HTTPError 404: Not Found) | https://cpr.heart.org/en/resuscitation-science/cpr-and-ecc-guidelines (403; HTTPError 403: Forbidden),"Vendor model manual/IFU from Laerdal product/support pages, plus component-specific accessories docs.",Replace blocked/dead URLs with live vendor/model documents and confirm HTTP 200 accessibility.,TODO,https://laerdal.com/us/products/simulation-training/,yes,yes,no,Replace blocked URLs with one live candidate URL; then seek component-specific model page beneath that domain.,12,https://laerdal.com/us/products/simulation-training/,"simulation and training | laerdal medical skip to content <language-picker :america=""[{&quot;name&quot;:&quot;am&#xe9;rica latina&quot;,&quot;url&quot;:&quot;/la/products/simul",3,PARTIAL_MATCH_NEEDS_HUMAN_CONFIRMATION,"Some component/instrument tokens matched, but explicit proof remains uncertain.",PARTIAL_MATCH_NEEDS_HUMAN_CONFIRMATION,Partial only: no exact phrase and no sensor term in snippet.
,,,REPLACE_BROKEN_LINKS,pmsr:/INS1739823398493725,Laerdal Nursing Anne Mannequin,pmsr:/COM1739399134970895,Microphone  -- CB:EMPTY,Resuscitation and Mannequin Platforms,,https://laerdal.force.com/HelpCenter/s/ (404; HTTPError 404: Not Found) | https://cpr.heart.org/en/resuscitation-science/cpr-and-ecc-guidelines (403; HTTPError 403: Forbidden),"Vendor model manual/IFU from Laerdal product/support pages, plus component-specific accessories docs.",Replace blocked/dead URLs with live vendor/model documents and confirm HTTP 200 accessibility.,TODO,https://laerdal.com/us/products/simulation-training/,yes,yes,no,Replace blocked URLs with one live candidate URL; then seek component-specific model page beneath that domain.,12,https://laerdal.com/us/products/simulation-training/,"simulation and training | laerdal medical skip to content <language-picker :america=""[{&quot;name&quot;:&quot;am&#xe9;rica latina&quot;,&quot;url&quot;:&quot;/la/products/simul",1,NO_COMPONENT_SIGNAL_FOUND,No meaningful component signal found across reachable candidate pages.,NO_COMPONENT_SIGNAL_FOUND,No component-level signal detected in deep scan.
,,,REPLACE_BROKEN_LINKS,pmsr:/INS1739823398493725,Laerdal Nursing Anne Mannequin,pmsr:/COM1738100153764155,SimPad Device  -- CB:EMPTY,Resuscitation and Mannequin Platforms,,https://laerdal.force.com/HelpCenter/s/ (404; HTTPError 404: Not Found) | https://cpr.heart.org/en/resuscitation-science/cpr-and-ecc-guidelines (403; HTTPError 403: Forbidden),"Vendor model manual/IFU from Laerdal product/support pages, plus component-specific accessories docs.",Replace blocked/dead URLs with live vendor/model documents and confirm HTTP 200 accessibility.,TODO,https://laerdal.com/us/products/simulation-training/,yes,yes,no,Replace blocked URLs with one live candidate URL; then seek component-specific model page beneath that domain.,12,https://laerdal.com/us/products/simulation-training/,"simulation and training | laerdal medical skip to content <language-picker :america=""[{&quot;name&quot;:&quot;am&#xe9;rica latina&quot;,&quot;url&quot;:&quot;/la/products/simul",1,NO_COMPONENT_SIGNAL_FOUND,No meaningful component signal found across reachable candidate pages.,NO_COMPONENT_SIGNAL_FOUND,No component-level signal detected in deep scan.
,,,REPLACE_BROKEN_LINKS,pmsr:/INS1739823398493725,Laerdal Nursing Anne Mannequin,pmsr:/COM1738099771423295,Skill Guide Device  -- CB:EMPTY,Resuscitation and Mannequin Platforms,,https://laerdal.force.com/HelpCenter/s/ (404; HTTPError 404: Not Found) | https://cpr.heart.org/en/resuscitation-science/cpr-and-ecc-guidelines (403; HTTPError 403: Forbidden),"Vendor model manual/IFU from Laerdal product/support pages, plus component-specific accessories docs.",Replace blocked/dead URLs with live vendor/model documents and confirm HTTP 200 accessibility.,TODO,https://laerdal.com/us/products/simulation-training/,yes,yes,no,Replace blocked URLs with one live candidate URL; then seek component-specific model page beneath that domain.,12,https://laerdal.com/us/products/simulation-training/,"simulation and training | laerdal medical skip to content <language-picker :america=""[{&quot;name&quot;:&quot;am&#xe9;rica latina&quot;,&quot;url&quot;:&quot;/la/products/simul",1,NO_COMPONENT_SIGNAL_FOUND,No meaningful component signal found across reachable candidate pages.,NO_COMPONENT_SIGNAL_FOUND,No component-level signal detected in deep scan.
,,,REPLACE_BROKEN_LINKS,pmsr:/INS1739401557396065,Laerdal Nursing Care Simulator,pmsr:/COM1786054978466690000,Laerdal Nursing Care Simulator Actuator,Resuscitation and Mannequin Platforms,,https://laerdal.force.com/HelpCenter/s/ (404; HTTPError 404: Not Found) | https://cpr.heart.org/en/resuscitation-science/cpr-and-ecc-guidelines (403; HTTPError 403: Forbidden),"Vendor model manual/IFU from Laerdal product/support pages, plus component-specific accessories docs.",Replace blocked/dead URLs with live vendor/model documents and confirm HTTP 200 accessibility.,TODO,https://laerdal.com/us/products/simulation-training/,yes,yes,no,Replace blocked URLs with one live candidate URL; then seek component-specific model page beneath that domain.,12,https://laerdal.com/us/products/simulation-training/,"simulation and training | laerdal medical skip to content <language-picker :america=""[{&quot;name&quot;:&quot;am&#xe9;rica latina&quot;,&quot;url&quot;:&quot;/la/products/simul",3,PARTIAL_MATCH_NEEDS_HUMAN_CONFIRMATION,"Some component/instrument tokens matched, but explicit proof remains uncertain.",PARTIAL_MATCH_NEEDS_HUMAN_CONFIRMATION,Partial only: no exact phrase and no sensor term in snippet.
,,,REPLACE_BROKEN_LINKS,pmsr:/INS1739401557396065,Laerdal Nursing Care Simulator,pmsr:/COM1786054978466684000,Laerdal Nursing Care Simulator Detector,Resuscitation and Mannequin Platforms,,https://laerdal.force.com/HelpCenter/s/ (404; HTTPError 404: Not Found) | https://cpr.heart.org/en/resuscitation-science/cpr-and-ecc-guidelines (403; HTTPError 403: Forbidden),"Vendor model manual/IFU from Laerdal product/support pages, plus component-specific accessories docs.",Replace blocked/dead URLs with live vendor/model documents and confirm HTTP 200 accessibility.,TODO,https://laerdal.com/us/products/simulation-training/,yes,yes,no,Replace blocked URLs with one live candidate URL; then seek component-specific model page beneath that domain.,12,https://laerdal.com/us/products/simulation-training/,"simulation and training | laerdal medical skip to content <language-picker :america=""[{&quot;name&quot;:&quot;am&#xe9;rica latina&quot;,&quot;url&quot;:&quot;/la/products/simul",3,PARTIAL_MATCH_NEEDS_HUMAN_CONFIRMATION,"Some component/instrument tokens matched, but explicit proof remains uncertain.",PARTIAL_MATCH_NEEDS_HUMAN_CONFIRMATION,Partial only: no exact phrase and no sensor term in snippet.
,,,REPLACE_BROKEN_LINKS,pmsr:/INS1739397137461495,Low-Fidelity Mannequin,pmsr:/COM1786054978466711000,Low-Fidelity Mannequin Actuator,Resuscitation and Mannequin Platforms,,https://laerdal.force.com/HelpCenter/s/ (404; HTTPError 404: Not Found) | https://cpr.heart.org/en/resuscitation-science/cpr-and-ecc-guidelines (403; HTTPError 403: Forbidden),"Vendor model manual/IFU from Laerdal product/support pages, plus component-specific accessories docs.",Replace blocked/dead URLs with live vendor/model documents and confirm HTTP 200 accessibility.,TODO,https://laerdal.com/us/products/simulation-training/,yes,yes,no,Replace blocked URLs with one live candidate URL; then seek component-specific model page beneath that domain.,12,,,0,NO_COMPONENT_SIGNAL_FOUND,No meaningful component signal found across reachable candidate pages.,NO_COMPONENT_SIGNAL_FOUND,No component-level signal detected in deep scan.
,,,REPLACE_BROKEN_LINKS,pmsr:/INS1739397137461495,Low-Fidelity Mannequin,pmsr:/COM1786054978466706000,Low-Fidelity Mannequin Detector,Resuscitation and Mannequin Platforms,,https://laerdal.force.com/HelpCenter/s/ (404; HTTPError 404: Not Found) | https://cpr.heart.org/en/resuscitation-science/cpr-and-ecc-guidelines (403; HTTPError 403: Forbidden),"Vendor model manual/IFU from Laerdal product/support pages, plus component-specific accessories docs.",Replace blocked/dead URLs with live vendor/model documents and confirm HTTP 200 accessibility.,TODO,https://laerdal.com/us/products/simulation-training/,yes,yes,no,Replace blocked URLs with one live candidate URL; then seek component-specific model page beneath that domain.,12,,,0,NO_COMPONENT_SIGNAL_FOUND,No meaningful component signal found across reachable candidate pages.,NO_COMPONENT_SIGNAL_FOUND,No component-level signal detected in deep scan.
,,,REPLACE_BROKEN_LINKS,pmsr:/INS1740143777940835,Male Examination Mannequin,pmsr:/COM1786054978466731000,Male Examination Mannequin Actuator,Resuscitation and Mannequin Platforms,,https://laerdal.force.com/HelpCenter/s/ (404; HTTPError 404: Not Found) | https://cpr.heart.org/en/resuscitation-science/cpr-and-ecc-guidelines (403; HTTPError 403: Forbidden),"Vendor model manual/IFU from Laerdal product/support pages, plus component-specific accessories docs.",Replace blocked/dead URLs with live vendor/model documents and confirm HTTP 200 accessibility.,TODO,https://laerdal.com/us/products/simulation-training/,yes,yes,no,Replace blocked URLs with one live candidate URL; then seek component-specific model page beneath that domain.,12,,,0,NO_COMPONENT_SIGNAL_FOUND,No meaningful component signal found across reachable candidate pages.,NO_COMPONENT_SIGNAL_FOUND,No component-level signal detected in deep scan.
,,,REPLACE_BROKEN_LINKS,pmsr:/INS1740143777940835,Male Examination Mannequin,pmsr:/COM1786054978466727000,Male Examination Mannequin Detector,Resuscitation and Mannequin Platforms,,https://laerdal.force.com/HelpCenter/s/ (404; HTTPError 404: Not Found) | https://cpr.heart.org/en/resuscitation-science/cpr-and-ecc-guidelines (403; HTTPError 403: Forbidden),"Vendor model manual/IFU from Laerdal product/support pages, plus component-specific accessories docs.",Replace blocked/dead URLs with live vendor/model documents and confirm HTTP 200 accessibility.,TODO,https://laerdal.com/us/products/simulation-training/,yes,yes,no,Replace blocked URLs with one live candidate URL; then seek component-specific model page beneath that domain.,12,,,0,NO_COMPONENT_SIGNAL_FOUND,No meaningful component signal found across reachable candidate pages.,NO_COMPONENT_SIGNAL_FOUND,No component-level signal detected in deep scan.
,,,REPLACE_BROKEN_LINKS,pmsr:/INS1739403078441215,Male Genitalia Catherization Simulator,pmsr:/COM1786054978466752000,Male Genitalia Catherization Simulator Actuator,Procedure Trainers and Skills Simulators,,https://limbsandthings.com/us/support/ (404; HTTPError 404: Not Found) | https://www.cdc.gov/infection-control/ (403; HTTPError 403: Forbidden),Limbs & Things/Nasco model manuals and replacement parts documentation for exact simulator model.,Replace blocked/dead URLs with live vendor/model documents and confirm HTTP 200 accessibility.,TODO,https://www.nascohealthcare.com/,yes,yes,no,Replace blocked URLs with one live candidate URL; then seek component-specific model page beneath that domain.,8,,,0,NO_COMPONENT_SIGNAL_FOUND,No meaningful component signal found across reachable candidate pages.,NO_COMPONENT_SIGNAL_FOUND,No component-level signal detected in deep scan.
,,,REPLACE_BROKEN_LINKS,pmsr:/INS1739403078441215,Male Genitalia Catherization Simulator,pmsr:/COM1786054978466746000,Male Genitalia Catherization Simulator Detector,Procedure Trainers and Skills Simulators,,https://limbsandthings.com/us/support/ (404; HTTPError 404: Not Found) | https://www.cdc.gov/infection-control/ (403; HTTPError 403: Forbidden),Limbs & Things/Nasco model manuals and replacement parts documentation for exact simulator model.,Replace blocked/dead URLs with live vendor/model documents and confirm HTTP 200 accessibility.,TODO,https://www.nascohealthcare.com/,yes,yes,no,Replace blocked URLs with one live candidate URL; then seek component-specific model page beneath that domain.,8,,,0,NO_COMPONENT_SIGNAL_FOUND,No meaningful component signal found across reachable candidate pages.,NO_COMPONENT_SIGNAL_FOUND,No component-level signal detected in deep scan.
,,,REPLACE_BROKEN_LINKS,pmsr:/INS1740143878244085,Obstetric Simulator,pmsr:/COM1786054978466903000,Obstetric Simulator Actuator,Procedure Trainers and Skills Simulators,,https://limbsandthings.com/us/support/ (404; HTTPError 404: Not Found) | https://www.cdc.gov/infection-control/ (403; HTTPError 403: Forbidden),Limbs & Things/Nasco model manuals and replacement parts documentation for exact simulator model.,Replace blocked/dead URLs with live vendor/model documents and confirm HTTP 200 accessibility.,TODO,https://www.nascohealthcare.com/,yes,yes,no,Replace blocked URLs with one live candidate URL; then seek component-specific model page beneath that domain.,8,,,0,NO_COMPONENT_SIGNAL_FOUND,No meaningful component signal found across reachable candidate pages.,NO_COMPONENT_SIGNAL_FOUND,No component-level signal detected in deep scan.
,,,REPLACE_BROKEN_LINKS,pmsr:/INS1740143878244085,Obstetric Simulator,pmsr:/COM1786054978466898000,Obstetric Simulator Detector,Procedure Trainers and Skills Simulators,,https://limbsandthings.com/us/support/ (404; HTTPError 404: Not Found) | https://www.cdc.gov/infection-control/ (403; HTTPError 403: Forbidden),Limbs & Things/Nasco model manuals and replacement parts documentation for exact simulator model.,Replace blocked/dead URLs with live vendor/model documents and confirm HTTP 200 accessibility.,TODO,https://www.nascohealthcare.com/,yes,yes,no,Replace blocked URLs with one live candidate URL; then seek component-specific model page beneath that domain.,8,,,0,NO_COMPONENT_SIGNAL_FOUND,No meaningful component signal found across reachable candidate pages.,NO_COMPONENT_SIGNAL_FOUND,No component-level signal detected in deep scan.
,,,REPLACE_BROKEN_LINKS,pmsr:/INS1739403291912375,Penis Foreskin Cleaning Simulator,pmsr:/COM1786054978466976000,Penis Foreskin Cleaning Simulator Actuator,Procedure Trainers and Skills Simulators,,https://limbsandthings.com/us/support/ (404; HTTPError 404: Not Found) | https://www.cdc.gov/infection-control/ (403; HTTPError 403: Forbidden),Limbs & Things/Nasco model manuals and replacement parts documentation for exact simulator model.,Replace blocked/dead URLs with live vendor/model documents and confirm HTTP 200 accessibility.,TODO,https://www.nascohealthcare.com/,yes,yes,no,Replace blocked URLs with one live candidate URL; then seek component-specific model page beneath that domain.,8,,,0,NO_COMPONENT_SIGNAL_FOUND,No meaningful component signal found across reachable candidate pages.,NO_COMPONENT_SIGNAL_FOUND,No component-level signal detected in deep scan.
,,,REPLACE_BROKEN_LINKS,pmsr:/INS1739403291912375,Penis Foreskin Cleaning Simulator,pmsr:/COM1786054978466971000,Penis Foreskin Cleaning Simulator Detector,Procedure Trainers and Skills Simulators,,https://limbsandthings.com/us/support/ (404; HTTPError 404: Not Found) | https://www.cdc.gov/infection-control/ (403; HTTPError 403: Forbidden),Limbs & Things/Nasco model manuals and replacement parts documentation for exact simulator model.,Replace blocked/dead URLs with live vendor/model documents and confirm HTTP 200 accessibility.,TODO,https://www.nascohealthcare.com/,yes,yes,no,Replace blocked URLs with one live candidate URL; then seek component-specific model page beneath that domain.,8,,,0,NO_COMPONENT_SIGNAL_FOUND,No meaningful component signal found across reachable candidate pages.,NO_COMPONENT_SIGNAL_FOUND,No component-level signal detected in deep scan.
,,,REPLACE_BROKEN_LINKS,pmsr:/INS1739482671461295,Prostate Model,pmsr:/COM1786054978467138000,Prostate Model Actuator,Procedure Trainers and Skills Simulators,,https://limbsandthings.com/us/support/ (404; HTTPError 404: Not Found) | https://www.cdc.gov/infection-control/ (403; HTTPError 403: Forbidden),Limbs & Things/Nasco model manuals and replacement parts documentation for exact simulator model.,Replace blocked/dead URLs with live vendor/model documents and confirm HTTP 200 accessibility.,TODO,https://www.nascohealthcare.com/,yes,yes,no,Replace blocked URLs with one live candidate URL; then seek component-specific model page beneath that domain.,8,,,0,NO_COMPONENT_SIGNAL_FOUND,No meaningful component signal found across reachable candidate pages.,NO_COMPONENT_SIGNAL_FOUND,No component-level signal detected in deep scan.
,,,REPLACE_BROKEN_LINKS,pmsr:/INS1739482671461295,Prostate Model,pmsr:/COM1786054978467133000,Prostate Model Detector,Procedure Trainers and Skills Simulators,,https://limbsandthings.com/us/support/ (404; HTTPError 404: Not Found) | https://www.cdc.gov/infection-control/ (403; HTTPError 403: Forbidden),Limbs & Things/Nasco model manuals and replacement parts documentation for exact simulator model.,Replace blocked/dead URLs with live vendor/model documents and confirm HTTP 200 accessibility.,TODO,https://www.nascohealthcare.com/,yes,yes,no,Replace blocked URLs with one live candidate URL; then seek component-specific model page beneath that domain.,8,,,0,NO_COMPONENT_SIGNAL_FOUND,No meaningful component signal found across reachable candidate pages.,NO_COMPONENT_SIGNAL_FOUND,No component-level signal detected in deep scan.
,,,REPLACE_BROKEN_LINKS,pmsr:/INS1739287640585765,Rectal Examination Simulator,pmsr:/COM1786054978467160000,Rectal Examination Simulator Actuator,Procedure Trainers and Skills Simulators,,https://limbsandthings.com/us/support/ (404; HTTPError 404: Not Found) | https://www.cdc.gov/infection-control/ (403; HTTPError 403: Forbidden),Limbs & Things/Nasco model manuals and replacement parts documentation for exact simulator model.,Replace blocked/dead URLs with live vendor/model documents and confirm HTTP 200 accessibility.,TODO,https://www.nascohealthcare.com/,yes,yes,no,Replace blocked URLs with one live candidate URL; then seek component-specific model page beneath that domain.,8,https://www.nascohealthcare.com/news-and-events/local-events-news/,"l intelligence at nclex standards over the past few years, the national council licensure examination (nclex) has been updating its standards and is now ready with new 2023 standards for nursing. but if the changes (to language used in clas",3,PARTIAL_MATCH_NEEDS_HUMAN_CONFIRMATION,"Some component/instrument tokens matched, but explicit proof remains uncertain.",PARTIAL_MATCH_NEEDS_HUMAN_CONFIRMATION,Partial only: no exact phrase and no sensor term in snippet.
,,,REPLACE_BROKEN_LINKS,pmsr:/INS1739287640585765,Rectal Examination Simulator,pmsr:/COM1786054978467155000,Rectal Examination Simulator Detector,Procedure Trainers and Skills Simulators,,https://limbsandthings.com/us/support/ (404; HTTPError 404: Not Found) | https://www.cdc.gov/infection-control/ (403; HTTPError 403: Forbidden),Limbs & Things/Nasco model manuals and replacement parts documentation for exact simulator model.,Replace blocked/dead URLs with live vendor/model documents and confirm HTTP 200 accessibility.,TODO,https://www.nascohealthcare.com/,yes,yes,no,Replace blocked URLs with one live candidate URL; then seek component-specific model page beneath that domain.,8,https://www.nascohealthcare.com/news-and-events/local-events-news/,"l intelligence at nclex standards over the past few years, the national council licensure examination (nclex) has been updating its standards and is now ready with new 2023 standards for nursing. but if the changes (to language used in clas",3,PARTIAL_MATCH_NEEDS_HUMAN_CONFIRMATION,"Some component/instrument tokens matched, but explicit proof remains uncertain.",PARTIAL_MATCH_NEEDS_HUMAN_CONFIRMATION,Partial only: no exact phrase and no sensor term in snippet.
,,,REPLACE_BROKEN_LINKS,pmsr:/INS1739402477829135,Rectal Medicine Administration Simulator,pmsr:/COM1786054978467182000,Rectal Medicine Administration Simulator Actuator,Procedure Trainers and Skills Simulators,,https://limbsandthings.com/us/support/ (404; HTTPError 404: Not Found) | https://www.cdc.gov/infection-control/ (403; HTTPError 403: Forbidden),Limbs & Things/Nasco model manuals and replacement parts documentation for exact simulator model.,Replace blocked/dead URLs with live vendor/model documents and confirm HTTP 200 accessibility.,TODO,https://www.nascohealthcare.com/,yes,yes,no,Replace blocked URLs with one live candidate URL; then seek component-specific model page beneath that domain.,8,https://www.nascohealthcare.com/about/our-purpose/,"manager layton roubique global sales director north america dianne wentz customer service administration manager khaled abudayyeh technical &amp; support manager shay steel national director of strategic sales, north america melissa dummer ",3,PARTIAL_MATCH_NEEDS_HUMAN_CONFIRMATION,"Some component/instrument tokens matched, but explicit proof remains uncertain.",PARTIAL_MATCH_NEEDS_HUMAN_CONFIRMATION,Partial only: no exact phrase and no sensor term in snippet.
,,,REPLACE_BROKEN_LINKS,pmsr:/INS1739402477829135,Rectal Medicine Administration Simulator,pmsr:/COM1786054978467177000,Rectal Medicine Administration Simulator Detector,Procedure Trainers and Skills Simulators,,https://limbsandthings.com/us/support/ (404; HTTPError 404: Not Found) | https://www.cdc.gov/infection-control/ (403; HTTPError 403: Forbidden),Limbs & Things/Nasco model manuals and replacement parts documentation for exact simulator model.,Replace blocked/dead URLs with live vendor/model documents and confirm HTTP 200 accessibility.,TODO,https://www.nascohealthcare.com/,yes,yes,no,Replace blocked URLs with one live candidate URL; then seek component-specific model page beneath that domain.,8,https://www.nascohealthcare.com/about/our-purpose/,"manager layton roubique global sales director north america dianne wentz customer service administration manager khaled abudayyeh technical &amp; support manager shay steel national director of strategic sales, north america melissa dummer ",3,PARTIAL_MATCH_NEEDS_HUMAN_CONFIRMATION,"Some component/instrument tokens matched, but explicit proof remains uncertain.",PARTIAL_MATCH_NEEDS_HUMAN_CONFIRMATION,Partial only: no exact phrase and no sensor term in snippet.
,,,REPLACE_BROKEN_LINKS,pmsr:/INS1739392275798255,ResusciAnne DAE Simulator,pmsr:/COM1786054978467204000,ResusciAnne DAE Simulator Actuator,Resuscitation and Mannequin Platforms,,https://laerdal.force.com/HelpCenter/s/ (404; HTTPError 404: Not Found) | https://cpr.heart.org/en/resuscitation-science/cpr-and-ecc-guidelines (403; HTTPError 403: Forbidden),"Vendor model manual/IFU from Laerdal product/support pages, plus component-specific accessories docs.",Replace blocked/dead URLs with live vendor/model documents and confirm HTTP 200 accessibility.,TODO,https://laerdal.com/us/products/simulation-training/,yes,yes,no,Replace blocked URLs with one live candidate URL; then seek component-specific model page beneath that domain.,12,,,0,NO_COMPONENT_SIGNAL_FOUND,No meaningful component signal found across reachable candidate pages.,NO_COMPONENT_SIGNAL_FOUND,No component-level signal detected in deep scan.
,,,REPLACE_BROKEN_LINKS,pmsr:/INS1739392275798255,ResusciAnne DAE Simulator,pmsr:/COM1786054978467199000,ResusciAnne DAE Simulator Detector,Resuscitation and Mannequin Platforms,,https://laerdal.force.com/HelpCenter/s/ (404; HTTPError 404: Not Found) | https://cpr.heart.org/en/resuscitation-science/cpr-and-ecc-guidelines (403; HTTPError 403: Forbidden),"Vendor model manual/IFU from Laerdal product/support pages, plus component-specific accessories docs.",Replace blocked/dead URLs with live vendor/model documents and confirm HTTP 200 accessibility.,TODO,https://laerdal.com/us/products/simulation-training/,yes,yes,no,Replace blocked URLs with one live candidate URL; then seek component-specific model page beneath that domain.,12,,,0,NO_COMPONENT_SIGNAL_FOUND,No meaningful component signal found across reachable candidate pages.,NO_COMPONENT_SIGNAL_FOUND,No component-level signal detected in deep scan.
,,,REPLACE_BROKEN_LINKS,pmsr:/INS1739401836683455,Stomach Bag Maintenance Simulator,pmsr:/COM1786054978467297000,Stomach Bag Maintenance Simulator Actuator,Procedure Trainers and Skills Simulators,,https://limbsandthings.com/us/support/ (404; HTTPError 404: Not Found) | https://www.cdc.gov/infection-control/ (403; HTTPError 403: Forbidden),Limbs & Things/Nasco model manuals and replacement parts documentation for exact simulator model.,Replace blocked/dead URLs with live vendor/model documents and confirm HTTP 200 accessibility.,TODO,https://www.nascohealthcare.com/,yes,yes,no,Replace blocked URLs with one live candidate URL; then seek component-specific model page beneath that domain.,8,https://www.nascohealthcare.com/online-orders-terms-and-conditions-of-sale/,"sco’s oral or written instructions as to the storage, installation, commissioning, use or maintenance of the products; (iii) buyer alters or repairs such products without the prior written consent of nasco; (iv) buyer subjects the products ",3,PARTIAL_MATCH_NEEDS_HUMAN_CONFIRMATION,"Some component/instrument tokens matched, but explicit proof remains uncertain.",PARTIAL_MATCH_NEEDS_HUMAN_CONFIRMATION,Partial only: no exact phrase and no sensor term in snippet.
,,,REPLACE_BROKEN_LINKS,pmsr:/INS1739401836683455,Stomach Bag Maintenance Simulator,pmsr:/COM1786054978467291000,Stomach Bag Maintenance Simulator Detector,Procedure Trainers and Skills Simulators,,https://limbsandthings.com/us/support/ (404; HTTPError 404: Not Found) | https://www.cdc.gov/infection-control/ (403; HTTPError 403: Forbidden),Limbs & Things/Nasco model manuals and replacement parts documentation for exact simulator model.,Replace blocked/dead URLs with live vendor/model documents and confirm HTTP 200 accessibility.,TODO,https://www.nascohealthcare.com/,yes,yes,no,Replace blocked URLs with one live candidate URL; then seek component-specific model page beneath that domain.,8,https://www.nascohealthcare.com/online-orders-terms-and-conditions-of-sale/,"sco’s oral or written instructions as to the storage, installation, commissioning, use or maintenance of the products; (iii) buyer alters or repairs such products without the prior written consent of nasco; (iv) buyer subjects the products ",3,PARTIAL_MATCH_NEEDS_HUMAN_CONFIRMATION,"Some component/instrument tokens matched, but explicit proof remains uncertain.",PARTIAL_MATCH_NEEDS_HUMAN_CONFIRMATION,Partial only: no exact phrase and no sensor term in snippet.
,,,REPLACE_BROKEN_LINKS,pmsr:/INS1739301891301765,Suture Simulator,pmsr:/COM1786054978467320000,Suture Simulator Actuator,Procedure Trainers and Skills Simulators,,https://limbsandthings.com/us/support/ (404; HTTPError 404: Not Found) | https://www.cdc.gov/infection-control/ (403; HTTPError 403: Forbidden),Limbs & Things/Nasco model manuals and replacement parts documentation for exact simulator model.,Replace blocked/dead URLs with live vendor/model documents and confirm HTTP 200 accessibility.,TODO,https://www.nascohealthcare.com/,yes,yes,no,Replace blocked URLs with one live candidate URL; then seek component-specific model page beneath that domain.,8,,,0,NO_COMPONENT_SIGNAL_FOUND,No meaningful component signal found across reachable candidate pages.,NO_COMPONENT_SIGNAL_FOUND,No component-level signal detected in deep scan.
,,,REPLACE_BROKEN_LINKS,pmsr:/INS1739301891301765,Suture Simulator,pmsr:/COM1786054978467316000,Suture Simulator Detector,Procedure Trainers and Skills Simulators,,https://limbsandthings.com/us/support/ (404; HTTPError 404: Not Found) | https://www.cdc.gov/infection-control/ (403; HTTPError 403: Forbidden),Limbs & Things/Nasco model manuals and replacement parts documentation for exact simulator model.,Replace blocked/dead URLs with live vendor/model documents and confirm HTTP 200 accessibility.,TODO,https://www.nascohealthcare.com/,yes,yes,no,Replace blocked URLs with one live candidate URL; then seek component-specific model page beneath that domain.,8,,,0,NO_COMPONENT_SIGNAL_FOUND,No meaningful component signal found across reachable candidate pages.,NO_COMPONENT_SIGNAL_FOUND,No component-level signal detected in deep scan.
,,,REPLACE_BROKEN_LINKS,pmsr:/INS1739401657491675,Urine Bag Maintenance Simulator,pmsr:/COM1786054978467367000,Urine Bag Maintenance Simulator Actuator,Procedure Trainers and Skills Simulators,,https://limbsandthings.com/us/support/ (404; HTTPError 404: Not Found) | https://www.cdc.gov/infection-control/ (403; HTTPError 403: Forbidden),Limbs & Things/Nasco model manuals and replacement parts documentation for exact simulator model.,Replace blocked/dead URLs with live vendor/model documents and confirm HTTP 200 accessibility.,TODO,https://www.nascohealthcare.com/,yes,yes,no,Replace blocked URLs with one live candidate URL; then seek component-specific model page beneath that domain.,8,https://www.nascohealthcare.com/online-orders-terms-and-conditions-of-sale/,"sco’s oral or written instructions as to the storage, installation, commissioning, use or maintenance of the products; (iii) buyer alters or repairs such products without the prior written consent of nasco; (iv) buyer subjects the products ",3,PARTIAL_MATCH_NEEDS_HUMAN_CONFIRMATION,"Some component/instrument tokens matched, but explicit proof remains uncertain.",PARTIAL_MATCH_NEEDS_HUMAN_CONFIRMATION,Partial only: no exact phrase and no sensor term in snippet.
,,,REPLACE_BROKEN_LINKS,pmsr:/INS1739401657491675,Urine Bag Maintenance Simulator,pmsr:/COM1786054978467363000,Urine Bag Maintenance Simulator Detector,Procedure Trainers and Skills Simulators,,https://limbsandthings.com/us/support/ (404; HTTPError 404: Not Found) | https://www.cdc.gov/infection-control/ (403; HTTPError 403: Forbidden),Limbs & Things/Nasco model manuals and replacement parts documentation for exact simulator model.,Replace blocked/dead URLs with live vendor/model documents and confirm HTTP 200 accessibility.,TODO,https://www.nascohealthcare.com/,yes,yes,no,Replace blocked URLs with one live candidate URL; then seek component-specific model page beneath that domain.,8,https://www.nascohealthcare.com/online-orders-terms-and-conditions-of-sale/,"sco’s oral or written instructions as to the storage, installation, commissioning, use or maintenance of the products; (iii) buyer alters or repairs such products without the prior written consent of nasco; (iv) buyer subjects the products ",3,PARTIAL_MATCH_NEEDS_HUMAN_CONFIRMATION,"Some component/instrument tokens matched, but explicit proof remains uncertain.",PARTIAL_MATCH_NEEDS_HUMAN_CONFIRMATION,Partial only: no exact phrase and no sensor term in snippet.
,,,REPLACE_BROKEN_LINKS,pmsr:/INS1739302175458785,Vascular Access Simulator,pmsr:/COM1786054978467416000,Vascular Access Simulator Actuator,Procedure Trainers and Skills Simulators,,https://limbsandthings.com/us/support/ (404; HTTPError 404: Not Found) | https://www.cdc.gov/infection-control/ (403; HTTPError 403: Forbidden),Limbs & Things/Nasco model manuals and replacement parts documentation for exact simulator model.,Replace blocked/dead URLs with live vendor/model documents and confirm HTTP 200 accessibility.,TODO,https://www.nascohealthcare.com/,yes,yes,no,Replace blocked URLs with one live candidate URL; then seek component-specific model page beneath that domain.,8,https://www.nascohealthcare.com/about/our-purpose/,"nasco healthcare was born. for over 80 years we have made medical simulation possible and accessible to all. we have been guided by our deep heritage in education, hand-made moulage wounds, rugged manikins for crisis training and advanced p",3,PARTIAL_MATCH_NEEDS_HUMAN_CONFIRMATION,"Some component/instrument tokens matched, but explicit proof remains uncertain.",PARTIAL_MATCH_NEEDS_HUMAN_CONFIRMATION,Partial only: no exact phrase and no sensor term in snippet.
,,,REPLACE_BROKEN_LINKS,pmsr:/INS1739302175458785,Vascular Access Simulator,pmsr:/COM1786054978467411000,Vascular Access Simulator Detector,Procedure Trainers and Skills Simulators,,https://limbsandthings.com/us/support/ (404; HTTPError 404: Not Found) | https://www.cdc.gov/infection-control/ (403; HTTPError 403: Forbidden),Limbs & Things/Nasco model manuals and replacement parts documentation for exact simulator model.,Replace blocked/dead URLs with live vendor/model documents and confirm HTTP 200 accessibility.,TODO,https://www.nascohealthcare.com/,yes,yes,no,Replace blocked URLs with one live candidate URL; then seek component-specific model page beneath that domain.,8,https://www.nascohealthcare.com/about/our-purpose/,"nasco healthcare was born. for over 80 years we have made medical simulation possible and accessible to all. we have been guided by our deep heritage in education, hand-made moulage wounds, rugged manikins for crisis training and advanced p",3,PARTIAL_MATCH_NEEDS_HUMAN_CONFIRMATION,"Some component/instrument tokens matched, but explicit proof remains uncertain.",PARTIAL_MATCH_NEEDS_HUMAN_CONFIRMATION,Partial only: no exact phrase and no sensor term in snippet.
1,A,Complex instrument profile with multiple unresolved component evidences.,REPLACE_GENERIC_WITH_COMPONENT_SPECIFIC,pmsr:/INS1739452868256965,SimSleeves Lymphedema Simulator,pmsr:/COM1786054978467222000,SimSleeves Lymphedema Simulator Detector,General Medical Device Governance,https://www.fda.gov/medical-devices/device-advice-comprehensive-regulatory-assistance/medical-device-databases,https://www.iso.org/standard/72704.html (403; HTTPError 403: Forbidden),"Replace with instrument-model vendor manual, IFU, datasheet, or product specification page.","Replace governance/support hub with model/component-specific manual, datasheet, or IFU page.",TODO,https://www.fda.gov/medical-devices/device-advice-comprehensive-regulatory-assistance/medical-device-databases | https://www.who.int/teams/health-product-policy-and-standards/assistive-and-medical-technology/medical-devices | https://www.ssih.org/,yes,no,yes,Keep reachable URL only as seed; locate model/component-specific page and replace mapping link.,36,https://www.fda.gov/about-fda/cdrh-transparency/total-product-life-cycle-medical-devices,total product life cycle for medical devices | fda skip to main content skip to fda search skip to in this section menu skip to footer links an official website of the united states government here’s how you know the .gov means it’s officia,1,NO_COMPONENT_SIGNAL_FOUND,No meaningful component signal found across reachable candidate pages.,NO_COMPONENT_SIGNAL_FOUND,No component-level signal detected in deep scan.
2,A,Complex instrument profile with multiple unresolved component evidences.,REPLACE_GENERIC_WITH_COMPONENT_SPECIFIC,pmsr:/INS1739452868256965,SimSleeves Lymphedema Simulator,pmsr:/COM1786054978467227000,SimSleeves Lymphedema Simulator Actuator,General Medical Device Governance,https://www.fda.gov/medical-devices/device-advice-comprehensive-regulatory-assistance/medical-device-databases,https://www.iso.org/standard/72704.html (403; HTTPError 403: Forbidden),"Replace with instrument-model vendor manual, IFU, datasheet, or product specification page.","Replace governance/support hub with model/component-specific manual, datasheet, or IFU page.",TODO,https://www.fda.gov/medical-devices/device-advice-comprehensive-regulatory-assistance/medical-device-databases | https://www.who.int/teams/health-product-policy-and-standards/assistive-and-medical-technology/medical-devices | https://www.ssih.org/,yes,no,yes,Keep reachable URL only as seed; locate model/component-specific page and replace mapping link.,36,https://www.fda.gov/about-fda/cdrh-transparency/total-product-life-cycle-medical-devices,total product life cycle for medical devices | fda skip to main content skip to fda search skip to in this section menu skip to footer links an official website of the united states government here’s how you know the .gov means it’s officia,1,NO_COMPONENT_SIGNAL_FOUND,No meaningful component signal found across reachable candidate pages.,NO_COMPONENT_SIGNAL_FOUND,No component-level signal detected in deep scan.
3,A,Complex instrument profile with multiple unresolved component evidences.,REPLACE_GENERIC_WITH_COMPONENT_SPECIFIC,pmsr:/INS1739452868256965,SimSleeves Lymphedema Simulator,pmsr:/COM1740497043510835,Lymphedema Condition Component Stem  -- CB:EMPTY,General Medical Device Governance,https://www.fda.gov/medical-devices/device-advice-comprehensive-regulatory-assistance/medical-device-databases,https://www.iso.org/standard/72704.html (403; HTTPError 403: Forbidden),"Replace with instrument-model vendor manual, IFU, datasheet, or product specification page.","Replace governance/support hub with model/component-specific manual, datasheet, or IFU page.",TODO,https://www.fda.gov/medical-devices/device-advice-comprehensive-regulatory-assistance/medical-device-databases | https://www.who.int/teams/health-product-policy-and-standards/assistive-and-medical-technology/medical-devices | https://www.ssih.org/,yes,no,yes,Keep reachable URL only as seed; locate model/component-specific page and replace mapping link.,36,https://www.fda.gov/medical-devices/medical-device-databases/corrective-actions-electronic-products,"val. if satisfactory, the center will approve the corrective action, perhaps with certain conditions, before the manufacturer can implement the recall. these activities are published in the fda enforcement report, which is available to the ",3,PARTIAL_MATCH_NEEDS_HUMAN_CONFIRMATION,"Some component/instrument tokens matched, but explicit proof remains uncertain.",PARTIAL_MATCH_NEEDS_HUMAN_CONFIRMATION,Partial only: no exact phrase and no sensor term in snippet.
6,C,Standard remediation item: generic evidence should be replaced by vendor/model evidence.,REPLACE_GENERIC_WITH_COMPONENT_SPECIFIC,pmsr:/INS1739820624939265,Cancer Patient Simulator,pmsr:/COM1786054978466266000,Cancer Patient Simulator Detector,General Medical Device Governance,https://www.fda.gov/medical-devices/device-advice-comprehensive-regulatory-assistance/medical-device-databases,https://www.iso.org/standard/72704.html (403; HTTPError 403: Forbidden),"Replace with instrument-model vendor manual, IFU, datasheet, or product specification page.","Replace governance/support hub with model/component-specific manual, datasheet, or IFU page.",TODO,https://www.fda.gov/medical-devices/device-advice-comprehensive-regulatory-assistance/medical-device-databases | https://www.who.int/teams/health-product-policy-and-standards/assistive-and-medical-technology/medical-devices | https://www.ssih.org/,yes,no,yes,Keep reachable URL only as seed; locate model/component-specific page and replace mapping link.,36,https://www.who.int/mega-menu/health-topics/resources/fact-sheets,ar disorder blindness and vision impairment blood safety and availability botulism breast cancer brucellosis burns buruli ulcer (mycobacterium ulcerans infection) c campylobacter cancer candidiasis (yeast infection) cardiovascular diseases ,7,PARTIAL_MATCH_NEEDS_HUMAN_CONFIRMATION,"Some component/instrument tokens matched, but explicit proof remains uncertain.",PARTIAL_MATCH_NEEDS_HUMAN_CONFIRMATION,Partial only: no exact phrase and no sensor term in snippet.
7,C,Standard remediation item: generic evidence should be replaced by vendor/model evidence.,REPLACE_GENERIC_WITH_COMPONENT_SPECIFIC,pmsr:/INS1739879206550705,Cancer Patient Simulator,pmsr:/COM1786054978466282000,Cancer Patient Simulator Detector,General Medical Device Governance,https://www.fda.gov/medical-devices/device-advice-comprehensive-regulatory-assistance/medical-device-databases,https://www.iso.org/standard/72704.html (403; HTTPError 403: Forbidden),"Replace with instrument-model vendor manual, IFU, datasheet, or product specification page.","Replace governance/support hub with model/component-specific manual, datasheet, or IFU page.",TODO,https://www.fda.gov/medical-devices/device-advice-comprehensive-regulatory-assistance/medical-device-databases | https://www.who.int/teams/health-product-policy-and-standards/assistive-and-medical-technology/medical-devices | https://www.ssih.org/,yes,no,yes,Keep reachable URL only as seed; locate model/component-specific page and replace mapping link.,36,https://www.who.int/mega-menu/health-topics/resources/fact-sheets,ar disorder blindness and vision impairment blood safety and availability botulism breast cancer brucellosis burns buruli ulcer (mycobacterium ulcerans infection) c campylobacter cancer candidiasis (yeast infection) cardiovascular diseases ,7,PARTIAL_MATCH_NEEDS_HUMAN_CONFIRMATION,"Some component/instrument tokens matched, but explicit proof remains uncertain.",PARTIAL_MATCH_NEEDS_HUMAN_CONFIRMATION,Partial only: no exact phrase and no sensor term in snippet.
8,C,Standard remediation item: generic evidence should be replaced by vendor/model evidence.,REPLACE_GENERIC_WITH_COMPONENT_SPECIFIC,pmsr:/INS1739820624939265,Cancer Patient Simulator,pmsr:/COM1786054978466270000,Cancer Patient Simulator Actuator,General Medical Device Governance,https://www.fda.gov/medical-devices/device-advice-comprehensive-regulatory-assistance/medical-device-databases,https://www.iso.org/standard/72704.html (403; HTTPError 403: Forbidden),"Replace with instrument-model vendor manual, IFU, datasheet, or product specification page.","Replace governance/support hub with model/component-specific manual, datasheet, or IFU page.",TODO,https://www.fda.gov/medical-devices/device-advice-comprehensive-regulatory-assistance/medical-device-databases | https://www.who.int/teams/health-product-policy-and-standards/assistive-and-medical-technology/medical-devices | https://www.ssih.org/,yes,no,yes,Keep reachable URL only as seed; locate model/component-specific page and replace mapping link.,36,https://www.who.int/mega-menu/health-topics/resources/fact-sheets,ar disorder blindness and vision impairment blood safety and availability botulism breast cancer brucellosis burns buruli ulcer (mycobacterium ulcerans infection) c campylobacter cancer candidiasis (yeast infection) cardiovascular diseases ,7,PARTIAL_MATCH_NEEDS_HUMAN_CONFIRMATION,"Some component/instrument tokens matched, but explicit proof remains uncertain.",PARTIAL_MATCH_NEEDS_HUMAN_CONFIRMATION,Partial only: no exact phrase and no sensor term in snippet.
9,C,Standard remediation item: generic evidence should be replaced by vendor/model evidence.,REPLACE_GENERIC_WITH_COMPONENT_SPECIFIC,pmsr:/INS1739879206550705,Cancer Patient Simulator,pmsr:/COM1786054978466286000,Cancer Patient Simulator Actuator,General Medical Device Governance,https://www.fda.gov/medical-devices/device-advice-comprehensive-regulatory-assistance/medical-device-databases,https://www.iso.org/standard/72704.html (403; HTTPError 403: Forbidden),"Replace with instrument-model vendor manual, IFU, datasheet, or product specification page.","Replace governance/support hub with model/component-specific manual, datasheet, or IFU page.",TODO,https://www.fda.gov/medical-devices/device-advice-comprehensive-regulatory-assistance/medical-device-databases | https://www.who.int/teams/health-product-policy-and-standards/assistive-and-medical-technology/medical-devices | https://www.ssih.org/,yes,no,yes,Keep reachable URL only as seed; locate model/component-specific page and replace mapping link.,36,https://www.who.int/mega-menu/health-topics/resources/fact-sheets,ar disorder blindness and vision impairment blood safety and availability botulism breast cancer brucellosis burns buruli ulcer (mycobacterium ulcerans infection) c campylobacter cancer candidiasis (yeast infection) cardiovascular diseases ,7,PARTIAL_MATCH_NEEDS_HUMAN_CONFIRMATION,"Some component/instrument tokens matched, but explicit proof remains uncertain.",PARTIAL_MATCH_NEEDS_HUMAN_CONFIRMATION,Partial only: no exact phrase and no sensor term in snippet.
10,C,Standard remediation item: generic evidence should be replaced by vendor/model evidence.,REPLACE_GENERIC_WITH_COMPONENT_SPECIFIC,pmsr:/INS1739392182337835,Cardiac Procedure Simulator,pmsr:/COM1786054978466297000,Cardiac Procedure Simulator Detector,General Medical Device Governance,https://www.fda.gov/medical-devices/device-advice-comprehensive-regulatory-assistance/medical-device-databases,https://www.iso.org/standard/72704.html (403; HTTPError 403: Forbidden),"Replace with instrument-model vendor manual, IFU, datasheet, or product specification page.","Replace governance/support hub with model/component-specific manual, datasheet, or IFU page.",TODO,https://www.fda.gov/medical-devices/device-advice-comprehensive-regulatory-assistance/medical-device-databases | https://www.who.int/teams/health-product-policy-and-standards/assistive-and-medical-technology/medical-devices | https://www.ssih.org/,yes,no,yes,Keep reachable URL only as seed; locate model/component-specific page and replace mapping link.,36,https://www.fda.gov/about-fda/cdrh-transparency/total-product-life-cycle-medical-devices,total product life cycle for medical devices | fda skip to main content skip to fda search skip to in this section menu skip to footer links an official website of the united states government here’s how you know the .gov means it’s officia,1,NO_COMPONENT_SIGNAL_FOUND,No meaningful component signal found across reachable candidate pages.,NO_COMPONENT_SIGNAL_FOUND,No component-level signal detected in deep scan.
11,C,Standard remediation item: generic evidence should be replaced by vendor/model evidence.,REPLACE_GENERIC_WITH_COMPONENT_SPECIFIC,pmsr:/INS1739392182337835,Cardiac Procedure Simulator,pmsr:/COM1786054978466301000,Cardiac Procedure Simulator Actuator,General Medical Device Governance,https://www.fda.gov/medical-devices/device-advice-comprehensive-regulatory-assistance/medical-device-databases,https://www.iso.org/standard/72704.html (403; HTTPError 403: Forbidden),"Replace with instrument-model vendor manual, IFU, datasheet, or product specification page.","Replace governance/support hub with model/component-specific manual, datasheet, or IFU page.",TODO,https://www.fda.gov/medical-devices/device-advice-comprehensive-regulatory-assistance/medical-device-databases | https://www.who.int/teams/health-product-policy-and-standards/assistive-and-medical-technology/medical-devices | https://www.ssih.org/,yes,no,yes,Keep reachable URL only as seed; locate model/component-specific page and replace mapping link.,36,https://www.fda.gov/about-fda/cdrh-transparency/total-product-life-cycle-medical-devices,total product life cycle for medical devices | fda skip to main content skip to fda search skip to in this section menu skip to footer links an official website of the united states government here’s how you know the .gov means it’s officia,1,NO_COMPONENT_SIGNAL_FOUND,No meaningful component signal found across reachable candidate pages.,NO_COMPONENT_SIGNAL_FOUND,No component-level signal detected in deep scan.
12,C,Standard remediation item: generic evidence should be replaced by vendor/model evidence.,REPLACE_GENERIC_WITH_COMPONENT_SPECIFIC,pmsr:/INS1739301711235865,Care Simulators,pmsr:/COM1786054978466312000,Care Simulators Detector,General Medical Device Governance,https://www.fda.gov/medical-devices/device-advice-comprehensive-regulatory-assistance/medical-device-databases,https://www.iso.org/standard/72704.html (403; HTTPError 403: Forbidden),"Replace with instrument-model vendor manual, IFU, datasheet, or product specification page.","Replace governance/support hub with model/component-specific manual, datasheet, or IFU page.",TODO,https://www.fda.gov/medical-devices/device-advice-comprehensive-regulatory-assistance/medical-device-databases | https://www.who.int/teams/health-product-policy-and-standards/assistive-and-medical-technology/medical-devices | https://www.ssih.org/,yes,no,yes,Keep reachable URL only as seed; locate model/component-specific page and replace mapping link.,36,https://www.ssih.org/about-simulation,ings or after-action reviews that richly detail what happened. advanced surgical and task simulators gather much data about what the learner is actually doing. these performance maps and logs provide a solid and necessary feedback mechanism,3,PARTIAL_MATCH_NEEDS_HUMAN_CONFIRMATION,"Some component/instrument tokens matched, but explicit proof remains uncertain.",PARTIAL_MATCH_NEEDS_HUMAN_CONFIRMATION,Partial only: no exact phrase and no sensor term in snippet.
13,C,Standard remediation item: generic evidence should be replaced by vendor/model evidence.,REPLACE_GENERIC_WITH_COMPONENT_SPECIFIC,pmsr:/INS1739301711235865,Care Simulators,pmsr:/COM1786054978466316000,Care Simulators Actuator,General Medical Device Governance,https://www.fda.gov/medical-devices/device-advice-comprehensive-regulatory-assistance/medical-device-databases,https://www.iso.org/standard/72704.html (403; HTTPError 403: Forbidden),"Replace with instrument-model vendor manual, IFU, datasheet, or product specification page.","Replace governance/support hub with model/component-specific manual, datasheet, or IFU page.",TODO,https://www.fda.gov/medical-devices/device-advice-comprehensive-regulatory-assistance/medical-device-databases | https://www.who.int/teams/health-product-policy-and-standards/assistive-and-medical-technology/medical-devices | https://www.ssih.org/,yes,no,yes,Keep reachable URL only as seed; locate model/component-specific page and replace mapping link.,36,https://www.ssih.org/about-simulation,ings or after-action reviews that richly detail what happened. advanced surgical and task simulators gather much data about what the learner is actually doing. these performance maps and logs provide a solid and necessary feedback mechanism,3,PARTIAL_MATCH_NEEDS_HUMAN_CONFIRMATION,"Some component/instrument tokens matched, but explicit proof remains uncertain.",PARTIAL_MATCH_NEEDS_HUMAN_CONFIRMATION,Partial only: no exact phrase and no sensor term in snippet.
14,C,Standard remediation item: generic evidence should be replaced by vendor/model evidence.,REPLACE_GENERIC_WITH_COMPONENT_SPECIFIC,pmsr:/INS1739287212610855,Dani Model,pmsr:/COM1786054978466344000,Dani Model Detector,General Medical Device Governance,https://www.fda.gov/medical-devices/device-advice-comprehensive-regulatory-assistance/medical-device-databases,https://www.iso.org/standard/72704.html (403; HTTPError 403: Forbidden),"Replace with instrument-model vendor manual, IFU, datasheet, or product specification page.","Replace governance/support hub with model/component-specific manual, datasheet, or IFU page.",TODO,https://www.fda.gov/medical-devices/device-advice-comprehensive-regulatory-assistance/medical-device-databases | https://www.who.int/teams/health-product-policy-and-standards/assistive-and-medical-technology/medical-devices | https://www.ssih.org/,yes,no,yes,Keep reachable URL only as seed; locate model/component-specific page and replace mapping link.,36,https://www.fda.gov/about-fda/cdrh-transparency/total-product-life-cycle-medical-devices,total product life cycle for medical devices | fda skip to main content skip to fda search skip to in this section menu skip to footer links an official website of the united states government here’s how you know the .gov means it’s officia,1,NO_COMPONENT_SIGNAL_FOUND,No meaningful component signal found across reachable candidate pages.,NO_COMPONENT_SIGNAL_FOUND,No component-level signal detected in deep scan.
15,C,Standard remediation item: generic evidence should be replaced by vendor/model evidence.,REPLACE_GENERIC_WITH_COMPONENT_SPECIFIC,pmsr:/INS1739287212610855,Dani Model,pmsr:/COM1786054978466348000,Dani Model Actuator,General Medical Device Governance,https://www.fda.gov/medical-devices/device-advice-comprehensive-regulatory-assistance/medical-device-databases,https://www.iso.org/standard/72704.html (403; HTTPError 403: Forbidden),"Replace with instrument-model vendor manual, IFU, datasheet, or product specification page.","Replace governance/support hub with model/component-specific manual, datasheet, or IFU page.",TODO,https://www.fda.gov/medical-devices/device-advice-comprehensive-regulatory-assistance/medical-device-databases | https://www.who.int/teams/health-product-policy-and-standards/assistive-and-medical-technology/medical-devices | https://www.ssih.org/,yes,no,yes,Keep reachable URL only as seed; locate model/component-specific page and replace mapping link.,36,https://www.fda.gov/about-fda/cdrh-transparency/total-product-life-cycle-medical-devices,total product life cycle for medical devices | fda skip to main content skip to fda search skip to in this section menu skip to footer links an official website of the united states government here’s how you know the .gov means it’s officia,1,NO_COMPONENT_SIGNAL_FOUND,No meaningful component signal found across reachable candidate pages.,NO_COMPONENT_SIGNAL_FOUND,No component-level signal detected in deep scan.
16,C,Standard remediation item: generic evidence should be replaced by vendor/model evidence.,REPLACE_GENERIC_WITH_COMPONENT_SPECIFIC,pmsr:/INS1739287021517805,Diagnostic Simulators,pmsr:/COM1786054978466375000,Diagnostic Simulators Detector,General Medical Device Governance,https://www.fda.gov/medical-devices/device-advice-comprehensive-regulatory-assistance/medical-device-databases,https://www.iso.org/standard/72704.html (403; HTTPError 403: Forbidden),"Replace with instrument-model vendor manual, IFU, datasheet, or product specification page.","Replace governance/support hub with model/component-specific manual, datasheet, or IFU page.",TODO,https://www.fda.gov/medical-devices/device-advice-comprehensive-regulatory-assistance/medical-device-databases | https://www.who.int/teams/health-product-policy-and-standards/assistive-and-medical-technology/medical-devices | https://www.ssih.org/,yes,no,yes,Keep reachable URL only as seed; locate model/component-specific page and replace mapping link.,36,https://www.fda.gov/medical-devices/medical-device-databases/corrective-actions-electronic-products,"owave ovens, security x-ray scanners) and medical applications (e.g., ultrasound therapy, diagnostic x-ray devices, lasik). manufacturers of radiation-emitting electronic products which are also medical devices are subject to both the eprc ",4,PARTIAL_MATCH_NEEDS_HUMAN_CONFIRMATION,"Some component/instrument tokens matched, but explicit proof remains uncertain.",PARTIAL_MATCH_NEEDS_HUMAN_CONFIRMATION,Partial only: no exact phrase and no sensor term in snippet.
17,C,Standard remediation item: generic evidence should be replaced by vendor/model evidence.,REPLACE_GENERIC_WITH_COMPONENT_SPECIFIC,pmsr:/INS1739287021517805,Diagnostic Simulators,pmsr:/COM1786054978466380000,Diagnostic Simulators Actuator,General Medical Device Governance,https://www.fda.gov/medical-devices/device-advice-comprehensive-regulatory-assistance/medical-device-databases,https://www.iso.org/standard/72704.html (403; HTTPError 403: Forbidden),"Replace with instrument-model vendor manual, IFU, datasheet, or product specification page.","Replace governance/support hub with model/component-specific manual, datasheet, or IFU page.",TODO,https://www.fda.gov/medical-devices/device-advice-comprehensive-regulatory-assistance/medical-device-databases | https://www.who.int/teams/health-product-policy-and-standards/assistive-and-medical-technology/medical-devices | https://www.ssih.org/,yes,no,yes,Keep reachable URL only as seed; locate model/component-specific page and replace mapping link.,36,https://www.fda.gov/medical-devices/medical-device-databases/corrective-actions-electronic-products,"owave ovens, security x-ray scanners) and medical applications (e.g., ultrasound therapy, diagnostic x-ray devices, lasik). manufacturers of radiation-emitting electronic products which are also medical devices are subject to both the eprc ",4,PARTIAL_MATCH_NEEDS_HUMAN_CONFIRMATION,"Some component/instrument tokens matched, but explicit proof remains uncertain.",PARTIAL_MATCH_NEEDS_HUMAN_CONFIRMATION,Partial only: no exact phrase and no sensor term in snippet.
20,C,Standard remediation item: generic evidence should be replaced by vendor/model evidence.,REPLACE_GENERIC_WITH_COMPONENT_SPECIFIC,pmsr:/INS1739303195193785,Geriatic Care Simulator,pmsr:/COM1786054978466460000,Geriatic Care Simulator Detector,General Medical Device Governance,https://www.fda.gov/medical-devices/device-advice-comprehensive-regulatory-assistance/medical-device-databases,https://www.iso.org/standard/72704.html (403; HTTPError 403: Forbidden),"Replace with instrument-model vendor manual, IFU, datasheet, or product specification page.","Replace governance/support hub with model/component-specific manual, datasheet, or IFU page.",TODO,https://www.fda.gov/medical-devices/device-advice-comprehensive-regulatory-assistance/medical-device-databases | https://www.who.int/teams/health-product-policy-and-standards/assistive-and-medical-technology/medical-devices | https://www.ssih.org/,yes,no,yes,Keep reachable URL only as seed; locate model/component-specific page and replace mapping link.,36,https://www.fda.gov/about-fda/cdrh-transparency/total-product-life-cycle-medical-devices,total product life cycle for medical devices | fda skip to main content skip to fda search skip to in this section menu skip to footer links an official website of the united states government here’s how you know the .gov means it’s officia,1,NO_COMPONENT_SIGNAL_FOUND,No meaningful component signal found across reachable candidate pages.,NO_COMPONENT_SIGNAL_FOUND,No component-level signal detected in deep scan.
21,C,Standard remediation item: generic evidence should be replaced by vendor/model evidence.,REPLACE_GENERIC_WITH_COMPONENT_SPECIFIC,pmsr:/INS1739303195193785,Geriatic Care Simulator,pmsr:/COM1786054978466464000,Geriatic Care Simulator Actuator,General Medical Device Governance,https://www.fda.gov/medical-devices/device-advice-comprehensive-regulatory-assistance/medical-device-databases,https://www.iso.org/standard/72704.html (403; HTTPError 403: Forbidden),"Replace with instrument-model vendor manual, IFU, datasheet, or product specification page.","Replace governance/support hub with model/component-specific manual, datasheet, or IFU page.",TODO,https://www.fda.gov/medical-devices/device-advice-comprehensive-regulatory-assistance/medical-device-databases | https://www.who.int/teams/health-product-policy-and-standards/assistive-and-medical-technology/medical-devices | https://www.ssih.org/,yes,no,yes,Keep reachable URL only as seed; locate model/component-specific page and replace mapping link.,36,https://www.fda.gov/about-fda/cdrh-transparency/total-product-life-cycle-medical-devices,total product life cycle for medical devices | fda skip to main content skip to fda search skip to in this section menu skip to footer links an official website of the united states government here’s how you know the .gov means it’s officia,1,NO_COMPONENT_SIGNAL_FOUND,No meaningful component signal found across reachable candidate pages.,NO_COMPONENT_SIGNAL_FOUND,No component-level signal detected in deep scan.
22,C,Standard remediation item: generic evidence should be replaced by vendor/model evidence.,REPLACE_GENERIC_WITH_COMPONENT_SPECIFIC,pmsr:/INS1739404046114785,Intramuscular Injections Simulator,pmsr:/COM1786054978466552000,Intramuscular Injections Simulator Detector,General Medical Device Governance,https://www.fda.gov/medical-devices/device-advice-comprehensive-regulatory-assistance/medical-device-databases,https://www.iso.org/standard/72704.html (403; HTTPError 403: Forbidden),"Replace with instrument-model vendor manual, IFU, datasheet, or product specification page.","Replace governance/support hub with model/component-specific manual, datasheet, or IFU page.",TODO,https://www.fda.gov/medical-devices/device-advice-comprehensive-regulatory-assistance/medical-device-databases | https://www.who.int/teams/health-product-policy-and-standards/assistive-and-medical-technology/medical-devices | https://www.ssih.org/,yes,no,yes,Keep reachable URL only as seed; locate model/component-specific page and replace mapping link.,36,https://www.ssih.org/about-simulation, learning and real-life clinical experience. novices – and patients - may learn how to do injections by practicing on an orange with a real needle and syringe. much more complex simulation exercises – similar to aviation curricula that prov,3,PARTIAL_MATCH_NEEDS_HUMAN_CONFIRMATION,"Some component/instrument tokens matched, but explicit proof remains uncertain.",PARTIAL_MATCH_NEEDS_HUMAN_CONFIRMATION,Partial only: no exact phrase and no sensor term in snippet.
23,C,Standard remediation item: generic evidence should be replaced by vendor/model evidence.,REPLACE_GENERIC_WITH_COMPONENT_SPECIFIC,pmsr:/INS1739404046114785,Intramuscular Injections Simulator,pmsr:/COM1786054978466557000,Intramuscular Injections Simulator Actuator,General Medical Device Governance,https://www.fda.gov/medical-devices/device-advice-comprehensive-regulatory-assistance/medical-device-databases,https://www.iso.org/standard/72704.html (403; HTTPError 403: Forbidden),"Replace with instrument-model vendor manual, IFU, datasheet, or product specification page.","Replace governance/support hub with model/component-specific manual, datasheet, or IFU page.",TODO,https://www.fda.gov/medical-devices/device-advice-comprehensive-regulatory-assistance/medical-device-databases | https://www.who.int/teams/health-product-policy-and-standards/assistive-and-medical-technology/medical-devices | https://www.ssih.org/,yes,no,yes,Keep reachable URL only as seed; locate model/component-specific page and replace mapping link.,36,https://www.ssih.org/about-simulation, learning and real-life clinical experience. novices – and patients - may learn how to do injections by practicing on an orange with a real needle and syringe. much more complex simulation exercises – similar to aviation curricula that prov,3,PARTIAL_MATCH_NEEDS_HUMAN_CONFIRMATION,"Some component/instrument tokens matched, but explicit proof remains uncertain.",PARTIAL_MATCH_NEEDS_HUMAN_CONFIRMATION,Partial only: no exact phrase and no sensor term in snippet.
24,C,Standard remediation item: generic evidence should be replaced by vendor/model evidence.,REPLACE_GENERIC_WITH_COMPONENT_SPECIFIC,pmsr:/INS1739483351917145,Male Inguinal Hernia Anatomy Model,pmsr:/COM1786054978466767000,Male Inguinal Hernia Anatomy Model Detector,General Medical Device Governance,https://www.fda.gov/medical-devices/device-advice-comprehensive-regulatory-assistance/medical-device-databases,https://www.iso.org/standard/72704.html (403; HTTPError 403: Forbidden),"Replace with instrument-model vendor manual, IFU, datasheet, or product specification page.","Replace governance/support hub with model/component-specific manual, datasheet, or IFU page.",TODO,https://www.fda.gov/medical-devices/device-advice-comprehensive-regulatory-assistance/medical-device-databases | https://www.who.int/teams/health-product-policy-and-standards/assistive-and-medical-technology/medical-devices | https://www.ssih.org/,yes,no,yes,Keep reachable URL only as seed; locate model/component-specific page and replace mapping link.,36,https://www.who.int/mega-menu/health-topics/resources/fact-sheets,ndometriosis epilepsy essential medicines f falls family planning/contraception methods female genital mutilation food additives food safety foodborne trematode infections fragility fractures free health care policies g gambling gonorrhoea ,4,PARTIAL_MATCH_NEEDS_HUMAN_CONFIRMATION,"Some component/instrument tokens matched, but explicit proof remains uncertain.",PARTIAL_MATCH_NEEDS_HUMAN_CONFIRMATION,Partial only: no exact phrase and no sensor term in snippet.
25,C,Standard remediation item: generic evidence should be replaced by vendor/model evidence.,REPLACE_GENERIC_WITH_COMPONENT_SPECIFIC,pmsr:/INS1739483351917145,Male Inguinal Hernia Anatomy Model,pmsr:/COM1786054978466773000,Male Inguinal Hernia Anatomy Model Actuator,General Medical Device Governance,https://www.fda.gov/medical-devices/device-advice-comprehensive-regulatory-assistance/medical-device-databases,https://www.iso.org/standard/72704.html (403; HTTPError 403: Forbidden),"Replace with instrument-model vendor manual, IFU, datasheet, or product specification page.","Replace governance/support hub with model/component-specific manual, datasheet, or IFU page.",TODO,https://www.fda.gov/medical-devices/device-advice-comprehensive-regulatory-assistance/medical-device-databases | https://www.who.int/teams/health-product-policy-and-standards/assistive-and-medical-technology/medical-devices | https://www.ssih.org/,yes,no,yes,Keep reachable URL only as seed; locate model/component-specific page and replace mapping link.,36,https://www.who.int/mega-menu/health-topics/resources/fact-sheets,ndometriosis epilepsy essential medicines f falls family planning/contraception methods female genital mutilation food additives food safety foodborne trematode infections fragility fractures free health care policies g gambling gonorrhoea ,4,PARTIAL_MATCH_NEEDS_HUMAN_CONFIRMATION,"Some component/instrument tokens matched, but explicit proof remains uncertain.",PARTIAL_MATCH_NEEDS_HUMAN_CONFIRMATION,Partial only: no exact phrase and no sensor term in snippet.
26,C,Standard remediation item: generic evidence should be replaced by vendor/model evidence.,REPLACE_GENERIC_WITH_COMPONENT_SPECIFIC,ncit:C16830,Medical Device,pmsr:/COM1786054978466790000,Medical Device Detector,General Medical Device Governance,https://www.fda.gov/medical-devices/device-advice-comprehensive-regulatory-assistance/medical-device-databases,https://www.iso.org/standard/72704.html (403; HTTPError 403: Forbidden),"Replace with instrument-model vendor manual, IFU, datasheet, or product specification page.","Replace governance/support hub with model/component-specific manual, datasheet, or IFU page.",TODO,https://www.fda.gov/medical-devices/device-advice-comprehensive-regulatory-assistance/medical-device-databases | https://www.who.int/teams/health-product-policy-and-standards/assistive-and-medical-technology/medical-devices | https://www.ssih.org/,yes,no,yes,Keep reachable URL only as seed; locate model/component-specific page and replace mapping link.,36,https://www.fda.gov/about-fda/cdrh-transparency/total-product-life-cycle-medical-devices,total product life cycle for medical devices | fda skip to main content skip to fda search skip to in this section menu skip to footer links an official website of the united states government here’s how you know the .gov means it’s officia,1,NO_COMPONENT_SIGNAL_FOUND,No meaningful component signal found across reachable candidate pages.,NO_COMPONENT_SIGNAL_FOUND,No component-level signal detected in deep scan.
27,C,Standard remediation item: generic evidence should be replaced by vendor/model evidence.,REPLACE_GENERIC_WITH_COMPONENT_SPECIFIC,ncit:C16830,Medical Device,pmsr:/COM1786054978466794000,Medical Device Actuator,General Medical Device Governance,https://www.fda.gov/medical-devices/device-advice-comprehensive-regulatory-assistance/medical-device-databases,https://www.iso.org/standard/72704.html (403; HTTPError 403: Forbidden),"Replace with instrument-model vendor manual, IFU, datasheet, or product specification page.","Replace governance/support hub with model/component-specific manual, datasheet, or IFU page.",TODO,https://www.fda.gov/medical-devices/device-advice-comprehensive-regulatory-assistance/medical-device-databases | https://www.who.int/teams/health-product-policy-and-standards/assistive-and-medical-technology/medical-devices | https://www.ssih.org/,yes,no,yes,Keep reachable URL only as seed; locate model/component-specific page and replace mapping link.,36,https://www.fda.gov/about-fda/cdrh-transparency/total-product-life-cycle-medical-devices,total product life cycle for medical devices | fda skip to main content skip to fda search skip to in this section menu skip to footer links an official website of the united states government here’s how you know the .gov means it’s officia,1,NO_COMPONENT_SIGNAL_FOUND,No meaningful component signal found across reachable candidate pages.,NO_COMPONENT_SIGNAL_FOUND,No component-level signal detected in deep scan.
28,C,Standard remediation item: generic evidence should be replaced by vendor/model evidence.,REPLACE_GENERIC_WITH_COMPONENT_SPECIFIC,pmsr:/INS1739287092102085,Medical Examination Simulators,pmsr:/COM1786054978466811000,Medical Examination Simulators Detector,General Medical Device Governance,https://www.fda.gov/medical-devices/device-advice-comprehensive-regulatory-assistance/medical-device-databases,https://www.iso.org/standard/72704.html (403; HTTPError 403: Forbidden),"Replace with instrument-model vendor manual, IFU, datasheet, or product specification page.","Replace governance/support hub with model/component-specific manual, datasheet, or IFU page.",TODO,https://www.fda.gov/medical-devices/device-advice-comprehensive-regulatory-assistance/medical-device-databases | https://www.who.int/teams/health-product-policy-and-standards/assistive-and-medical-technology/medical-devices | https://www.ssih.org/,yes,no,yes,Keep reachable URL only as seed; locate model/component-specific page and replace mapping link.,36,https://www.ssih.org/about-simulation,ings or after-action reviews that richly detail what happened. advanced surgical and task simulators gather much data about what the learner is actually doing. these performance maps and logs provide a solid and necessary feedback mechanism,3,PARTIAL_MATCH_NEEDS_HUMAN_CONFIRMATION,"Some component/instrument tokens matched, but explicit proof remains uncertain.",PARTIAL_MATCH_NEEDS_HUMAN_CONFIRMATION,Partial only: no exact phrase and no sensor term in snippet.
29,C,Standard remediation item: generic evidence should be replaced by vendor/model evidence.,REPLACE_GENERIC_WITH_COMPONENT_SPECIFIC,pmsr:/INS1739287092102085,Medical Examination Simulators,pmsr:/COM1786054978466817000,Medical Examination Simulators Actuator,General Medical Device Governance,https://www.fda.gov/medical-devices/device-advice-comprehensive-regulatory-assistance/medical-device-databases,https://www.iso.org/standard/72704.html (403; HTTPError 403: Forbidden),"Replace with instrument-model vendor manual, IFU, datasheet, or product specification page.","Replace governance/support hub with model/component-specific manual, datasheet, or IFU page.",TODO,https://www.fda.gov/medical-devices/device-advice-comprehensive-regulatory-assistance/medical-device-databases | https://www.who.int/teams/health-product-policy-and-standards/assistive-and-medical-technology/medical-devices | https://www.ssih.org/,yes,no,yes,Keep reachable URL only as seed; locate model/component-specific page and replace mapping link.,36,https://www.ssih.org/about-simulation,ings or after-action reviews that richly detail what happened. advanced surgical and task simulators gather much data about what the learner is actually doing. these performance maps and logs provide a solid and necessary feedback mechanism,3,PARTIAL_MATCH_NEEDS_HUMAN_CONFIRMATION,"Some component/instrument tokens matched, but explicit proof remains uncertain.",PARTIAL_MATCH_NEEDS_HUMAN_CONFIRMATION,Partial only: no exact phrase and no sensor term in snippet.
30,C,Standard remediation item: generic evidence should be replaced by vendor/model evidence.,REPLACE_GENERIC_WITH_COMPONENT_SPECIFIC,pmsr:/INS1739301814401805,Medical Procedure Simulator,pmsr:/COM1786054978466833000,Medical Procedure Simulator Detector,General Medical Device Governance,https://www.fda.gov/medical-devices/device-advice-comprehensive-regulatory-assistance/medical-device-databases,https://www.iso.org/standard/72704.html (403; HTTPError 403: Forbidden),"Replace with instrument-model vendor manual, IFU, datasheet, or product specification page.","Replace governance/support hub with model/component-specific manual, datasheet, or IFU page.",TODO,https://www.fda.gov/medical-devices/device-advice-comprehensive-regulatory-assistance/medical-device-databases | https://www.who.int/teams/health-product-policy-and-standards/assistive-and-medical-technology/medical-devices | https://www.ssih.org/,yes,no,yes,Keep reachable URL only as seed; locate model/component-specific page and replace mapping link.,36,https://www.fda.gov/about-fda/cdrh-transparency/total-product-life-cycle-medical-devices,total product life cycle for medical devices | fda skip to main content skip to fda search skip to in this section menu skip to footer links an official website of the united states government here’s how you know the .gov means it’s officia,1,NO_COMPONENT_SIGNAL_FOUND,No meaningful component signal found across reachable candidate pages.,NO_COMPONENT_SIGNAL_FOUND,No component-level signal detected in deep scan.
31,C,Standard remediation item: generic evidence should be replaced by vendor/model evidence.,REPLACE_GENERIC_WITH_COMPONENT_SPECIFIC,pmsr:/INS1739301814401805,Medical Procedure Simulator,pmsr:/COM1786054978466838000,Medical Procedure Simulator Actuator,General Medical Device Governance,https://www.fda.gov/medical-devices/device-advice-comprehensive-regulatory-assistance/medical-device-databases,https://www.iso.org/standard/72704.html (403; HTTPError 403: Forbidden),"Replace with instrument-model vendor manual, IFU, datasheet, or product specification page.","Replace governance/support hub with model/component-specific manual, datasheet, or IFU page.",TODO,https://www.fda.gov/medical-devices/device-advice-comprehensive-regulatory-assistance/medical-device-databases | https://www.who.int/teams/health-product-policy-and-standards/assistive-and-medical-technology/medical-devices | https://www.ssih.org/,yes,no,yes,Keep reachable URL only as seed; locate model/component-specific page and replace mapping link.,36,https://www.fda.gov/about-fda/cdrh-transparency/total-product-life-cycle-medical-devices,total product life cycle for medical devices | fda skip to main content skip to fda search skip to in this section menu skip to footer links an official website of the united states government here’s how you know the .gov means it’s officia,1,NO_COMPONENT_SIGNAL_FOUND,No meaningful component signal found across reachable candidate pages.,NO_COMPONENT_SIGNAL_FOUND,No component-level signal detected in deep scan.
32,C,Standard remediation item: generic evidence should be replaced by vendor/model evidence.,REPLACE_GENERIC_WITH_COMPONENT_SPECIFIC,pmsr:/INS1739400689838665,Nursing Care Simulator,pmsr:/COM1786054978466875000,Nursing Care Simulator Detector,General Medical Device Governance,https://www.fda.gov/medical-devices/device-advice-comprehensive-regulatory-assistance/medical-device-databases,https://www.iso.org/standard/72704.html (403; HTTPError 403: Forbidden),"Replace with instrument-model vendor manual, IFU, datasheet, or product specification page.","Replace governance/support hub with model/component-specific manual, datasheet, or IFU page.",TODO,https://www.fda.gov/medical-devices/device-advice-comprehensive-regulatory-assistance/medical-device-databases | https://www.who.int/teams/health-product-policy-and-standards/assistive-and-medical-technology/medical-devices | https://www.ssih.org/,yes,no,yes,Keep reachable URL only as seed; locate model/component-specific page and replace mapping link.,36,https://www.fda.gov/medsun-medical-product-safety-network,"njuries occur the safe medical devices act (smda) defines ‘user facilities’ as hospitals, nursing homes, and outpatient treatment and diagnostic centers. they are required to report medical device problems that result in serious illness, in",4,PARTIAL_MATCH_NEEDS_HUMAN_CONFIRMATION,"Some component/instrument tokens matched, but explicit proof remains uncertain.",PARTIAL_MATCH_NEEDS_HUMAN_CONFIRMATION,Partial only: no exact phrase and no sensor term in snippet.
33,C,Standard remediation item: generic evidence should be replaced by vendor/model evidence.,REPLACE_GENERIC_WITH_COMPONENT_SPECIFIC,pmsr:/INS1739400689838665,Nursing Care Simulator,pmsr:/COM1786054978466881000,Nursing Care Simulator Actuator,General Medical Device Governance,https://www.fda.gov/medical-devices/device-advice-comprehensive-regulatory-assistance/medical-device-databases,https://www.iso.org/standard/72704.html (403; HTTPError 403: Forbidden),"Replace with instrument-model vendor manual, IFU, datasheet, or product specification page.","Replace governance/support hub with model/component-specific manual, datasheet, or IFU page.",TODO,https://www.fda.gov/medical-devices/device-advice-comprehensive-regulatory-assistance/medical-device-databases | https://www.who.int/teams/health-product-policy-and-standards/assistive-and-medical-technology/medical-devices | https://www.ssih.org/,yes,no,yes,Keep reachable URL only as seed; locate model/component-specific page and replace mapping link.,36,https://www.fda.gov/medsun-medical-product-safety-network,"njuries occur the safe medical devices act (smda) defines ‘user facilities’ as hospitals, nursing homes, and outpatient treatment and diagnostic centers. they are required to report medical device problems that result in serious illness, in",4,PARTIAL_MATCH_NEEDS_HUMAN_CONFIRMATION,"Some component/instrument tokens matched, but explicit proof remains uncertain.",PARTIAL_MATCH_NEEDS_HUMAN_CONFIRMATION,Partial only: no exact phrase and no sensor term in snippet.
34,C,Standard remediation item: generic evidence should be replaced by vendor/model evidence.,REPLACE_GENERIC_WITH_COMPONENT_SPECIFIC,pmsr:/INS1739303333850795,Oncology Care Simulator,pmsr:/COM1786054978466920000,Oncology Care Simulator Detector,General Medical Device Governance,https://www.fda.gov/medical-devices/device-advice-comprehensive-regulatory-assistance/medical-device-databases,https://www.iso.org/standard/72704.html (403; HTTPError 403: Forbidden),"Replace with instrument-model vendor manual, IFU, datasheet, or product specification page.","Replace governance/support hub with model/component-specific manual, datasheet, or IFU page.",TODO,https://www.fda.gov/medical-devices/device-advice-comprehensive-regulatory-assistance/medical-device-databases | https://www.who.int/teams/health-product-policy-and-standards/assistive-and-medical-technology/medical-devices | https://www.ssih.org/,yes,no,yes,Keep reachable URL only as seed; locate model/component-specific page and replace mapping link.,36,https://www.fda.gov/about-fda/cdrh-transparency/total-product-life-cycle-medical-devices,total product life cycle for medical devices | fda skip to main content skip to fda search skip to in this section menu skip to footer links an official website of the united states government here’s how you know the .gov means it’s officia,1,NO_COMPONENT_SIGNAL_FOUND,No meaningful component signal found across reachable candidate pages.,NO_COMPONENT_SIGNAL_FOUND,No component-level signal detected in deep scan.
35,C,Standard remediation item: generic evidence should be replaced by vendor/model evidence.,REPLACE_GENERIC_WITH_COMPONENT_SPECIFIC,pmsr:/INS1739303333850795,Oncology Care Simulator,pmsr:/COM1786054978466925000,Oncology Care Simulator Actuator,General Medical Device Governance,https://www.fda.gov/medical-devices/device-advice-comprehensive-regulatory-assistance/medical-device-databases,https://www.iso.org/standard/72704.html (403; HTTPError 403: Forbidden),"Replace with instrument-model vendor manual, IFU, datasheet, or product specification page.","Replace governance/support hub with model/component-specific manual, datasheet, or IFU page.",TODO,https://www.fda.gov/medical-devices/device-advice-comprehensive-regulatory-assistance/medical-device-databases | https://www.who.int/teams/health-product-policy-and-standards/assistive-and-medical-technology/medical-devices | https://www.ssih.org/,yes,no,yes,Keep reachable URL only as seed; locate model/component-specific page and replace mapping link.,36,https://www.fda.gov/about-fda/cdrh-transparency/total-product-life-cycle-medical-devices,total product life cycle for medical devices | fda skip to main content skip to fda search skip to in this section menu skip to footer links an official website of the united states government here’s how you know the .gov means it’s officia,1,NO_COMPONENT_SIGNAL_FOUND,No meaningful component signal found across reachable candidate pages.,NO_COMPONENT_SIGNAL_FOUND,No component-level signal detected in deep scan.
36,C,Standard remediation item: generic evidence should be replaced by vendor/model evidence.,REPLACE_GENERIC_WITH_COMPONENT_SPECIFIC,pmsr:PhysicalMedicalDevice,Physical Medical Device,pmsr:/COM1786054978466995000,Physical Medical Device Detector,General Medical Device Governance,https://www.fda.gov/medical-devices/device-advice-comprehensive-regulatory-assistance/medical-device-databases,https://www.iso.org/standard/72704.html (403; HTTPError 403: Forbidden),"Replace with instrument-model vendor manual, IFU, datasheet, or product specification page.","Replace governance/support hub with model/component-specific manual, datasheet, or IFU page.",TODO,https://www.fda.gov/medical-devices/device-advice-comprehensive-regulatory-assistance/medical-device-databases | https://www.who.int/teams/health-product-policy-and-standards/assistive-and-medical-technology/medical-devices | https://www.ssih.org/,yes,no,yes,Keep reachable URL only as seed; locate model/component-specific page and replace mapping link.,36,https://www.fda.gov/about-fda/cdrh-transparency/total-product-life-cycle-medical-devices,total product life cycle for medical devices | fda skip to main content skip to fda search skip to in this section menu skip to footer links an official website of the united states government here’s how you know the .gov means it’s officia,1,NO_COMPONENT_SIGNAL_FOUND,No meaningful component signal found across reachable candidate pages.,NO_COMPONENT_SIGNAL_FOUND,No component-level signal detected in deep scan.
37,C,Standard remediation item: generic evidence should be replaced by vendor/model evidence.,REPLACE_GENERIC_WITH_COMPONENT_SPECIFIC,pmsr:PhysicalMedicalDevice,Physical Medical Device,pmsr:/COM1786054978466999000,Physical Medical Device Actuator,General Medical Device Governance,https://www.fda.gov/medical-devices/device-advice-comprehensive-regulatory-assistance/medical-device-databases,https://www.iso.org/standard/72704.html (403; HTTPError 403: Forbidden),"Replace with instrument-model vendor manual, IFU, datasheet, or product specification page.","Replace governance/support hub with model/component-specific manual, datasheet, or IFU page.",TODO,https://www.fda.gov/medical-devices/device-advice-comprehensive-regulatory-assistance/medical-device-databases | https://www.who.int/teams/health-product-policy-and-standards/assistive-and-medical-technology/medical-devices | https://www.ssih.org/,yes,no,yes,Keep reachable URL only as seed; locate model/component-specific page and replace mapping link.,36,https://www.fda.gov/about-fda/cdrh-transparency/total-product-life-cycle-medical-devices,total product life cycle for medical devices | fda skip to main content skip to fda search skip to in this section menu skip to footer links an official website of the united states government here’s how you know the .gov means it’s officia,1,NO_COMPONENT_SIGNAL_FOUND,No meaningful component signal found across reachable candidate pages.,NO_COMPONENT_SIGNAL_FOUND,No component-level signal detected in deep scan.
38,C,Standard remediation item: generic evidence should be replaced by vendor/model evidence.,REPLACE_GENERIC_WITH_COMPONENT_SPECIFIC,pmsr:PhysicalMedicalSimulator,Physical Medical Simulator,pmsr:/COM1786054978467018000,Physical Medical Simulator Detector,General Medical Device Governance,https://www.fda.gov/medical-devices/device-advice-comprehensive-regulatory-assistance/medical-device-databases,https://www.iso.org/standard/72704.html (403; HTTPError 403: Forbidden),"Replace with instrument-model vendor manual, IFU, datasheet, or product specification page.","Replace governance/support hub with model/component-specific manual, datasheet, or IFU page.",TODO,https://www.fda.gov/medical-devices/device-advice-comprehensive-regulatory-assistance/medical-device-databases | https://www.who.int/teams/health-product-policy-and-standards/assistive-and-medical-technology/medical-devices | https://www.ssih.org/,yes,no,yes,Keep reachable URL only as seed; locate model/component-specific page and replace mapping link.,36,https://www.fda.gov/about-fda/cdrh-transparency/total-product-life-cycle-medical-devices,total product life cycle for medical devices | fda skip to main content skip to fda search skip to in this section menu skip to footer links an official website of the united states government here’s how you know the .gov means it’s officia,1,NO_COMPONENT_SIGNAL_FOUND,No meaningful component signal found across reachable candidate pages.,NO_COMPONENT_SIGNAL_FOUND,No component-level signal detected in deep scan.
39,C,Standard remediation item: generic evidence should be replaced by vendor/model evidence.,REPLACE_GENERIC_WITH_COMPONENT_SPECIFIC,pmsr:PhysicalMedicalSimulator,Physical Medical Simulator,pmsr:/COM1786054978467023000,Physical Medical Simulator Actuator,General Medical Device Governance,https://www.fda.gov/medical-devices/device-advice-comprehensive-regulatory-assistance/medical-device-databases,https://www.iso.org/standard/72704.html (403; HTTPError 403: Forbidden),"Replace with instrument-model vendor manual, IFU, datasheet, or product specification page.","Replace governance/support hub with model/component-specific manual, datasheet, or IFU page.",TODO,https://www.fda.gov/medical-devices/device-advice-comprehensive-regulatory-assistance/medical-device-databases | https://www.who.int/teams/health-product-policy-and-standards/assistive-and-medical-technology/medical-devices | https://www.ssih.org/,yes,no,yes,Keep reachable URL only as seed; locate model/component-specific page and replace mapping link.,36,https://www.fda.gov/about-fda/cdrh-transparency/total-product-life-cycle-medical-devices,total product life cycle for medical devices | fda skip to main content skip to fda search skip to in this section menu skip to footer links an official website of the united states government here’s how you know the .gov means it’s officia,1,NO_COMPONENT_SIGNAL_FOUND,No meaningful component signal found across reachable candidate pages.,NO_COMPONENT_SIGNAL_FOUND,No component-level signal detected in deep scan.
40,C,Standard remediation item: generic evidence should be replaced by vendor/model evidence.,REPLACE_GENERIC_WITH_COMPONENT_SPECIFIC,pmsr:/INS1740087239872215,Physiology Simulator,pmsr:/COM1786054978467041000,Physiology Simulator Detector,General Medical Device Governance,https://www.fda.gov/medical-devices/device-advice-comprehensive-regulatory-assistance/medical-device-databases,https://www.iso.org/standard/72704.html (403; HTTPError 403: Forbidden),"Replace with instrument-model vendor manual, IFU, datasheet, or product specification page.","Replace governance/support hub with model/component-specific manual, datasheet, or IFU page.",TODO,https://www.fda.gov/medical-devices/device-advice-comprehensive-regulatory-assistance/medical-device-databases | https://www.who.int/teams/health-product-policy-and-standards/assistive-and-medical-technology/medical-devices | https://www.ssih.org/,yes,no,yes,Keep reachable URL only as seed; locate model/component-specific page and replace mapping link.,36,https://www.fda.gov/about-fda/cdrh-transparency/total-product-life-cycle-medical-devices,total product life cycle for medical devices | fda skip to main content skip to fda search skip to in this section menu skip to footer links an official website of the united states government here’s how you know the .gov means it’s officia,1,NO_COMPONENT_SIGNAL_FOUND,No meaningful component signal found across reachable candidate pages.,NO_COMPONENT_SIGNAL_FOUND,No component-level signal detected in deep scan.
41,C,Standard remediation item: generic evidence should be replaced by vendor/model evidence.,REPLACE_GENERIC_WITH_COMPONENT_SPECIFIC,pmsr:/INS1740087239872215,Physiology Simulator,pmsr:/COM1786054978467045000,Physiology Simulator Actuator,General Medical Device Governance,https://www.fda.gov/medical-devices/device-advice-comprehensive-regulatory-assistance/medical-device-databases,https://www.iso.org/standard/72704.html (403; HTTPError 403: Forbidden),"Replace with instrument-model vendor manual, IFU, datasheet, or product specification page.","Replace governance/support hub with model/component-specific manual, datasheet, or IFU page.",TODO,https://www.fda.gov/medical-devices/device-advice-comprehensive-regulatory-assistance/medical-device-databases | https://www.who.int/teams/health-product-policy-and-standards/assistive-and-medical-technology/medical-devices | https://www.ssih.org/,yes,no,yes,Keep reachable URL only as seed; locate model/component-specific page and replace mapping link.,36,https://www.fda.gov/about-fda/cdrh-transparency/total-product-life-cycle-medical-devices,total product life cycle for medical devices | fda skip to main content skip to fda search skip to in this section menu skip to footer links an official website of the united states government here’s how you know the .gov means it’s officia,1,NO_COMPONENT_SIGNAL_FOUND,No meaningful component signal found across reachable candidate pages.,NO_COMPONENT_SIGNAL_FOUND,No component-level signal detected in deep scan.
42,C,Standard remediation item: generic evidence should be replaced by vendor/model evidence.,REPLACE_GENERIC_WITH_COMPONENT_SPECIFIC,pmsr:/INS1739453043505715,Pitting Edema Simulator,pmsr:/COM1786054978467065000,Pitting Edema Simulator Detector,General Medical Device Governance,https://www.fda.gov/medical-devices/device-advice-comprehensive-regulatory-assistance/medical-device-databases,https://www.iso.org/standard/72704.html (403; HTTPError 403: Forbidden),"Replace with instrument-model vendor manual, IFU, datasheet, or product specification page.","Replace governance/support hub with model/component-specific manual, datasheet, or IFU page.",TODO,https://www.fda.gov/medical-devices/device-advice-comprehensive-regulatory-assistance/medical-device-databases | https://www.who.int/teams/health-product-policy-and-standards/assistive-and-medical-technology/medical-devices | https://www.ssih.org/,yes,no,yes,Keep reachable URL only as seed; locate model/component-specific page and replace mapping link.,36,https://www.who.int/mega-menu/health-topics/resources/fact-sheets,s in food physical activity plague pneumonia in children podoconiosis (non-filarial lymphoedema) poliomyelitis polycystic ovary syndrome post covid-19 condition (long covid) post-traumatic stress disorder pre-eclampsia prequalification of h,4,PARTIAL_MATCH_NEEDS_HUMAN_CONFIRMATION,"Some component/instrument tokens matched, but explicit proof remains uncertain.",PARTIAL_MATCH_NEEDS_HUMAN_CONFIRMATION,Partial only: no exact phrase and no sensor term in snippet.
43,C,Standard remediation item: generic evidence should be replaced by vendor/model evidence.,REPLACE_GENERIC_WITH_COMPONENT_SPECIFIC,pmsr:/INS1739453043505715,Pitting Edema Simulator,pmsr:/COM1786054978467069000,Pitting Edema Simulator Actuator,General Medical Device Governance,https://www.fda.gov/medical-devices/device-advice-comprehensive-regulatory-assistance/medical-device-databases,https://www.iso.org/standard/72704.html (403; HTTPError 403: Forbidden),"Replace with instrument-model vendor manual, IFU, datasheet, or product specification page.","Replace governance/support hub with model/component-specific manual, datasheet, or IFU page.",TODO,https://www.fda.gov/medical-devices/device-advice-comprehensive-regulatory-assistance/medical-device-databases | https://www.who.int/teams/health-product-policy-and-standards/assistive-and-medical-technology/medical-devices | https://www.ssih.org/,yes,no,yes,Keep reachable URL only as seed; locate model/component-specific page and replace mapping link.,36,https://www.who.int/mega-menu/health-topics/resources/fact-sheets,s in food physical activity plague pneumonia in children podoconiosis (non-filarial lymphoedema) poliomyelitis polycystic ovary syndrome post covid-19 condition (long covid) post-traumatic stress disorder pre-eclampsia prequalification of h,4,PARTIAL_MATCH_NEEDS_HUMAN_CONFIRMATION,"Some component/instrument tokens matched, but explicit proof remains uncertain.",PARTIAL_MATCH_NEEDS_HUMAN_CONFIRMATION,Partial only: no exact phrase and no sensor term in snippet.
44,C,Standard remediation item: generic evidence should be replaced by vendor/model evidence.,REPLACE_GENERIC_WITH_COMPONENT_SPECIFIC,pmsr:/INS1739392122823235,Procedure Simulator,pmsr:/COM1786054978467110000,Procedure Simulator Detector,General Medical Device Governance,https://www.fda.gov/medical-devices/device-advice-comprehensive-regulatory-assistance/medical-device-databases,https://www.iso.org/standard/72704.html (403; HTTPError 403: Forbidden),"Replace with instrument-model vendor manual, IFU, datasheet, or product specification page.","Replace governance/support hub with model/component-specific manual, datasheet, or IFU page.",TODO,https://www.fda.gov/medical-devices/device-advice-comprehensive-regulatory-assistance/medical-device-databases | https://www.who.int/teams/health-product-policy-and-standards/assistive-and-medical-technology/medical-devices | https://www.ssih.org/,yes,no,yes,Keep reachable URL only as seed; locate model/component-specific page and replace mapping link.,36,https://www.fda.gov/about-fda/cdrh-transparency/total-product-life-cycle-medical-devices,total product life cycle for medical devices | fda skip to main content skip to fda search skip to in this section menu skip to footer links an official website of the united states government here’s how you know the .gov means it’s officia,1,NO_COMPONENT_SIGNAL_FOUND,No meaningful component signal found across reachable candidate pages.,NO_COMPONENT_SIGNAL_FOUND,No component-level signal detected in deep scan.
45,C,Standard remediation item: generic evidence should be replaced by vendor/model evidence.,REPLACE_GENERIC_WITH_COMPONENT_SPECIFIC,pmsr:/INS1739392122823235,Procedure Simulator,pmsr:/COM1786054978467116000,Procedure Simulator Actuator,General Medical Device Governance,https://www.fda.gov/medical-devices/device-advice-comprehensive-regulatory-assistance/medical-device-databases,https://www.iso.org/standard/72704.html (403; HTTPError 403: Forbidden),"Replace with instrument-model vendor manual, IFU, datasheet, or product specification page.","Replace governance/support hub with model/component-specific manual, datasheet, or IFU page.",TODO,https://www.fda.gov/medical-devices/device-advice-comprehensive-regulatory-assistance/medical-device-databases | https://www.who.int/teams/health-product-policy-and-standards/assistive-and-medical-technology/medical-devices | https://www.ssih.org/,yes,no,yes,Keep reachable URL only as seed; locate model/component-specific page and replace mapping link.,36,https://www.fda.gov/about-fda/cdrh-transparency/total-product-life-cycle-medical-devices,total product life cycle for medical devices | fda skip to main content skip to fda search skip to in this section menu skip to footer links an official website of the united states government here’s how you know the .gov means it’s officia,1,NO_COMPONENT_SIGNAL_FOUND,No meaningful component signal found across reachable candidate pages.,NO_COMPONENT_SIGNAL_FOUND,No component-level signal detected in deep scan.
46,C,Standard remediation item: generic evidence should be replaced by vendor/model evidence.,REPLACE_GENERIC_WITH_COMPONENT_SPECIFIC,pmsr:/INS1739452783104705,Skin Care Procedure Simulator,pmsr:/COM1786054978467245000,Skin Care Procedure Simulator Detector,General Medical Device Governance,https://www.fda.gov/medical-devices/device-advice-comprehensive-regulatory-assistance/medical-device-databases,https://www.iso.org/standard/72704.html (403; HTTPError 403: Forbidden),"Replace with instrument-model vendor manual, IFU, datasheet, or product specification page.","Replace governance/support hub with model/component-specific manual, datasheet, or IFU page.",TODO,https://www.fda.gov/medical-devices/device-advice-comprehensive-regulatory-assistance/medical-device-databases | https://www.who.int/teams/health-product-policy-and-standards/assistive-and-medical-technology/medical-devices | https://www.ssih.org/,yes,no,yes,Keep reachable URL only as seed; locate model/component-specific page and replace mapping link.,36,https://www.fda.gov/about-fda/cdrh-transparency/total-product-life-cycle-medical-devices,total product life cycle for medical devices | fda skip to main content skip to fda search skip to in this section menu skip to footer links an official website of the united states government here’s how you know the .gov means it’s officia,1,NO_COMPONENT_SIGNAL_FOUND,No meaningful component signal found across reachable candidate pages.,NO_COMPONENT_SIGNAL_FOUND,No component-level signal detected in deep scan.
47,C,Standard remediation item: generic evidence should be replaced by vendor/model evidence.,REPLACE_GENERIC_WITH_COMPONENT_SPECIFIC,pmsr:/INS1739452783104705,Skin Care Procedure Simulator,pmsr:/COM1786054978467249000,Skin Care Procedure Simulator Actuator,General Medical Device Governance,https://www.fda.gov/medical-devices/device-advice-comprehensive-regulatory-assistance/medical-device-databases,https://www.iso.org/standard/72704.html (403; HTTPError 403: Forbidden),"Replace with instrument-model vendor manual, IFU, datasheet, or product specification page.","Replace governance/support hub with model/component-specific manual, datasheet, or IFU page.",TODO,https://www.fda.gov/medical-devices/device-advice-comprehensive-regulatory-assistance/medical-device-databases | https://www.who.int/teams/health-product-policy-and-standards/assistive-and-medical-technology/medical-devices | https://www.ssih.org/,yes,no,yes,Keep reachable URL only as seed; locate model/component-specific page and replace mapping link.,36,https://www.fda.gov/about-fda/cdrh-transparency/total-product-life-cycle-medical-devices,total product life cycle for medical devices | fda skip to main content skip to fda search skip to in this section menu skip to footer links an official website of the united states government here’s how you know the .gov means it’s officia,1,NO_COMPONENT_SIGNAL_FOUND,No meaningful component signal found across reachable candidate pages.,NO_COMPONENT_SIGNAL_FOUND,No component-level signal detected in deep scan.
48,C,Standard remediation item: generic evidence should be replaced by vendor/model evidence.,REPLACE_GENERIC_WITH_COMPONENT_SPECIFIC,pmsr:/INS1739402585415785,Vaginal Medicine Administration Simulator,pmsr:/COM1786054978467387000,Vaginal Medicine Administration Simulator Detector,General Medical Device Governance,https://www.fda.gov/medical-devices/device-advice-comprehensive-regulatory-assistance/medical-device-databases,https://www.iso.org/standard/72704.html (403; HTTPError 403: Forbidden),"Replace with instrument-model vendor manual, IFU, datasheet, or product specification page.","Replace governance/support hub with model/component-specific manual, datasheet, or IFU page.",TODO,https://www.fda.gov/medical-devices/device-advice-comprehensive-regulatory-assistance/medical-device-databases | https://www.who.int/teams/health-product-policy-and-standards/assistive-and-medical-technology/medical-devices | https://www.ssih.org/,yes,no,yes,Keep reachable URL only as seed; locate model/component-specific page and replace mapping link.,36,https://www.fda.gov/medsun-medical-product-safety-network,(medsun) is an adverse event reporting program launched in 2002 by the u.s. food and drug administration’s center for devices and radiological health (cdrh). the primary goal for medsun is to work collaboratively with the clinical community,4,PARTIAL_MATCH_NEEDS_HUMAN_CONFIRMATION,"Some component/instrument tokens matched, but explicit proof remains uncertain.",PARTIAL_MATCH_NEEDS_HUMAN_CONFIRMATION,Partial only: no exact phrase and no sensor term in snippet.
49,C,Standard remediation item: generic evidence should be replaced by vendor/model evidence.,REPLACE_GENERIC_WITH_COMPONENT_SPECIFIC,pmsr:/INS1739402585415785,Vaginal Medicine Administration Simulator,pmsr:/COM1786054978467392000,Vaginal Medicine Administration Simulator Actuator,General Medical Device Governance,https://www.fda.gov/medical-devices/device-advice-comprehensive-regulatory-assistance/medical-device-databases,https://www.iso.org/standard/72704.html (403; HTTPError 403: Forbidden),"Replace with instrument-model vendor manual, IFU, datasheet, or product specification page.","Replace governance/support hub with model/component-specific manual, datasheet, or IFU page.",TODO,https://www.fda.gov/medical-devices/device-advice-comprehensive-regulatory-assistance/medical-device-databases | https://www.who.int/teams/health-product-policy-and-standards/assistive-and-medical-technology/medical-devices | https://www.ssih.org/,yes,no,yes,Keep reachable URL only as seed; locate model/component-specific page and replace mapping link.,36,https://www.fda.gov/medsun-medical-product-safety-network,(medsun) is an adverse event reporting program launched in 2002 by the u.s. food and drug administration’s center for devices and radiological health (cdrh). the primary goal for medsun is to work collaboratively with the clinical community,4,PARTIAL_MATCH_NEEDS_HUMAN_CONFIRMATION,"Some component/instrument tokens matched, but explicit proof remains uncertain.",PARTIAL_MATCH_NEEDS_HUMAN_CONFIRMATION,Partial only: no exact phrase and no sensor term in snippet.
50,C,Standard remediation item: generic evidence should be replaced by vendor/model evidence.,REPLACE_GENERIC_WITH_COMPONENT_SPECIFIC,pmsr:/INS1739303008518495,Ventilator Care Simulator,pmsr:/COM1786054978467459000,Ventilator Care Simulator Detector,General Medical Device Governance,https://www.fda.gov/medical-devices/device-advice-comprehensive-regulatory-assistance/medical-device-databases,https://www.iso.org/standard/72704.html (403; HTTPError 403: Forbidden),"Replace with instrument-model vendor manual, IFU, datasheet, or product specification page.","Replace governance/support hub with model/component-specific manual, datasheet, or IFU page.",TODO,https://www.fda.gov/medical-devices/device-advice-comprehensive-regulatory-assistance/medical-device-databases | https://www.who.int/teams/health-product-policy-and-standards/assistive-and-medical-technology/medical-devices | https://www.ssih.org/,yes,no,yes,Keep reachable URL only as seed; locate model/component-specific page and replace mapping link.,36,https://www.fda.gov/about-fda/cdrh-transparency/total-product-life-cycle-medical-devices,total product life cycle for medical devices | fda skip to main content skip to fda search skip to in this section menu skip to footer links an official website of the united states government here’s how you know the .gov means it’s officia,1,NO_COMPONENT_SIGNAL_FOUND,No meaningful component signal found across reachable candidate pages.,NO_COMPONENT_SIGNAL_FOUND,No component-level signal detected in deep scan.
51,C,Standard remediation item: generic evidence should be replaced by vendor/model evidence.,REPLACE_GENERIC_WITH_COMPONENT_SPECIFIC,pmsr:/INS1739303008518495,Ventilator Care Simulator,pmsr:/COM1786054978467464000,Ventilator Care Simulator Actuator,General Medical Device Governance,https://www.fda.gov/medical-devices/device-advice-comprehensive-regulatory-assistance/medical-device-databases,https://www.iso.org/standard/72704.html (403; HTTPError 403: Forbidden),"Replace with instrument-model vendor manual, IFU, datasheet, or product specification page.","Replace governance/support hub with model/component-specific manual, datasheet, or IFU page.",TODO,https://www.fda.gov/medical-devices/device-advice-comprehensive-regulatory-assistance/medical-device-databases | https://www.who.int/teams/health-product-policy-and-standards/assistive-and-medical-technology/medical-devices | https://www.ssih.org/,yes,no,yes,Keep reachable URL only as seed; locate model/component-specific page and replace mapping link.,36,https://www.fda.gov/about-fda/cdrh-transparency/total-product-life-cycle-medical-devices,total product life cycle for medical devices | fda skip to main content skip to fda search skip to in this section menu skip to footer links an official website of the united states government here’s how you know the .gov means it’s officia,1,NO_COMPONENT_SIGNAL_FOUND,No meaningful component signal found across reachable candidate pages.,NO_COMPONENT_SIGNAL_FOUND,No component-level signal detected in deep scan.
,,,REPLACE_GENERIC_WITH_COMPONENT_SPECIFIC,uberon:0005409,,pmsr:/COM1740091527359405,Anal Canal  -- CB:EMPTY,General Medical Device Governance,https://www.fda.gov/medical-devices/device-advice-comprehensive-regulatory-assistance/medical-device-databases,https://www.iso.org/standard/72704.html (403; HTTPError 403: Forbidden),"Replace with instrument-model vendor manual, IFU, datasheet, or product specification page.","Replace governance/support hub with model/component-specific manual, datasheet, or IFU page.",TODO,https://www.fda.gov/medical-devices/device-advice-comprehensive-regulatory-assistance/medical-device-databases | https://www.who.int/teams/health-product-policy-and-standards/assistive-and-medical-technology/medical-devices | https://www.ssih.org/,yes,no,yes,Keep reachable URL only as seed; locate model/component-specific page and replace mapping link.,36,https://www.fda.gov/medical-devices/device-advice-comprehensive-regulatory-assistance/medical-device-databases,". weekly clinical laboratory improvement amendments - download data clia currently waived analytes this database contains the commercially marketed in vitro test systems categorized as clia waived by the fda since january 31, 2000, and by t",2,NO_COMPONENT_SIGNAL_FOUND,No meaningful component signal found across reachable candidate pages.,NO_COMPONENT_SIGNAL_FOUND,No component-level signal detected in deep scan.
,,,REPLACE_GENERIC_WITH_COMPONENT_SPECIFIC,uberon:0001004,,pmsr:/COM1738097990641815,Chest Inflator  -- CB:Chest Inflator,General Medical Device Governance,https://www.fda.gov/medical-devices/device-advice-comprehensive-regulatory-assistance/medical-device-databases,https://www.iso.org/standard/72704.html (403; HTTPError 403: Forbidden),"Replace with instrument-model vendor manual, IFU, datasheet, or product specification page.","Replace governance/support hub with model/component-specific manual, datasheet, or IFU page.",TODO,https://www.fda.gov/medical-devices/device-advice-comprehensive-regulatory-assistance/medical-device-databases | https://www.who.int/teams/health-product-policy-and-standards/assistive-and-medical-technology/medical-devices | https://www.ssih.org/,yes,no,yes,Keep reachable URL only as seed; locate model/component-specific page and replace mapping link.,36,https://www.fda.gov/about-fda/cdrh-transparency/total-product-life-cycle-medical-devices,total product life cycle for medical devices | fda skip to main content skip to fda search skip to in this section menu skip to footer links an official website of the united states government here’s how you know the .gov means it’s officia,1,NO_COMPONENT_SIGNAL_FOUND,No meaningful component signal found across reachable candidate pages.,NO_COMPONENT_SIGNAL_FOUND,No component-level signal detected in deep scan.
,,,REPLACE_GENERIC_WITH_COMPONENT_SPECIFIC,uberon:0002097,,pmsr:/COM1740484904469385,Human Interaction Pressure Duration Component Stem  -- CB:EMPTY,General Medical Device Governance,https://www.fda.gov/medical-devices/device-advice-comprehensive-regulatory-assistance/medical-device-databases,https://www.iso.org/standard/72704.html (403; HTTPError 403: Forbidden),"Replace with instrument-model vendor manual, IFU, datasheet, or product specification page.","Replace governance/support hub with model/component-specific manual, datasheet, or IFU page.",TODO,https://www.fda.gov/medical-devices/device-advice-comprehensive-regulatory-assistance/medical-device-databases | https://www.who.int/teams/health-product-policy-and-standards/assistive-and-medical-technology/medical-devices | https://www.ssih.org/,yes,no,yes,Keep reachable URL only as seed; locate model/component-specific page and replace mapping link.,36,https://www.ssih.org/accreditation-faq,"on in assessment will be limited to those centers creating, validating, and/or performing human performance assessment using explicit, preferably validated, criteria. assessment leadership and assessors must have specific and substantial tr",5,PARTIAL_MATCH_NEEDS_HUMAN_CONFIRMATION,"Some component/instrument tokens matched, but explicit proof remains uncertain.",PARTIAL_MATCH_NEEDS_HUMAN_CONFIRMATION,Partial only: no exact phrase and no sensor term in snippet.
,,,REPLACE_GENERIC_WITH_COMPONENT_SPECIFIC,uberon:0009055,,pmsr:/COM1740091620192285,IV Access  -- CB:EMPTY,General Medical Device Governance,https://www.fda.gov/medical-devices/device-advice-comprehensive-regulatory-assistance/medical-device-databases,https://www.iso.org/standard/72704.html (403; HTTPError 403: Forbidden),"Replace with instrument-model vendor manual, IFU, datasheet, or product specification page.","Replace governance/support hub with model/component-specific manual, datasheet, or IFU page.",TODO,https://www.fda.gov/medical-devices/device-advice-comprehensive-regulatory-assistance/medical-device-databases | https://www.who.int/teams/health-product-policy-and-standards/assistive-and-medical-technology/medical-devices | https://www.ssih.org/,yes,no,yes,Keep reachable URL only as seed; locate model/component-specific page and replace mapping link.,36,https://www.fda.gov/about-fda/cdrh-transparency/total-product-life-cycle-medical-devices,ent as of: 09/06/2023 regulated product(s) medical devices feedback fda archive about fda accessibility visitor information website policies / privacy no fear act vulnerability disclosure policy foia hhs.gov usa.gov contact fda follow fda o,3,PARTIAL_MATCH_NEEDS_HUMAN_CONFIRMATION,"Some component/instrument tokens matched, but explicit proof remains uncertain.",PARTIAL_MATCH_NEEDS_HUMAN_CONFIRMATION,Partial only: no exact phrase and no sensor term in snippet.
,,,REPLACE_GENERIC_WITH_COMPONENT_SPECIFIC,uberon:0000970,,pmsr:/COM1740097957423935,Pupil Simulator  -- CB:Pupil Simulator Size,General Medical Device Governance,https://www.fda.gov/medical-devices/device-advice-comprehensive-regulatory-assistance/medical-device-databases,https://www.iso.org/standard/72704.html (403; HTTPError 403: Forbidden),"Replace with instrument-model vendor manual, IFU, datasheet, or product specification page.","Replace governance/support hub with model/component-specific manual, datasheet, or IFU page.",TODO,https://www.fda.gov/medical-devices/device-advice-comprehensive-regulatory-assistance/medical-device-databases | https://www.who.int/teams/health-product-policy-and-standards/assistive-and-medical-technology/medical-devices | https://www.ssih.org/,yes,no,yes,Keep reachable URL only as seed; locate model/component-specific page and replace mapping link.,36,https://www.fda.gov/about-fda/cdrh-transparency/total-product-life-cycle-medical-devices,total product life cycle for medical devices | fda skip to main content skip to fda search skip to in this section menu skip to footer links an official website of the united states government here’s how you know the .gov means it’s officia,1,NO_COMPONENT_SIGNAL_FOUND,No meaningful component signal found across reachable candidate pages.,NO_COMPONENT_SIGNAL_FOUND,No component-level signal detected in deep scan.
,,,REPLACE_GENERIC_WITH_COMPONENT_SPECIFIC,uberon:0002097,,pmsr:/COM1740485914720735,Skin Volume Change Component Stem  -- CB:EMPTY,General Medical Device Governance,https://www.fda.gov/medical-devices/device-advice-comprehensive-regulatory-assistance/medical-device-databases,https://www.iso.org/standard/72704.html (403; HTTPError 403: Forbidden),"Replace with instrument-model vendor manual, IFU, datasheet, or product specification page.","Replace governance/support hub with model/component-specific manual, datasheet, or IFU page.",TODO,https://www.fda.gov/medical-devices/device-advice-comprehensive-regulatory-assistance/medical-device-databases | https://www.who.int/teams/health-product-policy-and-standards/assistive-and-medical-technology/medical-devices | https://www.ssih.org/,yes,no,yes,Keep reachable URL only as seed; locate model/component-specific page and replace mapping link.,36,https://www.who.int/teams/health-product-policy-and-standards/assistive-and-medical-technology/medical-devices,"systems developed to solve a health problem and improve quality of life.* it is used interchangeably with &lsquo;health care technology&rsquo;. world health assembly resolution wha60.26, may 2007 show less show more what are medical devices",3,PARTIAL_MATCH_NEEDS_HUMAN_CONFIRMATION,"Some component/instrument tokens matched, but explicit proof remains uncertain.",PARTIAL_MATCH_NEEDS_HUMAN_CONFIRMATION,Partial only: no exact phrase and no sensor term in snippet.
,,,REPLACE_GENERIC_WITH_COMPONENT_SPECIFIC,uberon:0001007,,pmsr:/COM1738098129989165,Stoma Inflator  -- CB:Stomach Inflator,General Medical Device Governance,https://www.fda.gov/medical-devices/device-advice-comprehensive-regulatory-assistance/medical-device-databases,https://www.iso.org/standard/72704.html (403; HTTPError 403: Forbidden),"Replace with instrument-model vendor manual, IFU, datasheet, or product specification page.","Replace governance/support hub with model/component-specific manual, datasheet, or IFU page.",TODO,https://www.fda.gov/medical-devices/device-advice-comprehensive-regulatory-assistance/medical-device-databases | https://www.who.int/teams/health-product-policy-and-standards/assistive-and-medical-technology/medical-devices | https://www.ssih.org/,yes,no,yes,Keep reachable URL only as seed; locate model/component-specific page and replace mapping link.,36,https://www.fda.gov/about-fda/cdrh-transparency/total-product-life-cycle-medical-devices,total product life cycle for medical devices | fda skip to main content skip to fda search skip to in this section menu skip to footer links an official website of the united states government here’s how you know the .gov means it’s officia,1,NO_COMPONENT_SIGNAL_FOUND,No meaningful component signal found across reachable candidate pages.,NO_COMPONENT_SIGNAL_FOUND,No component-level signal detected in deep scan.
,,,REPLACE_GENERIC_WITH_COMPONENT_SPECIFIC,uberon:0000479,,pmsr:/COM1740493917966195,Tissue Penetration Component Stem  -- CB:EMPTY,General Medical Device Governance,https://www.fda.gov/medical-devices/device-advice-comprehensive-regulatory-assistance/medical-device-databases,https://www.iso.org/standard/72704.html (403; HTTPError 403: Forbidden),"Replace with instrument-model vendor manual, IFU, datasheet, or product specification page.","Replace governance/support hub with model/component-specific manual, datasheet, or IFU page.",TODO,https://www.fda.gov/medical-devices/device-advice-comprehensive-regulatory-assistance/medical-device-databases | https://www.who.int/teams/health-product-policy-and-standards/assistive-and-medical-technology/medical-devices | https://www.ssih.org/,yes,no,yes,Keep reachable URL only as seed; locate model/component-specific page and replace mapping link.,36,https://www.fda.gov/about-fda/cdrh-transparency/total-product-life-cycle-medical-devices,total product life cycle for medical devices | fda skip to main content skip to fda search skip to in this section menu skip to footer links an official website of the united states government here’s how you know the .gov means it’s officia,1,NO_COMPONENT_SIGNAL_FOUND,No meaningful component signal found across reachable candidate pages.,NO_COMPONENT_SIGNAL_FOUND,No component-level signal detected in deep scan.
,,,REPLACE_GENERIC_WITH_COMPONENT_SPECIFIC,pmsr:/INS1739819782231595,Anatomage Clinical Table,pmsr:/COM1786054978466106000,Anatomage Clinical Table Actuator,Anatomy Table and 3D Simulation,https://www.anatomage.com/table/,https://www.inacsl.org/healthcare-simulation-standards/ (404; HTTPError 404: Not Found),"Anatomage model documentation (Table/Clinical/Vet), technical specifications, and support articles that mention hardware modules.","Replace governance/support hub with model/component-specific manual, datasheet, or IFU page.",TODO,https://www.anatomage.com/table/ | https://www.anatomage.com/contact/,yes,no,yes,Keep reachable URL only as seed; locate model/component-specific page and replace mapping link.,6,https://www.anatomage.com/contact/,anatomage | contact us products anatomage table anatomage xtreme reality anatomage theater anatomage lessons anatomage tablet science explore all prod,6,PARTIAL_MATCH_NEEDS_HUMAN_CONFIRMATION,"Some component/instrument tokens matched, but explicit proof remains uncertain.",PARTIAL_MATCH_NEEDS_HUMAN_CONFIRMATION,Partial only: no exact phrase and no sensor term in snippet.
,,,REPLACE_GENERIC_WITH_COMPONENT_SPECIFIC,pmsr:/INS1739819782231595,Anatomage Clinical Table,pmsr:/COM1786054978466101000,Anatomage Clinical Table Detector,Anatomy Table and 3D Simulation,https://www.anatomage.com/table/,https://www.inacsl.org/healthcare-simulation-standards/ (404; HTTPError 404: Not Found),"Anatomage model documentation (Table/Clinical/Vet), technical specifications, and support articles that mention hardware modules.","Replace governance/support hub with model/component-specific manual, datasheet, or IFU page.",TODO,https://www.anatomage.com/table/ | https://www.anatomage.com/contact/,yes,no,yes,Keep reachable URL only as seed; locate model/component-specific page and replace mapping link.,6,https://www.anatomage.com/contact/,anatomage | contact us products anatomage table anatomage xtreme reality anatomage theater anatomage lessons anatomage tablet science explore all prod,6,PARTIAL_MATCH_NEEDS_HUMAN_CONFIRMATION,"Some component/instrument tokens matched, but explicit proof remains uncertain.",PARTIAL_MATCH_NEEDS_HUMAN_CONFIRMATION,Partial only: no exact phrase and no sensor term in snippet.
,,,REPLACE_GENERIC_WITH_COMPONENT_SPECIFIC,pmsr:/INS1739819116467195,Anatomage Large Table,pmsr:/COM1786054978466118000,Anatomage Large Table Actuator,Anatomy Table and 3D Simulation,https://www.anatomage.com/table/,https://www.inacsl.org/healthcare-simulation-standards/ (404; HTTPError 404: Not Found),"Anatomage model documentation (Table/Clinical/Vet), technical specifications, and support articles that mention hardware modules.","Replace governance/support hub with model/component-specific manual, datasheet, or IFU page.",TODO,https://www.anatomage.com/table/ | https://www.anatomage.com/contact/,yes,no,yes,Keep reachable URL only as seed; locate model/component-specific page and replace mapping link.,6,https://www.anatomage.com/contact/,anatomage | contact us products anatomage table anatomage xtreme reality anatomage theater anatomage lessons anatomage tablet science explore all prod,3,PARTIAL_MATCH_NEEDS_HUMAN_CONFIRMATION,"Some component/instrument tokens matched, but explicit proof remains uncertain.",PARTIAL_MATCH_NEEDS_HUMAN_CONFIRMATION,Partial only: no exact phrase and no sensor term in snippet.
,,,REPLACE_GENERIC_WITH_COMPONENT_SPECIFIC,pmsr:/INS1739819116467195,Anatomage Large Table,pmsr:/COM1786054978466115000,Anatomage Large Table Detector,Anatomy Table and 3D Simulation,https://www.anatomage.com/table/,https://www.inacsl.org/healthcare-simulation-standards/ (404; HTTPError 404: Not Found),"Anatomage model documentation (Table/Clinical/Vet), technical specifications, and support articles that mention hardware modules.","Replace governance/support hub with model/component-specific manual, datasheet, or IFU page.",TODO,https://www.anatomage.com/table/ | https://www.anatomage.com/contact/,yes,no,yes,Keep reachable URL only as seed; locate model/component-specific page and replace mapping link.,6,https://www.anatomage.com/contact/,anatomage | contact us products anatomage table anatomage xtreme reality anatomage theater anatomage lessons anatomage tablet science explore all prod,3,PARTIAL_MATCH_NEEDS_HUMAN_CONFIRMATION,"Some component/instrument tokens matched, but explicit proof remains uncertain.",PARTIAL_MATCH_NEEDS_HUMAN_CONFIRMATION,Partial only: no exact phrase and no sensor term in snippet.
,,,REPLACE_GENERIC_WITH_COMPONENT_SPECIFIC,pmsr:/INS1739819955334025,Anatomage Science Table,pmsr:/COM1786054978466132000,Anatomage Science Table Actuator,Anatomy Table and 3D Simulation,https://www.anatomage.com/table/,https://www.inacsl.org/healthcare-simulation-standards/ (404; HTTPError 404: Not Found),"Anatomage model documentation (Table/Clinical/Vet), technical specifications, and support articles that mention hardware modules.","Replace governance/support hub with model/component-specific manual, datasheet, or IFU page.",TODO,https://www.anatomage.com/table/ | https://www.anatomage.com/contact/,yes,no,yes,Keep reachable URL only as seed; locate model/component-specific page and replace mapping link.,6,https://www.anatomage.com/contact/,anatomage | contact us products anatomage table anatomage xtreme reality anatomage theater anatomage lessons anatomage tablet science explore all prod,6,PARTIAL_MATCH_NEEDS_HUMAN_CONFIRMATION,"Some component/instrument tokens matched, but explicit proof remains uncertain.",PARTIAL_MATCH_NEEDS_HUMAN_CONFIRMATION,Partial only: no exact phrase and no sensor term in snippet.
,,,REPLACE_GENERIC_WITH_COMPONENT_SPECIFIC,pmsr:/INS1739819955334025,Anatomage Science Table,pmsr:/COM1786054978466127000,Anatomage Science Table Detector,Anatomy Table and 3D Simulation,https://www.anatomage.com/table/,https://www.inacsl.org/healthcare-simulation-standards/ (404; HTTPError 404: Not Found),"Anatomage model documentation (Table/Clinical/Vet), technical specifications, and support articles that mention hardware modules.","Replace governance/support hub with model/component-specific manual, datasheet, or IFU page.",TODO,https://www.anatomage.com/table/ | https://www.anatomage.com/contact/,yes,no,yes,Keep reachable URL only as seed; locate model/component-specific page and replace mapping link.,6,https://www.anatomage.com/contact/,anatomage | contact us products anatomage table anatomage xtreme reality anatomage theater anatomage lessons anatomage tablet science explore all prod,6,PARTIAL_MATCH_NEEDS_HUMAN_CONFIRMATION,"Some component/instrument tokens matched, but explicit proof remains uncertain.",PARTIAL_MATCH_NEEDS_HUMAN_CONFIRMATION,Partial only: no exact phrase and no sensor term in snippet.
,,,REPLACE_GENERIC_WITH_COMPONENT_SPECIFIC,pmsr:/INS1739819599670195,Anatomage Small Tablet,pmsr:/COM1786054978466145000,Anatomage Small Tablet Actuator,Anatomy Table and 3D Simulation,https://www.anatomage.com/table/,https://www.inacsl.org/healthcare-simulation-standards/ (404; HTTPError 404: Not Found),"Anatomage model documentation (Table/Clinical/Vet), technical specifications, and support articles that mention hardware modules.","Replace governance/support hub with model/component-specific manual, datasheet, or IFU page.",TODO,https://www.anatomage.com/table/ | https://www.anatomage.com/contact/,yes,no,yes,Keep reachable URL only as seed; locate model/component-specific page and replace mapping link.,6,https://www.anatomage.com/contact/,anatomage | contact us products anatomage table anatomage xtreme reality anatomage theater anatomage lessons anatomage tablet science explore all prod,6,PARTIAL_MATCH_NEEDS_HUMAN_CONFIRMATION,"Some component/instrument tokens matched, but explicit proof remains uncertain.",PARTIAL_MATCH_NEEDS_HUMAN_CONFIRMATION,Partial only: no exact phrase and no sensor term in snippet.
,,,REPLACE_GENERIC_WITH_COMPONENT_SPECIFIC,pmsr:/INS1739819599670195,Anatomage Small Tablet,pmsr:/COM1786054978466141000,Anatomage Small Tablet Detector,Anatomy Table and 3D Simulation,https://www.anatomage.com/table/,https://www.inacsl.org/healthcare-simulation-standards/ (404; HTTPError 404: Not Found),"Anatomage model documentation (Table/Clinical/Vet), technical specifications, and support articles that mention hardware modules.","Replace governance/support hub with model/component-specific manual, datasheet, or IFU page.",TODO,https://www.anatomage.com/table/ | https://www.anatomage.com/contact/,yes,no,yes,Keep reachable URL only as seed; locate model/component-specific page and replace mapping link.,6,https://www.anatomage.com/contact/,anatomage | contact us products anatomage table anatomage xtreme reality anatomage theater anatomage lessons anatomage tablet science explore all prod,6,PARTIAL_MATCH_NEEDS_HUMAN_CONFIRMATION,"Some component/instrument tokens matched, but explicit proof remains uncertain.",PARTIAL_MATCH_NEEDS_HUMAN_CONFIRMATION,Partial only: no exact phrase and no sensor term in snippet.
,,,REPLACE_GENERIC_WITH_COMPONENT_SPECIFIC,pmsr:/INS1739452063713965,Anatomage Table Simulator,pmsr:/COM1786054978466157000,Anatomage Table Simulator Actuator,Anatomy Table and 3D Simulation,https://www.anatomage.com/table/,https://www.inacsl.org/healthcare-simulation-standards/ (404; HTTPError 404: Not Found),"Anatomage model documentation (Table/Clinical/Vet), technical specifications, and support articles that mention hardware modules.","Replace governance/support hub with model/component-specific manual, datasheet, or IFU page.",TODO,https://www.anatomage.com/table/ | https://www.anatomage.com/contact/,yes,no,yes,Keep reachable URL only as seed; locate model/component-specific page and replace mapping link.,6,https://www.anatomage.com/contact/,anatomage | contact us products anatomage table anatomage xtreme reality anatomage theater anatomage lessons anatomage tablet science explore all prod,3,PARTIAL_MATCH_NEEDS_HUMAN_CONFIRMATION,"Some component/instrument tokens matched, but explicit proof remains uncertain.",PARTIAL_MATCH_NEEDS_HUMAN_CONFIRMATION,Partial only: no exact phrase and no sensor term in snippet.
,,,REPLACE_GENERIC_WITH_COMPONENT_SPECIFIC,pmsr:/INS1739452063713965,Anatomage Table Simulator,pmsr:/COM1786054978466154000,Anatomage Table Simulator Detector,Anatomy Table and 3D Simulation,https://www.anatomage.com/table/,https://www.inacsl.org/healthcare-simulation-standards/ (404; HTTPError 404: Not Found),"Anatomage model documentation (Table/Clinical/Vet), technical specifications, and support articles that mention hardware modules.","Replace governance/support hub with model/component-specific manual, datasheet, or IFU page.",TODO,https://www.anatomage.com/table/ | https://www.anatomage.com/contact/,yes,no,yes,Keep reachable URL only as seed; locate model/component-specific page and replace mapping link.,6,https://www.anatomage.com/contact/,anatomage | contact us products anatomage table anatomage xtreme reality anatomage theater anatomage lessons anatomage tablet science explore all prod,3,PARTIAL_MATCH_NEEDS_HUMAN_CONFIRMATION,"Some component/instrument tokens matched, but explicit proof remains uncertain.",PARTIAL_MATCH_NEEDS_HUMAN_CONFIRMATION,Partial only: no exact phrase and no sensor term in snippet.
,,,REPLACE_GENERIC_WITH_COMPONENT_SPECIFIC,pmsr:/INS1739819868350395,Anatomage Vet Table,pmsr:/COM1786054978466170000,Anatomage Vet Table Actuator,Anatomy Table and 3D Simulation,https://www.anatomage.com/table/,https://www.inacsl.org/healthcare-simulation-standards/ (404; HTTPError 404: Not Found),"Anatomage model documentation (Table/Clinical/Vet), technical specifications, and support articles that mention hardware modules.","Replace governance/support hub with model/component-specific manual, datasheet, or IFU page.",TODO,https://www.anatomage.com/table/ | https://www.anatomage.com/contact/,yes,no,yes,Keep reachable URL only as seed; locate model/component-specific page and replace mapping link.,6,https://www.anatomage.com/contact/,anatomage | contact us products anatomage table anatomage xtreme reality anatomage theater anatomage lessons anatomage tablet science explore all prod,6,PARTIAL_MATCH_NEEDS_HUMAN_CONFIRMATION,"Some component/instrument tokens matched, but explicit proof remains uncertain.",PARTIAL_MATCH_NEEDS_HUMAN_CONFIRMATION,Partial only: no exact phrase and no sensor term in snippet.
,,,REPLACE_GENERIC_WITH_COMPONENT_SPECIFIC,pmsr:/INS1739819868350395,Anatomage Vet Table,pmsr:/COM1786054978466167000,Anatomage Vet Table Detector,Anatomy Table and 3D Simulation,https://www.anatomage.com/table/,https://www.inacsl.org/healthcare-simulation-standards/ (404; HTTPError 404: Not Found),"Anatomage model documentation (Table/Clinical/Vet), technical specifications, and support articles that mention hardware modules.","Replace governance/support hub with model/component-specific manual, datasheet, or IFU page.",TODO,https://www.anatomage.com/table/ | https://www.anatomage.com/contact/,yes,no,yes,Keep reachable URL only as seed; locate model/component-specific page and replace mapping link.,6,https://www.anatomage.com/contact/,anatomage | contact us products anatomage table anatomage xtreme reality anatomage theater anatomage lessons anatomage tablet science explore all prod,6,PARTIAL_MATCH_NEEDS_HUMAN_CONFIRMATION,"Some component/instrument tokens matched, but explicit proof remains uncertain.",PARTIAL_MATCH_NEEDS_HUMAN_CONFIRMATION,Partial only: no exact phrase and no sensor term in snippet.
,,,REPLACE_GENERIC_WITH_COMPONENT_SPECIFIC,pmsr:/INS1739878730369725,Body Interact Simulator,pmsr:/COM1786054978466212000,Body Interact Simulator Actuator,Virtual Patient and Digital Simulation,https://www.ssih.org/,"https://support.bodyinteract.com/ (None; URLError: [Errno 8] nodename nor servname provided, or not known)",Platform-specific technical and integration docs that enumerate sensing/interaction components.,"Replace governance/support hub with model/component-specific manual, datasheet, or IFU page.",TODO,https://bodyinteract.com/,yes,no,yes,Keep reachable URL only as seed; locate model/component-specific page and replace mapping link.,12,https://bodyinteract.com/,"body interact - virtual patients simulator | body interact .nectar-color-accent-color,body a,label span,body [class^=""icon-""].icon-default-style,.blog",6,PARTIAL_MATCH_NEEDS_HUMAN_CONFIRMATION,"Some component/instrument tokens matched, but explicit proof remains uncertain.",PARTIAL_MATCH_NEEDS_HUMAN_CONFIRMATION,Partial only: no exact phrase and no sensor term in snippet.
,,,REPLACE_GENERIC_WITH_COMPONENT_SPECIFIC,pmsr:/INS1739878730369725,Body Interact Simulator,pmsr:/COM1786054978466208000,Body Interact Simulator Detector,Virtual Patient and Digital Simulation,https://www.ssih.org/,"https://support.bodyinteract.com/ (None; URLError: [Errno 8] nodename nor servname provided, or not known)",Platform-specific technical and integration docs that enumerate sensing/interaction components.,"Replace governance/support hub with model/component-specific manual, datasheet, or IFU page.",TODO,https://bodyinteract.com/,yes,no,yes,Keep reachable URL only as seed; locate model/component-specific page and replace mapping link.,12,https://bodyinteract.com/,"body interact - virtual patients simulator | body interact .nectar-color-accent-color,body a,label span,body [class^=""icon-""].icon-default-style,.blog",6,PARTIAL_MATCH_NEEDS_HUMAN_CONFIRMATION,"Some component/instrument tokens matched, but explicit proof remains uncertain.",PARTIAL_MATCH_NEEDS_HUMAN_CONFIRMATION,Partial only: no exact phrase and no sensor term in snippet.
,,,REPLACE_GENERIC_WITH_COMPONENT_SPECIFIC,pmsr:/INS1739301189412025,CAD-CAM System,pmsr:/COM1786054978466256000,CAD-CAM System Actuator,Dental and Oral Scanning Systems,https://support.3shape.com/ | https://www.fda.gov/medical-devices/device-advice-comprehensive-regulatory-assistance/medical-device-databases,,"3Shape/Medit model-specific manuals, scanner technical data sheets, calibration and accessory documentation.","Replace governance/support hub with model/component-specific manual, datasheet, or IFU page.",TODO,https://support.3shape.com/,yes,no,yes,Keep reachable URL only as seed; locate model/component-specific page and replace mapping link.,12,https://support.3shape.com/,"design services 3shape design service, 3shape automate 3shape produce our next generation cam solution for studio apps, model maker & model maker express 3shape studios implant studio & implant planner, trios design studio, splint studio, c",4,PARTIAL_MATCH_NEEDS_HUMAN_CONFIRMATION,"Some component/instrument tokens matched, but explicit proof remains uncertain.",PARTIAL_MATCH_NEEDS_HUMAN_CONFIRMATION,Partial only: no exact phrase and no sensor term in snippet.
,,,REPLACE_GENERIC_WITH_COMPONENT_SPECIFIC,pmsr:/INS1739301189412025,CAD-CAM System,pmsr:/COM1786054978466252000,CAD-CAM System Detector,Dental and Oral Scanning Systems,https://support.3shape.com/ | https://www.fda.gov/medical-devices/device-advice-comprehensive-regulatory-assistance/medical-device-databases,,"3Shape/Medit model-specific manuals, scanner technical data sheets, calibration and accessory documentation.","Replace governance/support hub with model/component-specific manual, datasheet, or IFU page.",TODO,https://support.3shape.com/,yes,no,yes,Keep reachable URL only as seed; locate model/component-specific page and replace mapping link.,12,https://support.3shape.com/,"design services 3shape design service, 3shape automate 3shape produce our next generation cam solution for studio apps, model maker & model maker express 3shape studios implant studio & implant planner, trios design studio, splint studio, c",4,PARTIAL_MATCH_NEEDS_HUMAN_CONFIRMATION,"Some component/instrument tokens matched, but explicit proof remains uncertain.",PARTIAL_MATCH_NEEDS_HUMAN_CONFIRMATION,Partial only: no exact phrase and no sensor term in snippet.
,,,REPLACE_GENERIC_WITH_COMPONENT_SPECIFIC,pmsr:/INS1739288499528465,Chison Cbit-9 Stationary Ultrasound,pmsr:/COM1786054978466332000,Chison Cbit-9 Stationary Ultrasound Actuator,Point-of-Care Ultrasound and Imaging,https://support.butterflynetwork.com/hc/en-us | https://www.who.int/teams/health-product-policy-and-standards/assistive-and-medical-technology/medical-devices,,"Vendor model docs (Butterfly/CHISON), probe specs, transducer and interface documentation.","Replace governance/support hub with model/component-specific manual, datasheet, or IFU page.",TODO,https://support.butterflynetwork.com/hc/en-us | https://www.chison.com/products/,yes,no,yes,Keep reachable URL only as seed; locate model/component-specific page and replace mapping link.,16,https://www.chison.com/products/,al scientific research global users social responsibility 3d virtual showroom specialties chison hub blog clinical insights global care stories news contact us contact us service&support join us en cn es mx register home products cart-based,10,VERIFIED_EXPLICIT_CANDIDATE,Strong lexical and sensor/context match found on reachable candidate page.,PARTIAL_MATCH_NEEDS_HUMAN_CONFIRMATION,Demoted from weak explicit candidate due to missing exact phrase/type evidence in snippet.
,,,REPLACE_GENERIC_WITH_COMPONENT_SPECIFIC,pmsr:/INS1739288499528465,Chison Cbit-9 Stationary Ultrasound,pmsr:/COM1786054978466328000,Chison Cbit-9 Stationary Ultrasound Detector,Point-of-Care Ultrasound and Imaging,https://support.butterflynetwork.com/hc/en-us | https://www.who.int/teams/health-product-policy-and-standards/assistive-and-medical-technology/medical-devices,,"Vendor model docs (Butterfly/CHISON), probe specs, transducer and interface documentation.","Replace governance/support hub with model/component-specific manual, datasheet, or IFU page.",TODO,https://support.butterflynetwork.com/hc/en-us | https://www.chison.com/products/,yes,no,yes,Keep reachable URL only as seed; locate model/component-specific page and replace mapping link.,16,https://www.chison.com/products/,al scientific research global users social responsibility 3d virtual showroom specialties chison hub blog clinical insights global care stories news contact us contact us service&support join us en cn es mx register home products cart-based,10,VERIFIED_EXPLICIT_CANDIDATE,Strong lexical and sensor/context match found on reachable candidate page.,PARTIAL_MATCH_NEEDS_HUMAN_CONFIRMATION,Demoted from weak explicit candidate due to missing exact phrase/type evidence in snippet.
,,,REPLACE_GENERIC_WITH_COMPONENT_SPECIFIC,pmsr:/INS1739288006994165,Diagnostic Imaging Simulator,pmsr:/COM1786054978466364000,Diagnostic Imaging Simulator Actuator,Point-of-Care Ultrasound and Imaging,https://support.butterflynetwork.com/hc/en-us | https://www.who.int/teams/health-product-policy-and-standards/assistive-and-medical-technology/medical-devices,,"Vendor model docs (Butterfly/CHISON), probe specs, transducer and interface documentation.","Replace governance/support hub with model/component-specific manual, datasheet, or IFU page.",TODO,https://support.butterflynetwork.com/hc/en-us | https://www.chison.com/products/,yes,no,yes,Keep reachable URL only as seed; locate model/component-specific page and replace mapping link.,16,https://www.chison.com/b-w-ultrasound/eco-2.html,"d machine is a cost-effective ultrasound system designed to provide accurate and reliable diagnostic imaging. combining excellent image quality, intuitive operation, and dependable performance, it helps healthcare professionals improve diag",7,PARTIAL_MATCH_NEEDS_HUMAN_CONFIRMATION,"Some component/instrument tokens matched, but explicit proof remains uncertain.",PARTIAL_MATCH_NEEDS_HUMAN_CONFIRMATION,Partial only: no exact phrase and no sensor term in snippet.
,,,REPLACE_GENERIC_WITH_COMPONENT_SPECIFIC,pmsr:/INS1739288006994165,Diagnostic Imaging Simulator,pmsr:/COM1786054978466360000,Diagnostic Imaging Simulator Detector,Point-of-Care Ultrasound and Imaging,https://support.butterflynetwork.com/hc/en-us | https://www.who.int/teams/health-product-policy-and-standards/assistive-and-medical-technology/medical-devices,,"Vendor model docs (Butterfly/CHISON), probe specs, transducer and interface documentation.","Replace governance/support hub with model/component-specific manual, datasheet, or IFU page.",TODO,https://support.butterflynetwork.com/hc/en-us | https://www.chison.com/products/,yes,no,yes,Keep reachable URL only as seed; locate model/component-specific page and replace mapping link.,16,https://www.chison.com/b-w-ultrasound/eco-2.html,"d machine is a cost-effective ultrasound system designed to provide accurate and reliable diagnostic imaging. combining excellent image quality, intuitive operation, and dependable performance, it helps healthcare professionals improve diag",7,PARTIAL_MATCH_NEEDS_HUMAN_CONFIRMATION,"Some component/instrument tokens matched, but explicit proof remains uncertain.",PARTIAL_MATCH_NEEDS_HUMAN_CONFIRMATION,Partial only: no exact phrase and no sensor term in snippet.
,,,REPLACE_GENERIC_WITH_COMPONENT_SPECIFIC,pmsr:/INS1739288153666735,Diagnostic Ultrasound,pmsr:/COM1786054978466395000,Diagnostic Ultrasound Actuator,Point-of-Care Ultrasound and Imaging,https://support.butterflynetwork.com/hc/en-us | https://www.who.int/teams/health-product-policy-and-standards/assistive-and-medical-technology/medical-devices,,"Vendor model docs (Butterfly/CHISON), probe specs, transducer and interface documentation.","Replace governance/support hub with model/component-specific manual, datasheet, or IFU page.",TODO,https://support.butterflynetwork.com/hc/en-us | https://www.chison.com/products/,yes,no,yes,Keep reachable URL only as seed; locate model/component-specific page and replace mapping link.,16,https://www.chison.com/b-w-ultrasound/eco-2.html,"d machine is a cost-effective ultrasound system designed to provide accurate and reliable diagnostic imaging. combining excellent image quality, intuitive operation, and dependable performance, it helps healthcare professionals improve diag",7,PARTIAL_MATCH_NEEDS_HUMAN_CONFIRMATION,"Some component/instrument tokens matched, but explicit proof remains uncertain.",PARTIAL_MATCH_NEEDS_HUMAN_CONFIRMATION,Partial only: no exact phrase and no sensor term in snippet.
,,,REPLACE_GENERIC_WITH_COMPONENT_SPECIFIC,pmsr:/INS1739288153666735,Diagnostic Ultrasound,pmsr:/COM1786054978466392000,Diagnostic Ultrasound Detector,Point-of-Care Ultrasound and Imaging,https://support.butterflynetwork.com/hc/en-us | https://www.who.int/teams/health-product-policy-and-standards/assistive-and-medical-technology/medical-devices,,"Vendor model docs (Butterfly/CHISON), probe specs, transducer and interface documentation.","Replace governance/support hub with model/component-specific manual, datasheet, or IFU page.",TODO,https://support.butterflynetwork.com/hc/en-us | https://www.chison.com/products/,yes,no,yes,Keep reachable URL only as seed; locate model/component-specific page and replace mapping link.,16,https://www.chison.com/b-w-ultrasound/eco-2.html,"d machine is a cost-effective ultrasound system designed to provide accurate and reliable diagnostic imaging. combining excellent image quality, intuitive operation, and dependable performance, it helps healthcare professionals improve diag",7,PARTIAL_MATCH_NEEDS_HUMAN_CONFIRMATION,"Some component/instrument tokens matched, but explicit proof remains uncertain.",PARTIAL_MATCH_NEEDS_HUMAN_CONFIRMATION,Partial only: no exact phrase and no sensor term in snippet.
,,,REPLACE_GENERIC_WITH_COMPONENT_SPECIFIC,pmsr:/INS1739300958884615,Imaging,pmsr:/COM1786054978466538000,Imaging Actuator,Point-of-Care Ultrasound and Imaging,https://support.butterflynetwork.com/hc/en-us | https://www.who.int/teams/health-product-policy-and-standards/assistive-and-medical-technology/medical-devices,,"Vendor model docs (Butterfly/CHISON), probe specs, transducer and interface documentation.","Replace governance/support hub with model/component-specific manual, datasheet, or IFU page.",TODO,https://support.butterflynetwork.com/hc/en-us | https://www.chison.com/products/,yes,no,yes,Keep reachable URL only as seed; locate model/component-specific page and replace mapping link.,16,https://www.chison.com/products/,lity 3d virtual showroom specialties radiology cardiovascular women&#039;s health general imaging poc primary care sonoai chison hub blog clinical insights global care stories news contact us contact us service&support join us home &gt; pro,4,PARTIAL_MATCH_NEEDS_HUMAN_CONFIRMATION,"Some component/instrument tokens matched, but explicit proof remains uncertain.",PARTIAL_MATCH_NEEDS_HUMAN_CONFIRMATION,Partial only: no exact phrase and no sensor term in snippet.
,,,REPLACE_GENERIC_WITH_COMPONENT_SPECIFIC,pmsr:/INS1739300958884615,Imaging,pmsr:/COM1786054978466531000,Imaging Detector,Point-of-Care Ultrasound and Imaging,https://support.butterflynetwork.com/hc/en-us | https://www.who.int/teams/health-product-policy-and-standards/assistive-and-medical-technology/medical-devices,,"Vendor model docs (Butterfly/CHISON), probe specs, transducer and interface documentation.","Replace governance/support hub with model/component-specific manual, datasheet, or IFU page.",TODO,https://support.butterflynetwork.com/hc/en-us | https://www.chison.com/products/,yes,no,yes,Keep reachable URL only as seed; locate model/component-specific page and replace mapping link.,16,https://www.chison.com/products/,lity 3d virtual showroom specialties radiology cardiovascular women&#039;s health general imaging poc primary care sonoai chison hub blog clinical insights global care stories news contact us contact us service&support join us home &gt; pro,4,PARTIAL_MATCH_NEEDS_HUMAN_CONFIRMATION,"Some component/instrument tokens matched, but explicit proof remains uncertain.",PARTIAL_MATCH_NEEDS_HUMAN_CONFIRMATION,Partial only: no exact phrase and no sensor term in snippet.
,,,REPLACE_GENERIC_WITH_COMPONENT_SPECIFIC,pmsr:/INS1739821032633525,Monitoring Virtual Simulator,pmsr:/COM1786054978466859000,Monitoring Virtual Simulator Actuator,Point-of-Care Ultrasound and Imaging,https://support.butterflynetwork.com/hc/en-us | https://www.who.int/teams/health-product-policy-and-standards/assistive-and-medical-technology/medical-devices,,"Vendor model docs (Butterfly/CHISON), probe specs, transducer and interface documentation.","Replace governance/support hub with model/component-specific manual, datasheet, or IFU page.",TODO,https://support.butterflynetwork.com/hc/en-us | https://www.chison.com/products/,yes,no,yes,Keep reachable URL only as seed; locate model/component-specific page and replace mapping link.,16,https://www.chison.com/hotproduct/handheld-ultrasound-for-pregnancy.html,", determination of fetal presentation and position, assessment of placental position, and monitoring of labor progress. sonoeye p2 pocket ultras can help to provide high quality patient care in any location. featuring an adaptable design th",4,PARTIAL_MATCH_NEEDS_HUMAN_CONFIRMATION,"Some component/instrument tokens matched, but explicit proof remains uncertain.",PARTIAL_MATCH_NEEDS_HUMAN_CONFIRMATION,Partial lexical/context match; manual review still required.
,,,REPLACE_GENERIC_WITH_COMPONENT_SPECIFIC,pmsr:/INS1739821032633525,Monitoring Virtual Simulator,pmsr:/COM1786054978466854000,Monitoring Virtual Simulator Detector,Point-of-Care Ultrasound and Imaging,https://support.butterflynetwork.com/hc/en-us | https://www.who.int/teams/health-product-policy-and-standards/assistive-and-medical-technology/medical-devices,,"Vendor model docs (Butterfly/CHISON), probe specs, transducer and interface documentation.","Replace governance/support hub with model/component-specific manual, datasheet, or IFU page.",TODO,https://support.butterflynetwork.com/hc/en-us | https://www.chison.com/products/,yes,no,yes,Keep reachable URL only as seed; locate model/component-specific page and replace mapping link.,16,https://www.chison.com/hotproduct/handheld-ultrasound-for-pregnancy.html,", determination of fetal presentation and position, assessment of placental position, and monitoring of labor progress. sonoeye p2 pocket ultras can help to provide high quality patient care in any location. featuring an adaptable design th",4,PARTIAL_MATCH_NEEDS_HUMAN_CONFIRMATION,"Some component/instrument tokens matched, but explicit proof remains uncertain.",PARTIAL_MATCH_NEEDS_HUMAN_CONFIRMATION,Partial lexical/context match; manual review still required.
,,,REPLACE_GENERIC_WITH_COMPONENT_SPECIFIC,pmsr:/INS1740087575777435,Patient Monitor Simulator,pmsr:/COM1786054978466953000,Patient Monitor Simulator Actuator,Point-of-Care Ultrasound and Imaging,https://support.butterflynetwork.com/hc/en-us | https://www.who.int/teams/health-product-policy-and-standards/assistive-and-medical-technology/medical-devices,,"Vendor model docs (Butterfly/CHISON), probe specs, transducer and interface documentation.","Replace governance/support hub with model/component-specific manual, datasheet, or IFU page.",TODO,https://support.butterflynetwork.com/hc/en-us | https://www.chison.com/products/,yes,no,yes,Keep reachable URL only as seed; locate model/component-specific page and replace mapping link.,16,https://www.chison.com/hotproduct/handheld-ultrasound-for-pregnancy.html,ables healthcare professionals to provide remote clinical assessment of ultrasound scans. patients scan themselves using their own smartphones and a new ultrasound stand. improve productivity and workflow by reducing unnecessary outpatient ,7,PARTIAL_MATCH_NEEDS_HUMAN_CONFIRMATION,"Some component/instrument tokens matched, but explicit proof remains uncertain.",PARTIAL_MATCH_NEEDS_HUMAN_CONFIRMATION,Partial only: no exact phrase and no sensor term in snippet.
,,,REPLACE_GENERIC_WITH_COMPONENT_SPECIFIC,pmsr:/INS1740087575777435,Patient Monitor Simulator,pmsr:/COM1786054978466941000,Patient Monitor Simulator Detector,Point-of-Care Ultrasound and Imaging,https://support.butterflynetwork.com/hc/en-us | https://www.who.int/teams/health-product-policy-and-standards/assistive-and-medical-technology/medical-devices,,"Vendor model docs (Butterfly/CHISON), probe specs, transducer and interface documentation.","Replace governance/support hub with model/component-specific manual, datasheet, or IFU page.",TODO,https://support.butterflynetwork.com/hc/en-us | https://www.chison.com/products/,yes,no,yes,Keep reachable URL only as seed; locate model/component-specific page and replace mapping link.,16,https://www.chison.com/hotproduct/handheld-ultrasound-for-pregnancy.html,ables healthcare professionals to provide remote clinical assessment of ultrasound scans. patients scan themselves using their own smartphones and a new ultrasound stand. improve productivity and workflow by reducing unnecessary outpatient ,7,PARTIAL_MATCH_NEEDS_HUMAN_CONFIRMATION,"Some component/instrument tokens matched, but explicit proof remains uncertain.",PARTIAL_MATCH_NEEDS_HUMAN_CONFIRMATION,Partial only: no exact phrase and no sensor term in snippet.
,,,REPLACE_GENERIC_WITH_COMPONENT_SPECIFIC,pmsr:/INS1739288566447555,Portable Ultrasound,pmsr:/COM1786054978467094000,Portable Ultrasound Actuator,Point-of-Care Ultrasound and Imaging,https://support.butterflynetwork.com/hc/en-us | https://www.who.int/teams/health-product-policy-and-standards/assistive-and-medical-technology/medical-devices,,"Vendor model docs (Butterfly/CHISON), probe specs, transducer and interface documentation.","Replace governance/support hub with model/component-specific manual, datasheet, or IFU page.",TODO,https://support.butterflynetwork.com/hc/en-us | https://www.chison.com/products/,yes,no,yes,Keep reachable URL only as seed; locate model/component-specific page and replace mapping link.,16,https://www.chison.com/products/,ound machine for sale home products cart-based ultrasound sonoport sonomax xbit cbit qbit portable ultrasound sonogo sonoair sonobook ebit eco sonotouch handheld ultrasound sonoeye app download b&w ultrasound about us company overview r&d s,7,PARTIAL_MATCH_NEEDS_HUMAN_CONFIRMATION,"Some component/instrument tokens matched, but explicit proof remains uncertain.",PARTIAL_MATCH_NEEDS_HUMAN_CONFIRMATION,Partial only: no exact phrase and no sensor term in snippet.
,,,REPLACE_GENERIC_WITH_COMPONENT_SPECIFIC,pmsr:/INS1739288566447555,Portable Ultrasound,pmsr:/COM1786054978467089000,Portable Ultrasound Detector,Point-of-Care Ultrasound and Imaging,https://support.butterflynetwork.com/hc/en-us | https://www.who.int/teams/health-product-policy-and-standards/assistive-and-medical-technology/medical-devices,,"Vendor model docs (Butterfly/CHISON), probe specs, transducer and interface documentation.","Replace governance/support hub with model/component-specific manual, datasheet, or IFU page.",TODO,https://support.butterflynetwork.com/hc/en-us | https://www.chison.com/products/,yes,no,yes,Keep reachable URL only as seed; locate model/component-specific page and replace mapping link.,16,https://www.chison.com/products/,ound machine for sale home products cart-based ultrasound sonoport sonomax xbit cbit qbit portable ultrasound sonogo sonoair sonobook ebit eco sonotouch handheld ultrasound sonoeye app download b&w ultrasound about us company overview r&d s,7,PARTIAL_MATCH_NEEDS_HUMAN_CONFIRMATION,"Some component/instrument tokens matched, but explicit proof remains uncertain.",PARTIAL_MATCH_NEEDS_HUMAN_CONFIRMATION,Partial only: no exact phrase and no sensor term in snippet.
,,,REPLACE_GENERIC_WITH_COMPONENT_SPECIFIC,pmsr:/INS1739878788687655,Sophia Body Interact AI Assistant,pmsr:/COM1786054978467273000,Sophia Body Interact AI Assistant Actuator,Virtual Patient and Digital Simulation,https://www.ssih.org/,"https://support.bodyinteract.com/ (None; URLError: [Errno 8] nodename nor servname provided, or not known)",Platform-specific technical and integration docs that enumerate sensing/interaction components.,"Replace governance/support hub with model/component-specific manual, datasheet, or IFU page.",TODO,https://bodyinteract.com/,yes,no,yes,Keep reachable URL only as seed; locate model/component-specific page and replace mapping link.,12,https://bodyinteract.com/feed/,"body interact https://bodyinteract.com simulation with virtual patients fri, 17 jul 2026 10:47:12 +0000 en-us hourly 1 https://wordpress.org/?v=6.9.4 ",9,PARTIAL_MATCH_NEEDS_HUMAN_CONFIRMATION,"Some component/instrument tokens matched, but explicit proof remains uncertain.",PARTIAL_MATCH_NEEDS_HUMAN_CONFIRMATION,Partial only: no exact phrase and no sensor term in snippet.
,,,REPLACE_GENERIC_WITH_COMPONENT_SPECIFIC,pmsr:/INS1739878788687655,Sophia Body Interact AI Assistant,pmsr:/COM1786054978467268000,Sophia Body Interact AI Assistant Detector,Virtual Patient and Digital Simulation,https://www.ssih.org/,"https://support.bodyinteract.com/ (None; URLError: [Errno 8] nodename nor servname provided, or not known)",Platform-specific technical and integration docs that enumerate sensing/interaction components.,"Replace governance/support hub with model/component-specific manual, datasheet, or IFU page.",TODO,https://bodyinteract.com/,yes,no,yes,Keep reachable URL only as seed; locate model/component-specific page and replace mapping link.,12,https://bodyinteract.com/feed/,"body interact https://bodyinteract.com simulation with virtual patients fri, 17 jul 2026 10:47:12 +0000 en-us hourly 1 https://wordpress.org/?v=6.9.4 ",9,PARTIAL_MATCH_NEEDS_HUMAN_CONFIRMATION,"Some component/instrument tokens matched, but explicit proof remains uncertain.",PARTIAL_MATCH_NEEDS_HUMAN_CONFIRMATION,Partial only: no exact phrase and no sensor term in snippet.
,,,REPLACE_GENERIC_WITH_COMPONENT_SPECIFIC,pmsr:/INS1739288428472235,Ultrasound,pmsr:/COM1786054978467343000,Ultrasound Actuator,Point-of-Care Ultrasound and Imaging,https://support.butterflynetwork.com/hc/en-us | https://www.who.int/teams/health-product-policy-and-standards/assistive-and-medical-technology/medical-devices,,"Vendor model docs (Butterfly/CHISON), probe specs, transducer and interface documentation.","Replace governance/support hub with model/component-specific manual, datasheet, or IFU page.",TODO,https://support.butterflynetwork.com/hc/en-us | https://www.chison.com/products/,yes,no,yes,Keep reachable URL only as seed; locate model/component-specific page and replace mapping link.,16,https://www.chison.com/products/,"cart-based color doppler ultrasound, 3d/4d ultrasound system, handheld ultrasound machine for sale home products cart-based ultrasound sonoport sonomax xbit cbit qbit portable",4,PARTIAL_MATCH_NEEDS_HUMAN_CONFIRMATION,"Some component/instrument tokens matched, but explicit proof remains uncertain.",PARTIAL_MATCH_NEEDS_HUMAN_CONFIRMATION,Partial only: no exact phrase and no sensor term in snippet.
,,,REPLACE_GENERIC_WITH_COMPONENT_SPECIFIC,pmsr:/INS1739288428472235,Ultrasound,pmsr:/COM1786054978467339000,Ultrasound Detector,Point-of-Care Ultrasound and Imaging,https://support.butterflynetwork.com/hc/en-us | https://www.who.int/teams/health-product-policy-and-standards/assistive-and-medical-technology/medical-devices,,"Vendor model docs (Butterfly/CHISON), probe specs, transducer and interface documentation.","Replace governance/support hub with model/component-specific manual, datasheet, or IFU page.",TODO,https://support.butterflynetwork.com/hc/en-us | https://www.chison.com/products/,yes,no,yes,Keep reachable URL only as seed; locate model/component-specific page and replace mapping link.,16,https://www.chison.com/products/,"cart-based color doppler ultrasound, 3d/4d ultrasound system, handheld ultrasound machine for sale home products cart-based ultrasound sonoport sonomax xbit cbit qbit portable",4,PARTIAL_MATCH_NEEDS_HUMAN_CONFIRMATION,"Some component/instrument tokens matched, but explicit proof remains uncertain.",PARTIAL_MATCH_NEEDS_HUMAN_CONFIRMATION,Partial only: no exact phrase and no sensor term in snippet.
,,,REPLACE_GENERIC_WITH_COMPONENT_SPECIFIC,pmsr:/INS1739288297796655,Vascular Access Ultrasound Simulator,pmsr:/COM1786054978467440000,Vascular Access Ultrasound Simulator Actuator,Point-of-Care Ultrasound and Imaging,https://support.butterflynetwork.com/hc/en-us | https://www.who.int/teams/health-product-policy-and-standards/assistive-and-medical-technology/medical-devices,,"Vendor model docs (Butterfly/CHISON), probe specs, transducer and interface documentation.","Replace governance/support hub with model/component-specific manual, datasheet, or IFU page.",TODO,https://support.butterflynetwork.com/hc/en-us | https://www.chison.com/products/,yes,no,yes,Keep reachable URL only as seed; locate model/component-specific page and replace mapping link.,16,https://www.chison.com/contacts/service-support/,rength global users social responsibility 3d virtual showroom specialties radiology cardiovascular women&#039;s health general imaging poc primary care sonoai chison hub blog clinical insights global care stories news contact us contact us ,10,VERIFIED_EXPLICIT_CANDIDATE,Strong lexical and sensor/context match found on reachable candidate page.,PARTIAL_MATCH_NEEDS_HUMAN_CONFIRMATION,Demoted from weak explicit candidate due to missing exact phrase/type evidence in snippet.
,,,REPLACE_GENERIC_WITH_COMPONENT_SPECIFIC,pmsr:/INS1739288297796655,Vascular Access Ultrasound Simulator,pmsr:/COM1786054978467435000,Vascular Access Ultrasound Simulator Detector,Point-of-Care Ultrasound and Imaging,https://support.butterflynetwork.com/hc/en-us | https://www.who.int/teams/health-product-policy-and-standards/assistive-and-medical-technology/medical-devices,,"Vendor model docs (Butterfly/CHISON), probe specs, transducer and interface documentation.","Replace governance/support hub with model/component-specific manual, datasheet, or IFU page.",TODO,https://support.butterflynetwork.com/hc/en-us | https://www.chison.com/products/,yes,no,yes,Keep reachable URL only as seed; locate model/component-specific page and replace mapping link.,16,https://www.chison.com/contacts/service-support/,rength global users social responsibility 3d virtual showroom specialties radiology cardiovascular women&#039;s health general imaging poc primary care sonoai chison hub blog clinical insights global care stories news contact us contact us ,10,VERIFIED_EXPLICIT_CANDIDATE,Strong lexical and sensor/context match found on reachable candidate page.,PARTIAL_MATCH_NEEDS_HUMAN_CONFIRMATION,Demoted from weak explicit candidate due to missing exact phrase/type evidence in snippet.
,,,REPLACE_GENERIC_WITH_COMPONENT_SPECIFIC,pmsr:VirtualMedicalSimulator,Virtual Medical Simulator,pmsr:/COM1786054978467488000,Virtual Medical Simulator Actuator,Virtual Patient and Digital Simulation,https://www.ssih.org/,"https://support.bodyinteract.com/ (None; URLError: [Errno 8] nodename nor servname provided, or not known)",Platform-specific technical and integration docs that enumerate sensing/interaction components.,"Replace governance/support hub with model/component-specific manual, datasheet, or IFU page.",TODO,https://bodyinteract.com/,yes,no,yes,Keep reachable URL only as seed; locate model/component-specific page and replace mapping link.,12,,,0,NO_COMPONENT_SIGNAL_FOUND,No meaningful component signal found across reachable candidate pages.,NO_COMPONENT_SIGNAL_FOUND,No component-level signal detected in deep scan.
,,,REPLACE_GENERIC_WITH_COMPONENT_SPECIFIC,pmsr:VirtualMedicalSimulator,Virtual Medical Simulator,pmsr:/COM1786054978467484000,Virtual Medical Simulator Detector,Virtual Patient and Digital Simulation,https://www.ssih.org/,"https://support.bodyinteract.com/ (None; URLError: [Errno 8] nodename nor servname provided, or not known)",Platform-specific technical and integration docs that enumerate sensing/interaction components.,"Replace governance/support hub with model/component-specific manual, datasheet, or IFU page.",TODO,https://bodyinteract.com/,yes,no,yes,Keep reachable URL only as seed; locate model/component-specific page and replace mapping link.,12,,,0,NO_COMPONENT_SIGNAL_FOUND,No meaningful component signal found across reachable candidate pages.,NO_COMPONENT_SIGNAL_FOUND,No component-level signal detected in deep scan.
,,,REPLACE_GENERIC_WITH_COMPONENT_SPECIFIC,pmsr:/INS1739451831725785,Virtual Patient Anatomy Simulator,pmsr:/COM1786054978467513000,Virtual Patient Anatomy Simulator Actuator,Virtual Patient and Digital Simulation,https://www.ssih.org/,"https://support.bodyinteract.com/ (None; URLError: [Errno 8] nodename nor servname provided, or not known)",Platform-specific technical and integration docs that enumerate sensing/interaction components.,"Replace governance/support hub with model/component-specific manual, datasheet, or IFU page.",TODO,https://bodyinteract.com/,yes,no,yes,Keep reachable URL only as seed; locate model/component-specific page and replace mapping link.,12,https://bodyinteract.com/,"body interact - virtual patients simulator | body interact .nectar-color-accent-color,body a,label span,body [class^=""icon-""].icon-default-style,.blog-recent[data-style*=""cla",3,PARTIAL_MATCH_NEEDS_HUMAN_CONFIRMATION,"Some component/instrument tokens matched, but explicit proof remains uncertain.",PARTIAL_MATCH_NEEDS_HUMAN_CONFIRMATION,Partial only: no exact phrase and no sensor term in snippet.
,,,REPLACE_GENERIC_WITH_COMPONENT_SPECIFIC,pmsr:/INS1739451831725785,Virtual Patient Anatomy Simulator,pmsr:/COM1786054978467508000,Virtual Patient Anatomy Simulator Detector,Virtual Patient and Digital Simulation,https://www.ssih.org/,"https://support.bodyinteract.com/ (None; URLError: [Errno 8] nodename nor servname provided, or not known)",Platform-specific technical and integration docs that enumerate sensing/interaction components.,"Replace governance/support hub with model/component-specific manual, datasheet, or IFU page.",TODO,https://bodyinteract.com/,yes,no,yes,Keep reachable URL only as seed; locate model/component-specific page and replace mapping link.,12,https://bodyinteract.com/,"body interact - virtual patients simulator | body interact .nectar-color-accent-color,body a,label span,body [class^=""icon-""].icon-default-style,.blog-recent[data-style*=""cla",3,PARTIAL_MATCH_NEEDS_HUMAN_CONFIRMATION,"Some component/instrument tokens matched, but explicit proof remains uncertain.",PARTIAL_MATCH_NEEDS_HUMAN_CONFIRMATION,Partial only: no exact phrase and no sensor term in snippet.
,,,REPLACE_GENERIC_WITH_COMPONENT_SPECIFIC,pmsr:/INS1739488340413085,Virtual Patient Interaction Simulator,pmsr:/COM1786054978467538000,Virtual Patient Interaction Simulator Actuator,Virtual Patient and Digital Simulation,https://www.ssih.org/,"https://support.bodyinteract.com/ (None; URLError: [Errno 8] nodename nor servname provided, or not known)",Platform-specific technical and integration docs that enumerate sensing/interaction components.,"Replace governance/support hub with model/component-specific manual, datasheet, or IFU page.",TODO,https://bodyinteract.com/,yes,no,yes,Keep reachable URL only as seed; locate model/component-specific page and replace mapping link.,12,https://bodyinteract.com/,"body interact - virtual patients simulator | body interact .nectar-color-accent-color,body a,label span,body [class^=""icon-""].icon-default-style,.blog-recent[data-style*=""cla",3,PARTIAL_MATCH_NEEDS_HUMAN_CONFIRMATION,"Some component/instrument tokens matched, but explicit proof remains uncertain.",PARTIAL_MATCH_NEEDS_HUMAN_CONFIRMATION,Partial only: no exact phrase and no sensor term in snippet.
,,,REPLACE_GENERIC_WITH_COMPONENT_SPECIFIC,pmsr:/INS1739488340413085,Virtual Patient Interaction Simulator,pmsr:/COM1786054978467534000,Virtual Patient Interaction Simulator Detector,Virtual Patient and Digital Simulation,https://www.ssih.org/,"https://support.bodyinteract.com/ (None; URLError: [Errno 8] nodename nor servname provided, or not known)",Platform-specific technical and integration docs that enumerate sensing/interaction components.,"Replace governance/support hub with model/component-specific manual, datasheet, or IFU page.",TODO,https://bodyinteract.com/,yes,no,yes,Keep reachable URL only as seed; locate model/component-specific page and replace mapping link.,12,https://bodyinteract.com/,"body interact - virtual patients simulator | body interact .nectar-color-accent-color,body a,label span,body [class^=""icon-""].icon-default-style,.blog-recent[data-style*=""cla",3,PARTIAL_MATCH_NEEDS_HUMAN_CONFIRMATION,"Some component/instrument tokens matched, but explicit proof remains uncertain.",PARTIAL_MATCH_NEEDS_HUMAN_CONFIRMATION,Partial only: no exact phrase and no sensor term in snippet.
4,C,Standard remediation item: generic evidence should be replaced by vendor/model evidence.,UPGRADE_FROM_LEXICAL_TO_EXPLICIT,pmsr:/INS1739402230863265,Blood Pressure Measurement Simulator,pmsr:/COM1786054978466194000,Blood Pressure Measurement Simulator Detector,General Medical Device Governance,https://www.fda.gov/medical-devices/device-advice-comprehensive-regulatory-assistance/medical-device-databases,https://www.iso.org/standard/72704.html (403; HTTPError 403: Forbidden),"Replace with instrument-model vendor manual, IFU, datasheet, or product specification page.",Keep reachable vendor page but add direct citation that explicitly names this detector/actuator/component.,TODO,https://www.fda.gov/medical-devices/device-advice-comprehensive-regulatory-assistance/medical-device-databases | https://www.who.int/teams/health-product-policy-and-standards/assistive-and-medical-technology/medical-devices | https://www.ssih.org/,yes,no,no,Retain seed URL; add explicit component citation page/snippet for detector/actuator confirmation.,36,https://www.fda.gov/about-fda/cdrh-transparency/total-product-life-cycle-medical-devices," en espa&#241ol products food drugs medical devices radiation-emitting products vaccines, blood, and biologics animal and veterinary cosmetics tobacco products topics about fda combination products regulatory information safety emergency pr",4,PARTIAL_MATCH_NEEDS_HUMAN_CONFIRMATION,"Some component/instrument tokens matched, but explicit proof remains uncertain.",PARTIAL_MATCH_NEEDS_HUMAN_CONFIRMATION,Partial only: no exact phrase and no sensor term in snippet.
5,C,Standard remediation item: generic evidence should be replaced by vendor/model evidence.,UPGRADE_FROM_LEXICAL_TO_EXPLICIT,pmsr:/INS1739402230863265,Blood Pressure Measurement Simulator,pmsr:/COM1786054978466198000,Blood Pressure Measurement Simulator Actuator,General Medical Device Governance,https://www.fda.gov/medical-devices/device-advice-comprehensive-regulatory-assistance/medical-device-databases,https://www.iso.org/standard/72704.html (403; HTTPError 403: Forbidden),"Replace with instrument-model vendor manual, IFU, datasheet, or product specification page.",Keep reachable vendor page but add direct citation that explicitly names this detector/actuator/component.,TODO,https://www.fda.gov/medical-devices/device-advice-comprehensive-regulatory-assistance/medical-device-databases | https://www.who.int/teams/health-product-policy-and-standards/assistive-and-medical-technology/medical-devices | https://www.ssih.org/,yes,no,no,Retain seed URL; add explicit component citation page/snippet for detector/actuator confirmation.,36,https://www.fda.gov/about-fda/cdrh-transparency/total-product-life-cycle-medical-devices," en espa&#241ol products food drugs medical devices radiation-emitting products vaccines, blood, and biologics animal and veterinary cosmetics tobacco products topics about fda combination products regulatory information safety emergency pr",4,PARTIAL_MATCH_NEEDS_HUMAN_CONFIRMATION,"Some component/instrument tokens matched, but explicit proof remains uncertain.",PARTIAL_MATCH_NEEDS_HUMAN_CONFIRMATION,Partial only: no exact phrase and no sensor term in snippet.
18,C,Standard remediation item: generic evidence should be replaced by vendor/model evidence.,UPGRADE_FROM_LEXICAL_TO_EXPLICIT,pmsr:/INS1739404158691525,Ear Irrigation Simulator,pmsr:/COM1786054978466408000,Ear Irrigation Simulator Detector,General Medical Device Governance,https://www.fda.gov/medical-devices/device-advice-comprehensive-regulatory-assistance/medical-device-databases,https://www.iso.org/standard/72704.html (403; HTTPError 403: Forbidden),"Replace with instrument-model vendor manual, IFU, datasheet, or product specification page.",Keep reachable vendor page but add direct citation that explicitly names this detector/actuator/component.,TODO,https://www.fda.gov/medical-devices/device-advice-comprehensive-regulatory-assistance/medical-device-databases | https://www.who.int/teams/health-product-policy-and-standards/assistive-and-medical-technology/medical-devices | https://www.ssih.org/,yes,no,no,Retain seed URL; add explicit component citation page/snippet for detector/actuator confirmation.,36,https://www.fda.gov/about-fda/cdrh-transparency/total-product-life-cycle-medical-devices,total product life cycle for medical devices | fda skip to main content skip to fda search skip to in this section menu skip to footer links an official website of the united states government here’s how you know the .gov means it’s of,4,PARTIAL_MATCH_NEEDS_HUMAN_CONFIRMATION,"Some component/instrument tokens matched, but explicit proof remains uncertain.",PARTIAL_MATCH_NEEDS_HUMAN_CONFIRMATION,Partial only: no exact phrase and no sensor term in snippet.
19,C,Standard remediation item: generic evidence should be replaced by vendor/model evidence.,UPGRADE_FROM_LEXICAL_TO_EXPLICIT,pmsr:/INS1739404158691525,Ear Irrigation Simulator,pmsr:/COM1786054978466412000,Ear Irrigation Simulator Actuator,General Medical Device Governance,https://www.fda.gov/medical-devices/device-advice-comprehensive-regulatory-assistance/medical-device-databases,https://www.iso.org/standard/72704.html (403; HTTPError 403: Forbidden),"Replace with instrument-model vendor manual, IFU, datasheet, or product specification page.",Keep reachable vendor page but add direct citation that explicitly names this detector/actuator/component.,TODO,https://www.fda.gov/medical-devices/device-advice-comprehensive-regulatory-assistance/medical-device-databases | https://www.who.int/teams/health-product-policy-and-standards/assistive-and-medical-technology/medical-devices | https://www.ssih.org/,yes,no,no,Retain seed URL; add explicit component citation page/snippet for detector/actuator confirmation.,36,https://www.fda.gov/about-fda/cdrh-transparency/total-product-life-cycle-medical-devices,total product life cycle for medical devices | fda skip to main content skip to fda search skip to in this section menu skip to footer links an official website of the united states government here’s how you know the .gov means it’s of,4,PARTIAL_MATCH_NEEDS_HUMAN_CONFIRMATION,"Some component/instrument tokens matched, but explicit proof remains uncertain.",PARTIAL_MATCH_NEEDS_HUMAN_CONFIRMATION,Partial only: no exact phrase and no sensor term in snippet.
,,,UPGRADE_FROM_LEXICAL_TO_EXPLICIT,uberon:0004535,,pmsr:/COM1738095221724775,Shock Link Monitor  -- CB:EMPTY,General Medical Device Governance,https://www.fda.gov/medical-devices/device-advice-comprehensive-regulatory-assistance/medical-device-databases,https://www.iso.org/standard/72704.html (403; HTTPError 403: Forbidden),"Replace with instrument-model vendor manual, IFU, datasheet, or product specification page.",Keep reachable vendor page but add direct citation that explicitly names this detector/actuator/component.,TODO,https://www.fda.gov/medical-devices/device-advice-comprehensive-regulatory-assistance/medical-device-databases | https://www.who.int/teams/health-product-policy-and-standards/assistive-and-medical-technology/medical-devices | https://www.ssih.org/,yes,no,no,Retain seed URL; add explicit component citation page/snippet for detector/actuator confirmation.,36,https://www.fda.gov/about-fda/cdrh-transparency/total-product-life-cycle-medical-devices,| fda skip to main content skip to fda search skip to in this section menu skip to footer links an official website of the united states government here’s how you know the .gov means it’s official. federal government websites often end in .,5,PARTIAL_MATCH_NEEDS_HUMAN_CONFIRMATION,"Some component/instrument tokens matched, but explicit proof remains uncertain.",PARTIAL_MATCH_NEEDS_HUMAN_CONFIRMATION,Partial only: no exact phrase and no sensor term in snippet.
,,,UPGRADE_FROM_LEXICAL_TO_EXPLICIT,pmsr:/INS1739301009974715,ARTEC LEO Scanner,pmsr:/COM1786054978466052000,ARTEC LEO Scanner Actuator,Dental and Oral Scanning Systems,https://support.3shape.com/ | https://www.fda.gov/medical-devices/device-advice-comprehensive-regulatory-assistance/medical-device-databases,,"3Shape/Medit model-specific manuals, scanner technical data sheets, calibration and accessory documentation.",Keep reachable vendor page but add direct citation that explicitly names this detector/actuator/component.,TODO,https://support.3shape.com/,yes,no,no,Retain seed URL; add explicit component citation page/snippet for detector/actuator confirmation.,12,https://support.3shape.com/,"le. title=""recaptcha"" clinic lab all products getting started how to configure your trios scanner and software, and create your 3shape account. working with orders collaborate with your lab, work with order forms, and import and export .dcm",4,PARTIAL_MATCH_NEEDS_HUMAN_CONFIRMATION,"Some component/instrument tokens matched, but explicit proof remains uncertain.",PARTIAL_MATCH_NEEDS_HUMAN_CONFIRMATION,Partial only: no exact phrase and no sensor term in snippet.
,,,UPGRADE_FROM_LEXICAL_TO_EXPLICIT,pmsr:/INS1739301009974715,ARTEC LEO Scanner,pmsr:/COM1786054978466045000,ARTEC LEO Scanner Detector,Dental and Oral Scanning Systems,https://support.3shape.com/ | https://www.fda.gov/medical-devices/device-advice-comprehensive-regulatory-assistance/medical-device-databases,,"3Shape/Medit model-specific manuals, scanner technical data sheets, calibration and accessory documentation.",Keep reachable vendor page but add direct citation that explicitly names this detector/actuator/component.,TODO,https://support.3shape.com/,yes,no,no,Retain seed URL; add explicit component citation page/snippet for detector/actuator confirmation.,12,https://support.3shape.com/,"le. title=""recaptcha"" clinic lab all products getting started how to configure your trios scanner and software, and create your 3shape account. working with orders collaborate with your lab, work with order forms, and import and export .dcm",4,PARTIAL_MATCH_NEEDS_HUMAN_CONFIRMATION,"Some component/instrument tokens matched, but explicit proof remains uncertain.",PARTIAL_MATCH_NEEDS_HUMAN_CONFIRMATION,Partial only: no exact phrase and no sensor term in snippet.
,,,UPGRADE_FROM_LEXICAL_TO_EXPLICIT,pmsr:/INS1739288625580975,Butterfly IQ+,pmsr:/COM1786054978466225000,Butterfly IQ+ Actuator,Point-of-Care Ultrasound and Imaging,https://support.butterflynetwork.com/hc/en-us | https://www.who.int/teams/health-product-policy-and-standards/assistive-and-medical-technology/medical-devices,,"Vendor model docs (Butterfly/CHISON), probe specs, transducer and interface documentation.",Keep reachable vendor page but add direct citation that explicitly names this detector/actuator/component.,TODO,https://support.butterflynetwork.com/hc/en-us | https://www.chison.com/products/,yes,no,no,Retain seed URL; add explicit component citation page/snippet for detector/actuator confirmation.,16,https://support.butterflynetwork.com/hc/en-us,"butterfly network support portal .siteforcecontentarea .comm-layout-column .ui-widget:not(:last-child),.siteforcecontentarea .cb-section_column .ui-wi",3,PARTIAL_MATCH_NEEDS_HUMAN_CONFIRMATION,"Some component/instrument tokens matched, but explicit proof remains uncertain.",PARTIAL_MATCH_NEEDS_HUMAN_CONFIRMATION,Partial only: no exact phrase and no sensor term in snippet.
,,,UPGRADE_FROM_LEXICAL_TO_EXPLICIT,pmsr:/INS1739288625580975,Butterfly IQ+,pmsr:/COM1786054978466222000,Butterfly IQ+ Detector,Point-of-Care Ultrasound and Imaging,https://support.butterflynetwork.com/hc/en-us | https://www.who.int/teams/health-product-policy-and-standards/assistive-and-medical-technology/medical-devices,,"Vendor model docs (Butterfly/CHISON), probe specs, transducer and interface documentation.",Keep reachable vendor page but add direct citation that explicitly names this detector/actuator/component.,TODO,https://support.butterflynetwork.com/hc/en-us | https://www.chison.com/products/,yes,no,no,Retain seed URL; add explicit component citation page/snippet for detector/actuator confirmation.,16,https://support.butterflynetwork.com/hc/en-us,"butterfly network support portal .siteforcecontentarea .comm-layout-column .ui-widget:not(:last-child),.siteforcecontentarea .cb-section_column .ui-wi",3,PARTIAL_MATCH_NEEDS_HUMAN_CONFIRMATION,"Some component/instrument tokens matched, but explicit proof remains uncertain.",PARTIAL_MATCH_NEEDS_HUMAN_CONFIRMATION,Partial only: no exact phrase and no sensor term in snippet.
,,,UPGRADE_FROM_LEXICAL_TO_EXPLICIT,pmsr:/INS1739288691415495,Butterfly Ultrasound Probes,pmsr:/COM1786054978466241000,Butterfly Ultrasound Probes Actuator,Point-of-Care Ultrasound and Imaging,https://support.butterflynetwork.com/hc/en-us | https://www.who.int/teams/health-product-policy-and-standards/assistive-and-medical-technology/medical-devices,,"Vendor model docs (Butterfly/CHISON), probe specs, transducer and interface documentation.",Keep reachable vendor page but add direct citation that explicitly names this detector/actuator/component.,TODO,https://support.butterflynetwork.com/hc/en-us | https://www.chison.com/products/,yes,no,no,Retain seed URL; add explicit component citation page/snippet for detector/actuator confirmation.,16,https://www.chison.com/handheld-ultrasound/,handheld ultrasound machin for sale home products cart-based ultrasound sonoport sonomax xbit cbit qbit portable ultrasound sonogo sonoair sonobook ebit eco so,7,PARTIAL_MATCH_NEEDS_HUMAN_CONFIRMATION,"Some component/instrument tokens matched, but explicit proof remains uncertain.",PARTIAL_MATCH_NEEDS_HUMAN_CONFIRMATION,Partial only: no exact phrase and no sensor term in snippet.
,,,UPGRADE_FROM_LEXICAL_TO_EXPLICIT,pmsr:/INS1739288691415495,Butterfly Ultrasound Probes,pmsr:/COM1786054978466236000,Butterfly Ultrasound Probes Detector,Point-of-Care Ultrasound and Imaging,https://support.butterflynetwork.com/hc/en-us | https://www.who.int/teams/health-product-policy-and-standards/assistive-and-medical-technology/medical-devices,,"Vendor model docs (Butterfly/CHISON), probe specs, transducer and interface documentation.",Keep reachable vendor page but add direct citation that explicitly names this detector/actuator/component.,TODO,https://support.butterflynetwork.com/hc/en-us | https://www.chison.com/products/,yes,no,no,Retain seed URL; add explicit component citation page/snippet for detector/actuator confirmation.,16,https://www.chison.com/handheld-ultrasound/,handheld ultrasound machin for sale home products cart-based ultrasound sonoport sonomax xbit cbit qbit portable ultrasound sonogo sonoair sonobook ebit eco so,7,PARTIAL_MATCH_NEEDS_HUMAN_CONFIRMATION,"Some component/instrument tokens matched, but explicit proof remains uncertain.",PARTIAL_MATCH_NEEDS_HUMAN_CONFIRMATION,Partial only: no exact phrase and no sensor term in snippet.
,,,UPGRADE_FROM_LEXICAL_TO_EXPLICIT,pmsr:/INS1739301133578555,Extraoral Scanner,pmsr:/COM1786054978466429000,Extraoral Scanner Actuator,Dental and Oral Scanning Systems,https://support.3shape.com/ | https://www.fda.gov/medical-devices/device-advice-comprehensive-regulatory-assistance/medical-device-databases,,"3Shape/Medit model-specific manuals, scanner technical data sheets, calibration and accessory documentation.",Keep reachable vendor page but add direct citation that explicitly names this detector/actuator/component.,TODO,https://support.3shape.com/,yes,no,no,Retain seed URL; add explicit component citation page/snippet for detector/actuator confirmation.,12,https://support.3shape.com/,"le. title=""recaptcha"" clinic lab all products getting started how to configure your trios scanner and software, and create your 3shape account. working with orders collaborate with your lab, work with order forms, and import and export .dcm",4,PARTIAL_MATCH_NEEDS_HUMAN_CONFIRMATION,"Some component/instrument tokens matched, but explicit proof remains uncertain.",PARTIAL_MATCH_NEEDS_HUMAN_CONFIRMATION,Partial only: no exact phrase and no sensor term in snippet.
,,,UPGRADE_FROM_LEXICAL_TO_EXPLICIT,pmsr:/INS1739301133578555,Extraoral Scanner,pmsr:/COM1786054978466425000,Extraoral Scanner Detector,Dental and Oral Scanning Systems,https://support.3shape.com/ | https://www.fda.gov/medical-devices/device-advice-comprehensive-regulatory-assistance/medical-device-databases,,"3Shape/Medit model-specific manuals, scanner technical data sheets, calibration and accessory documentation.",Keep reachable vendor page but add direct citation that explicitly names this detector/actuator/component.,TODO,https://support.3shape.com/,yes,no,no,Retain seed URL; add explicit component citation page/snippet for detector/actuator confirmation.,12,https://support.3shape.com/,"le. title=""recaptcha"" clinic lab all products getting started how to configure your trios scanner and software, and create your 3shape account. working with orders collaborate with your lab, work with order forms, and import and export .dcm",4,PARTIAL_MATCH_NEEDS_HUMAN_CONFIRMATION,"Some component/instrument tokens matched, but explicit proof remains uncertain.",PARTIAL_MATCH_NEEDS_HUMAN_CONFIRMATION,Partial only: no exact phrase and no sensor term in snippet.
,,,UPGRADE_FROM_LEXICAL_TO_EXPLICIT,pmsr:/INS1739301081410085,Intraoral Scanner,pmsr:/COM1786054978466575000,Intraoral Scanner Actuator,Dental and Oral Scanning Systems,https://support.3shape.com/ | https://www.fda.gov/medical-devices/device-advice-comprehensive-regulatory-assistance/medical-device-databases,,"3Shape/Medit model-specific manuals, scanner technical data sheets, calibration and accessory documentation.",Keep reachable vendor page but add direct citation that explicitly names this detector/actuator/component.,TODO,https://support.3shape.com/,yes,no,no,Retain seed URL; add explicit component citation page/snippet for detector/actuator confirmation.,12,https://support.3shape.com/,"le. title=""recaptcha"" clinic lab all products getting started how to configure your trios scanner and software, and create your 3shape account. working with orders collaborate with your lab, work with order forms, and import and export .dcm",4,PARTIAL_MATCH_NEEDS_HUMAN_CONFIRMATION,"Some component/instrument tokens matched, but explicit proof remains uncertain.",PARTIAL_MATCH_NEEDS_HUMAN_CONFIRMATION,Partial only: no exact phrase and no sensor term in snippet.
,,,UPGRADE_FROM_LEXICAL_TO_EXPLICIT,pmsr:/INS1739301081410085,Intraoral Scanner,pmsr:/COM1786054978466570000,Intraoral Scanner Detector,Dental and Oral Scanning Systems,https://support.3shape.com/ | https://www.fda.gov/medical-devices/device-advice-comprehensive-regulatory-assistance/medical-device-databases,,"3Shape/Medit model-specific manuals, scanner technical data sheets, calibration and accessory documentation.",Keep reachable vendor page but add direct citation that explicitly names this detector/actuator/component.,TODO,https://support.3shape.com/,yes,no,no,Retain seed URL; add explicit component citation page/snippet for detector/actuator confirmation.,12,https://support.3shape.com/,"le. title=""recaptcha"" clinic lab all products getting started how to configure your trios scanner and software, and create your 3shape account. working with orders collaborate with your lab, work with order forms, and import and export .dcm",4,PARTIAL_MATCH_NEEDS_HUMAN_CONFIRMATION,"Some component/instrument tokens matched, but explicit proof remains uncertain.",PARTIAL_MATCH_NEEDS_HUMAN_CONFIRMATION,Partial only: no exact phrase and no sensor term in snippet.
