componentInstanceURI,componentStemURI,instrumentSlotURI,slotNumber,instrumentInstanceURI,instrumentLabel,componentEvidenceName,inferenceSource,oldLabel,newLabel
pmsr:CPI2755796733471,ncit:C25218,,,,linked simulator,,bootstrap-default,Simulation support component for linked simulator,General simulator support component instance
pmsr:CPI5459487778512,pmsr:/COM1786054978466312000,pmsr:/INS1739301711235865/CTS/0001,0001,pmsr:INI1784603367297,ALS Baby Trainer 200 SN:010001,Care Simulators Detector,component-evidence-name,Simulation state detection sensor for ALS Baby Trainer 200 SN:010001,State detector for monitoring simulator condition changes for ALS Baby Trainer 200 SN:010001
pmsr:CPI3408860877303,pmsr:/COM1786054978466316000,pmsr:/INS1739301711235865/CTS/0002,0002,pmsr:INI1784603367297,ALS Baby Trainer 200 SN:010001,Care Simulators Actuator,component-evidence-name,Simulation response actuator for ALS Baby Trainer 200 SN:010001,Response actuator for driving simulator state changes for ALS Baby Trainer 200 SN:010001
pmsr:CPI6680210442030,pmsr:/COM9c9998b0d6c57586e,pmsr:/INS1739301711235865/CTS/0003,0003,pmsr:INI1784603367297,ALS Baby Trainer 200 SN:010001,Care Simulators Interaction Event Detector,component-evidence-name,Interaction event tracking sensor for ALS Baby Trainer 200 SN:010001,Interaction event detector for tracking learner actions for ALS Baby Trainer 200 SN:010001
pmsr:CPI2159070299335,pmsr:/COM9c44ff66ece930aee,pmsr:/INS1739301711235865/CTS/0004,0004,pmsr:INI1784603367297,ALS Baby Trainer 200 SN:010001,Care Simulators Airway Pressure Detector,component-evidence-name,Airway pressure monitoring sensor for ALS Baby Trainer 200 SN:010001,Airway pressure detector for monitoring ventilation pressure for ALS Baby Trainer 200 SN:010001
pmsr:CPI1895327710078,pmsr:/COM9edd3c7ab12ea1a73,pmsr:/INS1739301711235865/CTS/0005,0005,pmsr:INI1784603367297,ALS Baby Trainer 200 SN:010001,Care Simulators Pulse Rate Detector,component-evidence-name,Pulse rate monitoring sensor for ALS Baby Trainer 200 SN:010001,Pulse rate detector for monitoring cardiovascular response for ALS Baby Trainer 200 SN:010001
pmsr:CPI4788168019930,pmsr:/COM1786054978466312000,pmsr:/INS1739301711235865/CTS/0001,0001,pmsr:INI1784603367298,ASL 5000TM Lung Solution SN:010002,Care Simulators Detector,component-evidence-name,Simulation state detection sensor for ASL 5000TM Lung Solution SN:010002,State detector for monitoring simulator condition changes for ASL 5000TM Lung Solution SN:010002
pmsr:CPI7755638765583,pmsr:/COM1786054978466316000,pmsr:/INS1739301711235865/CTS/0002,0002,pmsr:INI1784603367298,ASL 5000TM Lung Solution SN:010002,Care Simulators Actuator,component-evidence-name,Simulation response actuator for ASL 5000TM Lung Solution SN:010002,Response actuator for driving simulator state changes for ASL 5000TM Lung Solution SN:010002
pmsr:CPI8038191371959,pmsr:/COM9c9998b0d6c57586e,pmsr:/INS1739301711235865/CTS/0003,0003,pmsr:INI1784603367298,ASL 5000TM Lung Solution SN:010002,Care Simulators Interaction Event Detector,component-evidence-name,Interaction event tracking sensor for ASL 5000TM Lung Solution SN:010002,Interaction event detector for tracking learner actions for ASL 5000TM Lung Solution SN:010002
pmsr:CPI2629320598417,pmsr:/COM9c44ff66ece930aee,pmsr:/INS1739301711235865/CTS/0004,0004,pmsr:INI1784603367298,ASL 5000TM Lung Solution SN:010002,Care Simulators Airway Pressure Detector,component-evidence-name,Airway pressure monitoring sensor for ASL 5000TM Lung Solution SN:010002,Airway pressure detector for monitoring ventilation pressure for ASL 5000TM Lung Solution SN:010002
pmsr:CPI1358154181310,pmsr:/COM9edd3c7ab12ea1a73,pmsr:/INS1739301711235865/CTS/0005,0005,pmsr:INI1784603367298,ASL 5000TM Lung Solution SN:010002,Care Simulators Pulse Rate Detector,component-evidence-name,Pulse rate monitoring sensor for ASL 5000TM Lung Solution SN:010002,Pulse rate detector for monitoring cardiovascular response for ASL 5000TM Lung Solution SN:010002
pmsr:CPI3724562469277,pmsr:/COM17860549784669200,pmsr:/INS1739303333850795/CTS/0001,0001,pmsr:INI1784603367299,EMS-MAN (Emergency Medical Skills)–Adult Male-Simbodies SN:010003,,final-curated-fallback-function-only,State detector for monitoring simulator condition changes for EMS-MAN (Emergency Medical Skills)–Adult Male-Simbodies SN:010003,Primary state detector for simulator condition monitoring
pmsr:CPI1634886262589,pmsr:/COM17860549784669250,pmsr:/INS1739303333850795/CTS/0002,0002,pmsr:INI1784603367299,EMS-MAN (Emergency Medical Skills)–Adult Male-Simbodies SN:010003,,final-curated-fallback-function-only,Response actuator for driving simulator state changes for EMS-MAN (Emergency Medical Skills)–Adult Male-Simbodies SN:010003,Primary response actuator for simulator state control
pmsr:CPI0870319301923,pmsr:/COM90e709ed6a7da646e,pmsr:/INS1739303333850795/CTS/0003,0003,pmsr:INI1784603367299,EMS-MAN (Emergency Medical Skills)–Adult Male-Simbodies SN:010003,Oncology Care Simulator Interaction Event Detector,component-evidence-name,Simulation support component for EMS-MAN (Emergency Medical Skills)–Adult Male-Simbodies SN:010003,Interaction event detector for tracking learner actions for EMS-MAN (Emergency Medical Skills)–Adult Male-Simbodies SN:010003
pmsr:CPI5107726029856,pmsr:/COM93b9e9e42e8ce92e6,pmsr:/INS1739303333850795/CTS/0004,0004,pmsr:INI1784603367299,EMS-MAN (Emergency Medical Skills)–Adult Male-Simbodies SN:010003,Oncology Care Simulator Airway Pressure Detector,component-evidence-name,Simulation support component for EMS-MAN (Emergency Medical Skills)–Adult Male-Simbodies SN:010003,Airway pressure detector for monitoring ventilation pressure for EMS-MAN (Emergency Medical Skills)–Adult Male-Simbodies SN:010003
pmsr:CPI0397684027151,pmsr:/COM9c53e672a8d78deb3,pmsr:/INS1739303333850795/CTS/0005,0005,pmsr:INI1784603367299,EMS-MAN (Emergency Medical Skills)–Adult Male-Simbodies SN:010003,Oncology Care Simulator Pulse Rate Detector,component-evidence-name,Simulation support component for EMS-MAN (Emergency Medical Skills)–Adult Male-Simbodies SN:010003,Pulse rate detector for monitoring cardiovascular response for EMS-MAN (Emergency Medical Skills)–Adult Male-Simbodies SN:010003
pmsr:CPI4013642184200,pmsr:/COM1786054978466312000,pmsr:/INS1739301711235865/CTS/0001,0001,pmsr:INI1784603367301,EMS-T Trainer (Emergency Medical Skills – Torso Trainer) SN:010004,Care Simulators Detector,component-evidence-name,Simulation state detection sensor for EMS-T Trainer (Emergency Medical Skills – Torso Trainer) SN:010004,State detector for monitoring simulator condition changes for EMS-T Trainer (Emergency Medical Skills – Torso Trainer) SN:010004
pmsr:CPI0634530581848,pmsr:/COM1786054978466316000,pmsr:/INS1739301711235865/CTS/0002,0002,pmsr:INI1784603367301,EMS-T Trainer (Emergency Medical Skills – Torso Trainer) SN:010004,Care Simulators Actuator,component-evidence-name,Simulation response actuator for EMS-T Trainer (Emergency Medical Skills – Torso Trainer) SN:010004,Response actuator for driving simulator state changes for EMS-T Trainer (Emergency Medical Skills – Torso Trainer) SN:010004
pmsr:CPI0789628101018,pmsr:/COM9c9998b0d6c57586e,pmsr:/INS1739301711235865/CTS/0003,0003,pmsr:INI1784603367301,EMS-T Trainer (Emergency Medical Skills – Torso Trainer) SN:010004,Care Simulators Interaction Event Detector,component-evidence-name,Interaction event tracking sensor for EMS-T Trainer (Emergency Medical Skills – Torso Trainer) SN:010004,Interaction event detector for tracking learner actions for EMS-T Trainer (Emergency Medical Skills – Torso Trainer) SN:010004
pmsr:CPI1738776873626,pmsr:/COM9c44ff66ece930aee,pmsr:/INS1739301711235865/CTS/0004,0004,pmsr:INI1784603367301,EMS-T Trainer (Emergency Medical Skills – Torso Trainer) SN:010004,Care Simulators Airway Pressure Detector,component-evidence-name,Airway pressure monitoring sensor for EMS-T Trainer (Emergency Medical Skills – Torso Trainer) SN:010004,Airway pressure detector for monitoring ventilation pressure for EMS-T Trainer (Emergency Medical Skills – Torso Trainer) SN:010004
pmsr:CPI4914625998096,pmsr:/COM9edd3c7ab12ea1a73,pmsr:/INS1739301711235865/CTS/0005,0005,pmsr:INI1784603367301,EMS-T Trainer (Emergency Medical Skills – Torso Trainer) SN:010004,Care Simulators Pulse Rate Detector,component-evidence-name,Pulse rate monitoring sensor for EMS-T Trainer (Emergency Medical Skills – Torso Trainer) SN:010004,Pulse rate detector for monitoring cardiovascular response for EMS-T Trainer (Emergency Medical Skills – Torso Trainer) SN:010004
pmsr:CPI0727662302470,pmsr:/COM17860549784662970,pmsr:/INS1739392182337835/CTS/0001,0001,pmsr:INI1784603367302,HEART WORKS SN:010005,,final-curated-fallback-function-only,State detector for monitoring simulator condition changes for HEART WORKS SN:010005,Primary state detector for simulator condition monitoring
pmsr:CPI9251253204098,pmsr:/COM17860549784663010,pmsr:/INS1739392182337835/CTS/0002,0002,pmsr:INI1784603367302,HEART WORKS SN:010005,,final-curated-fallback-function-only,Response actuator for driving simulator state changes for HEART WORKS SN:010005,Primary response actuator for simulator state control
pmsr:CPI1699657193876,pmsr:/COM95a5e3eb50affb204,pmsr:/INS1739392182337835/CTS/0003,0003,pmsr:INI1784603367302,HEART WORKS SN:010005,Cardiac Procedure Simulator Pulse Rate Detector,component-evidence-name,Simulation support component for HEART WORKS SN:010005,Pulse rate detector for monitoring cardiovascular response for HEART WORKS SN:010005
pmsr:CPI2175056534170,pmsr:/COM9af58efb3d975da63,pmsr:/INS1739392182337835/CTS/0004,0004,pmsr:INI1784603367302,HEART WORKS SN:010005,Cardiac Procedure Simulator Airway Pressure Detector,component-evidence-name,Simulation support component for HEART WORKS SN:010005,Airway pressure detector for monitoring ventilation pressure for HEART WORKS SN:010005
pmsr:CPI2089568859896,pmsr:/COM905b86b9e5409690b,pmsr:/INS1739392182337835/CTS/0005,0005,pmsr:INI1784603367302,HEART WORKS SN:010005,Cardiac Procedure Simulator Applied Force Detector,component-evidence-name,Simulation support component for HEART WORKS SN:010005,Applied force detector for monitoring procedural force application for HEART WORKS SN:010005
pmsr:CPI7391265062900,pmsr:/COM1786054978466312000,pmsr:/INS1739301711235865/CTS/0001,0001,pmsr:INI1784603367303,Hybrids VITA SN:010006,Care Simulators Detector,component-evidence-name,Simulation state detection sensor for Hybrids VITA SN:010006,State detector for monitoring simulator condition changes for Hybrids VITA SN:010006
pmsr:CPI9198175040688,pmsr:/COM1786054978466316000,pmsr:/INS1739301711235865/CTS/0002,0002,pmsr:INI1784603367303,Hybrids VITA SN:010006,Care Simulators Actuator,component-evidence-name,Simulation response actuator for Hybrids VITA SN:010006,Response actuator for driving simulator state changes for Hybrids VITA SN:010006
pmsr:CPI8523487829104,pmsr:/COM9c9998b0d6c57586e,pmsr:/INS1739301711235865/CTS/0003,0003,pmsr:INI1784603367303,Hybrids VITA SN:010006,Care Simulators Interaction Event Detector,component-evidence-name,Interaction event tracking sensor for Hybrids VITA SN:010006,Interaction event detector for tracking learner actions for Hybrids VITA SN:010006
pmsr:CPI4722052282930,pmsr:/COM9c44ff66ece930aee,pmsr:/INS1739301711235865/CTS/0004,0004,pmsr:INI1784603367303,Hybrids VITA SN:010006,Care Simulators Airway Pressure Detector,component-evidence-name,Airway pressure monitoring sensor for Hybrids VITA SN:010006,Airway pressure detector for monitoring ventilation pressure for Hybrids VITA SN:010006
pmsr:CPI7845843999368,pmsr:/COM9edd3c7ab12ea1a73,pmsr:/INS1739301711235865/CTS/0005,0005,pmsr:INI1784603367303,Hybrids VITA SN:010006,Care Simulators Pulse Rate Detector,component-evidence-name,Pulse rate monitoring sensor for Hybrids VITA SN:010006,Pulse rate detector for monitoring cardiovascular response for Hybrids VITA SN:010006
pmsr:CPI4004895862509,pmsr:/COM1786054978466312000,pmsr:/INS1739301711235865/CTS/0001,0001,pmsr:INI1784603367305,SimCapture Enterprise Cloud (Subscrição Anual) SN:010007,Care Simulators Detector,component-evidence-name,Simulation state detection sensor for SimCapture Enterprise Cloud (Subscrição Anual) SN:010007,State detector for monitoring simulator condition changes for SimCapture Enterprise Cloud (Subscrição Anual) SN:010007
pmsr:CPI3516848891291,pmsr:/COM1786054978466316000,pmsr:/INS1739301711235865/CTS/0002,0002,pmsr:INI1784603367305,SimCapture Enterprise Cloud (Subscrição Anual) SN:010007,Care Simulators Actuator,component-evidence-name,Simulation response actuator for SimCapture Enterprise Cloud (Subscrição Anual) SN:010007,Response actuator for driving simulator state changes for SimCapture Enterprise Cloud (Subscrição Anual) SN:010007
pmsr:CPI6176078092407,pmsr:/COM9c9998b0d6c57586e,pmsr:/INS1739301711235865/CTS/0003,0003,pmsr:INI1784603367305,SimCapture Enterprise Cloud (Subscrição Anual) SN:010007,Care Simulators Interaction Event Detector,component-evidence-name,Interaction event tracking sensor for SimCapture Enterprise Cloud (Subscrição Anual) SN:010007,Interaction event detector for tracking learner actions for SimCapture Enterprise Cloud (Subscrição Anual) SN:010007
pmsr:CPI5492906533540,pmsr:/COM9c44ff66ece930aee,pmsr:/INS1739301711235865/CTS/0004,0004,pmsr:INI1784603367305,SimCapture Enterprise Cloud (Subscrição Anual) SN:010007,Care Simulators Airway Pressure Detector,component-evidence-name,Airway pressure monitoring sensor for SimCapture Enterprise Cloud (Subscrição Anual) SN:010007,Airway pressure detector for monitoring ventilation pressure for SimCapture Enterprise Cloud (Subscrição Anual) SN:010007
pmsr:CPI6653095657170,pmsr:/COM9edd3c7ab12ea1a73,pmsr:/INS1739301711235865/CTS/0005,0005,pmsr:INI1784603367305,SimCapture Enterprise Cloud (Subscrição Anual) SN:010007,Care Simulators Pulse Rate Detector,component-evidence-name,Pulse rate monitoring sensor for SimCapture Enterprise Cloud (Subscrição Anual) SN:010007,Pulse rate detector for monitoring cardiovascular response for SimCapture Enterprise Cloud (Subscrição Anual) SN:010007
pmsr:CPI0171253940092,pmsr:/COM1786054978466312000,pmsr:/INS1739301711235865/CTS/0001,0001,pmsr:INI1784603367306,Simulador de Ressonância Magnética:Corsmed SN:010008,Care Simulators Detector,component-evidence-name,Simulation state detection sensor for Simulador de Ressonância Magnética:Corsmed SN:010008,State detector for monitoring simulator condition changes for Simulador de Ressonância Magnética:Corsmed SN:010008
pmsr:CPI0760283504700,pmsr:/COM1786054978466316000,pmsr:/INS1739301711235865/CTS/0002,0002,pmsr:INI1784603367306,Simulador de Ressonância Magnética:Corsmed SN:010008,Care Simulators Actuator,component-evidence-name,Simulation response actuator for Simulador de Ressonância Magnética:Corsmed SN:010008,Response actuator for driving simulator state changes for Simulador de Ressonância Magnética:Corsmed SN:010008
pmsr:CPI7403858847749,pmsr:/COM9c9998b0d6c57586e,pmsr:/INS1739301711235865/CTS/0003,0003,pmsr:INI1784603367306,Simulador de Ressonância Magnética:Corsmed SN:010008,Care Simulators Interaction Event Detector,component-evidence-name,Interaction event tracking sensor for Simulador de Ressonância Magnética:Corsmed SN:010008,Interaction event detector for tracking learner actions for Simulador de Ressonância Magnética:Corsmed SN:010008
pmsr:CPI6957260949721,pmsr:/COM9c44ff66ece930aee,pmsr:/INS1739301711235865/CTS/0004,0004,pmsr:INI1784603367306,Simulador de Ressonância Magnética:Corsmed SN:010008,Care Simulators Airway Pressure Detector,component-evidence-name,Airway pressure monitoring sensor for Simulador de Ressonância Magnética:Corsmed SN:010008,Airway pressure detector for monitoring ventilation pressure for Simulador de Ressonância Magnética:Corsmed SN:010008
pmsr:CPI4797909842146,pmsr:/COM9edd3c7ab12ea1a73,pmsr:/INS1739301711235865/CTS/0005,0005,pmsr:INI1784603367306,Simulador de Ressonância Magnética:Corsmed SN:010008,Care Simulators Pulse Rate Detector,component-evidence-name,Pulse rate monitoring sensor for Simulador de Ressonância Magnética:Corsmed SN:010008,Pulse rate detector for monitoring cardiovascular response for Simulador de Ressonância Magnética:Corsmed SN:010008
pmsr:CPI2874884280943,pmsr:/COM17860549784668980,pmsr:/INS1740143878244085/CTS/0001,0001,pmsr:INI1784603367307,Simulador pediátrico- SimJunior https://laerdal.com/gb/products/simulation-training/obstetrics-paediatrics/simjunior/ SN:010009,,final-curated-fallback-function-only,State detector for monitoring simulator condition changes for Simulador pediátrico- SimJunior https://laerdal.com/gb/products/simulation-training/obstetrics-paediatrics/simjunior/ SN:010009,Primary state detector for simulator condition monitoring
pmsr:CPI6435884501823,pmsr:/COM17860549784669030,pmsr:/INS1740143878244085/CTS/0002,0002,pmsr:INI1784603367307,Simulador pediátrico- SimJunior https://laerdal.com/gb/products/simulation-training/obstetrics-paediatrics/simjunior/ SN:010009,,final-curated-fallback-function-only,Response actuator for driving simulator state changes for Simulador pediátrico- SimJunior https://laerdal.com/gb/products/simulation-training/obstetrics-paediatrics/simjunior/ SN:010009,Primary response actuator for simulator state control
pmsr:CPI7947934865442,pmsr:/COM9211bdcfaf513cb3f,pmsr:/INS1740143878244085/CTS/0003,0003,pmsr:INI1784603367307,Simulador pediátrico- SimJunior https://laerdal.com/gb/products/simulation-training/obstetrics-paediatrics/simjunior/ SN:010009,Obstetric Simulator Interaction Event Detector,component-evidence-name,Simulation support component for Simulador pediátrico- SimJunior https://laerdal.com/gb/products/simulation-training/obstetrics-paediatrics/simjunior/ SN:010009,Interaction event detector for tracking learner actions for Simulador pediátrico- SimJunior https://laerdal.com/gb/products/simulation-training/obstetrics-paediatrics/simjunior/ SN:010009
pmsr:CPI6982936944873,pmsr:/COM9e04a1dac669f072d,pmsr:/INS1740143878244085/CTS/0004,0004,pmsr:INI1784603367307,Simulador pediátrico- SimJunior https://laerdal.com/gb/products/simulation-training/obstetrics-paediatrics/simjunior/ SN:010009,Obstetric Simulator Airway Pressure Detector,component-evidence-name,Simulation support component for Simulador pediátrico- SimJunior https://laerdal.com/gb/products/simulation-training/obstetrics-paediatrics/simjunior/ SN:010009,Airway pressure detector for monitoring ventilation pressure for Simulador pediátrico- SimJunior https://laerdal.com/gb/products/simulation-training/obstetrics-paediatrics/simjunior/ SN:010009
pmsr:CPI0988647996285,pmsr:/COM925a48e7dda68b904,pmsr:/INS1740143878244085/CTS/0005,0005,pmsr:INI1784603367307,Simulador pediátrico- SimJunior https://laerdal.com/gb/products/simulation-training/obstetrics-paediatrics/simjunior/ SN:010009,Obstetric Simulator Pulse Rate Detector,component-evidence-name,Simulation support component for Simulador pediátrico- SimJunior https://laerdal.com/gb/products/simulation-training/obstetrics-paediatrics/simjunior/ SN:010009,Pulse rate detector for monitoring cardiovascular response for Simulador pediátrico- SimJunior https://laerdal.com/gb/products/simulation-training/obstetrics-paediatrics/simjunior/ SN:010009
pmsr:CPI0223913016816,pmsr:/COM17860549784668980,pmsr:/INS1740143878244085/CTS/0001,0001,pmsr:INI1784603367308,Simulador SiMmom SN:010010,,final-curated-fallback-function-only,State detector for monitoring simulator condition changes for Simulador SiMmom SN:010010,Primary state detector for simulator condition monitoring
pmsr:CPI3926846224038,pmsr:/COM17860549784669030,pmsr:/INS1740143878244085/CTS/0002,0002,pmsr:INI1784603367308,Simulador SiMmom SN:010010,,final-curated-fallback-function-only,Response actuator for driving simulator state changes for Simulador SiMmom SN:010010,Primary response actuator for simulator state control
pmsr:CPI4064207050384,pmsr:/COM9211bdcfaf513cb3f,pmsr:/INS1740143878244085/CTS/0003,0003,pmsr:INI1784603367308,Simulador SiMmom SN:010010,Obstetric Simulator Interaction Event Detector,component-evidence-name,Simulation support component for Simulador SiMmom SN:010010,Interaction event detector for tracking learner actions for Simulador SiMmom SN:010010
pmsr:CPI9003922067878,pmsr:/COM9e04a1dac669f072d,pmsr:/INS1740143878244085/CTS/0004,0004,pmsr:INI1784603367308,Simulador SiMmom SN:010010,Obstetric Simulator Airway Pressure Detector,component-evidence-name,Simulation support component for Simulador SiMmom SN:010010,Airway pressure detector for monitoring ventilation pressure for Simulador SiMmom SN:010010
pmsr:CPI6208562137207,pmsr:/COM925a48e7dda68b904,pmsr:/INS1740143878244085/CTS/0005,0005,pmsr:INI1784603367308,Simulador SiMmom SN:010010,Obstetric Simulator Pulse Rate Detector,component-evidence-name,Simulation support component for Simulador SiMmom SN:010010,Pulse rate detector for monitoring cardiovascular response for Simulador SiMmom SN:010010
pmsr:CPI1859773671372,pmsr:/COM17860549784667900,ncit:C16830/CTS/0001,0001,pmsr:INI1784603367310,Sistema de Gestão do Centro de Simulação Laerdal SimCapture SN:010011,,final-curated-fallback-function-only,State detector for monitoring simulator condition changes for Sistema de Gestão do Centro de Simulação Laerdal SimCapture SN:010011,Primary state detector for simulator condition monitoring
pmsr:CPI2253090986397,pmsr:/COM17860549784667940,ncit:C16830/CTS/0002,0002,pmsr:INI1784603367310,Sistema de Gestão do Centro de Simulação Laerdal SimCapture SN:010011,,final-curated-fallback-function-only,Response actuator for driving simulator state changes for Sistema de Gestão do Centro de Simulação Laerdal SimCapture SN:010011,Primary response actuator for simulator state control
pmsr:CPI8347989276966,pmsr:/COM909d6d9cdb98cf3b5,ncit:C16830/CTS/0003,0003,pmsr:INI1784603367310,Sistema de Gestão do Centro de Simulação Laerdal SimCapture SN:010011,Medical Device Interaction Event Detector,component-evidence-name,Simulation support component for Sistema de Gestão do Centro de Simulação Laerdal SimCapture SN:010011,Interaction event detector for tracking learner actions for Sistema de Gestão do Centro de Simulação Laerdal SimCapture SN:010011
pmsr:CPI0623870372289,pmsr:/COM17860549784665130,pmsr:/INS1739402037946315/CTS/0001,0001,pmsr:INI1784603367311,Braços de Punção SN:020001,,final-curated-fallback-function-only,State detector for monitoring simulator condition changes for Braços de Punção SN:020001,Primary state detector for simulator condition monitoring
pmsr:CPI9865311206588,pmsr:/COM17860549784665170,pmsr:/INS1739402037946315/CTS/0002,0002,pmsr:INI1784603367311,Braços de Punção SN:020001,,final-curated-fallback-function-only,Response actuator for driving simulator state changes for Braços de Punção SN:020001,Primary response actuator for simulator state control
pmsr:CPI6512709874532,pmsr:/COM9727fb50145c10e09,pmsr:/INS1739402037946315/CTS/0003,0003,pmsr:INI1784603367311,Braços de Punção SN:020001,IV Fluid Administration Interaction Event Detector,component-evidence-name,Simulation support component for Braços de Punção SN:020001,Interaction event detector for tracking learner actions for Braços de Punção SN:020001
pmsr:CPI9399113140977,pmsr:/COM9ab325b780c153c16,pmsr:/INS1739402037946315/CTS/0004,0004,pmsr:INI1784603367311,Braços de Punção SN:020001,IV Fluid Administration Airway Pressure Detector,component-evidence-name,Simulation support component for Braços de Punção SN:020001,Airway pressure detector for monitoring ventilation pressure for Braços de Punção SN:020001
pmsr:CPI4096486450829,pmsr:/COM9a6077a472e113288,pmsr:/INS1739402037946315/CTS/0005,0005,pmsr:INI1784603367311,Braços de Punção SN:020001,IV Fluid Administration Pulse Rate Detector,component-evidence-name,Simulation support component for Braços de Punção SN:020001,Pulse rate detector for monitoring cardiovascular response for Braços de Punção SN:020001
pmsr:CPI4994238556838,pmsr:/COM17860549784664950,pmsr:/INS1739287159797795/CTS/0001,0001,pmsr:INI1784603367315,Manequim de Alta Fidelidade SN:020004,,final-curated-fallback-function-only,State detector for monitoring simulator condition changes for Manequim de Alta Fidelidade SN:020004,Primary state detector for simulator condition monitoring
pmsr:CPI4787832911889,pmsr:/COM17860549784664990,pmsr:/INS1739287159797795/CTS/0002,0002,pmsr:INI1784603367315,Manequim de Alta Fidelidade SN:020004,,final-curated-fallback-function-only,Response actuator for driving simulator state changes for Manequim de Alta Fidelidade SN:020004,Primary response actuator for simulator state control
pmsr:CPI2281326022504,pmsr:/COM95611eb2ed74ee103,pmsr:/INS1739287159797795/CTS/0003,0003,pmsr:INI1784603367315,Manequim de Alta Fidelidade SN:020004,High-Fidelity Mannequin Interaction Event Detector,component-evidence-name,Simulation support component for Manequim de Alta Fidelidade SN:020004,Interaction event detector for tracking learner actions for Manequim de Alta Fidelidade SN:020004
pmsr:CPI3597369145089,pmsr:/COM9f42e00a4b3026528,pmsr:/INS1739287159797795/CTS/0004,0004,pmsr:INI1784603367315,Manequim de Alta Fidelidade SN:020004,High-Fidelity Mannequin Airway Pressure Detector,component-evidence-name,Simulation support component for Manequim de Alta Fidelidade SN:020004,Airway pressure detector for monitoring ventilation pressure for Manequim de Alta Fidelidade SN:020004
pmsr:CPI0633475249818,pmsr:/COM92177208ccc4e22b1,pmsr:/INS1739287159797795/CTS/0005,0005,pmsr:INI1784603367315,Manequim de Alta Fidelidade SN:020004,High-Fidelity Mannequin Pulse Rate Detector,component-evidence-name,Simulation support component for Manequim de Alta Fidelidade SN:020004,Pulse rate detector for monitoring cardiovascular response for Manequim de Alta Fidelidade SN:020004
pmsr:CPI7414032128338,pmsr:/COM9137c395895688068,pmsr:/INS1739287159797795/CTS/0006,0006,pmsr:INI1784603367315,Manequim de Alta Fidelidade SN:020004,High-Fidelity Mannequin Applied Force Detector,component-evidence-name,Simulation support component for Manequim de Alta Fidelidade SN:020004,Applied force detector for monitoring procedural force application for Manequim de Alta Fidelidade SN:020004
pmsr:CPI0895558623467,pmsr:/COM9627985a5056f2d15,pmsr:/INS1739287159797795/CTS/0007,0007,pmsr:INI1784603367315,Manequim de Alta Fidelidade SN:020004,High-Fidelity Mannequin Venous Flashback Detector,component-evidence-name,Simulation support component for Manequim de Alta Fidelidade SN:020004,Venous flashback detector for confirming vascular access events for Manequim de Alta Fidelidade SN:020004
pmsr:CPI4959287739038,pmsr:/COM94748f0031a7167ca,pmsr:/INS1739287159797795/CTS/0008,0008,pmsr:INI1784603367315,Manequim de Alta Fidelidade SN:020004,High-Fidelity Mannequin Procedure Completion Detector,component-evidence-name,Simulation support component for Manequim de Alta Fidelidade SN:020004,Procedure completion detector for validating successful procedure end state for Manequim de Alta Fidelidade SN:020004
pmsr:CPI1439975530044,pmsr:/COM91aa7b31291992fbb,pmsr:/INS1739287159797795/CTS/0009,0009,pmsr:INI1784603367315,Manequim de Alta Fidelidade SN:020004,High-Fidelity Mannequin Ventilation Flow Detector,component-evidence-name,Simulation support component for Manequim de Alta Fidelidade SN:020004,Ventilation flow detector for tracking inspiratory and expiratory flow for Manequim de Alta Fidelidade SN:020004
pmsr:CPI1727937792165,pmsr:/COM17860549784667900,ncit:C16830/CTS/0001,0001,pmsr:INI1784603367318,Quadro interativo com suporte (horizontal e vertical) SN:020006,,final-curated-fallback-function-only,State detector for monitoring simulator condition changes for Quadro interativo com suporte (horizontal e vertical) SN:020006,Primary state detector for simulator condition monitoring
pmsr:CPI3191918955887,pmsr:/COM17860549784667940,ncit:C16830/CTS/0002,0002,pmsr:INI1784603367318,Quadro interativo com suporte (horizontal e vertical) SN:020006,,final-curated-fallback-function-only,Response actuator for driving simulator state changes for Quadro interativo com suporte (horizontal e vertical) SN:020006,Primary response actuator for simulator state control
pmsr:CPI4011589132025,pmsr:/COM909d6d9cdb98cf3b5,ncit:C16830/CTS/0003,0003,pmsr:INI1784603367318,Quadro interativo com suporte (horizontal e vertical) SN:020006,Medical Device Interaction Event Detector,component-evidence-name,Simulation support component for Quadro interativo com suporte (horizontal e vertical) SN:020006,Interaction event detector for tracking learner actions for Quadro interativo com suporte (horizontal e vertical) SN:020006
pmsr:CPI9730729095186,pmsr:/COM17860549784665130,pmsr:/INS1739402037946315/CTS/0001,0001,pmsr:INI1784603367319,Simulador de punção arterial SN:020007,,final-curated-fallback-function-only,State detector for monitoring simulator condition changes for Simulador de punção arterial SN:020007,Primary state detector for simulator condition monitoring
pmsr:CPI7531189791841,pmsr:/COM17860549784665170,pmsr:/INS1739402037946315/CTS/0002,0002,pmsr:INI1784603367319,Simulador de punção arterial SN:020007,,final-curated-fallback-function-only,Response actuator for driving simulator state changes for Simulador de punção arterial SN:020007,Primary response actuator for simulator state control
pmsr:CPI3770204403126,pmsr:/COM9727fb50145c10e09,pmsr:/INS1739402037946315/CTS/0003,0003,pmsr:INI1784603367319,Simulador de punção arterial SN:020007,IV Fluid Administration Interaction Event Detector,component-evidence-name,Simulation support component for Simulador de punção arterial SN:020007,Interaction event detector for tracking learner actions for Simulador de punção arterial SN:020007
pmsr:CPI7320959297108,pmsr:/COM9ab325b780c153c16,pmsr:/INS1739402037946315/CTS/0004,0004,pmsr:INI1784603367319,Simulador de punção arterial SN:020007,IV Fluid Administration Airway Pressure Detector,component-evidence-name,Simulation support component for Simulador de punção arterial SN:020007,Airway pressure detector for monitoring ventilation pressure for Simulador de punção arterial SN:020007
pmsr:CPI5891277925627,pmsr:/COM9a6077a472e113288,pmsr:/INS1739402037946315/CTS/0005,0005,pmsr:INI1784603367319,Simulador de punção arterial SN:020007,IV Fluid Administration Pulse Rate Detector,component-evidence-name,Simulation support component for Simulador de punção arterial SN:020007,Pulse rate detector for monitoring cardiovascular response for Simulador de punção arterial SN:020007
pmsr:CPI7493558478295,pmsr:/COM17860549784667900,ncit:C16830/CTS/0001,0001,pmsr:INI1784603367384,Matriz video HDMI (4 saidas) SN:030026,,final-curated-fallback-function-only,State detector for monitoring simulator condition changes for Matriz video HDMI (4 saidas) SN:030026,Primary state detector for simulator condition monitoring
pmsr:CPI6867485417949,pmsr:/COM17860549784667940,ncit:C16830/CTS/0002,0002,pmsr:INI1784603367384,Matriz video HDMI (4 saidas) SN:030026,,final-curated-fallback-function-only,Response actuator for driving simulator state changes for Matriz video HDMI (4 saidas) SN:030026,Primary response actuator for simulator state control
pmsr:CPI4683371670783,pmsr:/COM909d6d9cdb98cf3b5,ncit:C16830/CTS/0003,0003,pmsr:INI1784603367384,Matriz video HDMI (4 saidas) SN:030026,Medical Device Interaction Event Detector,component-evidence-name,Simulation support component for Matriz video HDMI (4 saidas) SN:030026,Interaction event detector for tracking learner actions for Matriz video HDMI (4 saidas) SN:030026
pmsr:CPI0772102111631,pmsr:/COM17860549784667900,ncit:C16830/CTS/0001,0001,pmsr:INI1784603367392,Projetor Video (suporte teto) SN:030032,,final-curated-fallback-function-only,State detector for monitoring simulator condition changes for Projetor Video (suporte teto) SN:030032,Primary state detector for simulator condition monitoring
pmsr:CPI3050197675999,pmsr:/COM17860549784667940,ncit:C16830/CTS/0002,0002,pmsr:INI1784603367392,Projetor Video (suporte teto) SN:030032,,final-curated-fallback-function-only,Response actuator for driving simulator state changes for Projetor Video (suporte teto) SN:030032,Primary response actuator for simulator state control
pmsr:CPI8390915538559,pmsr:/COM909d6d9cdb98cf3b5,ncit:C16830/CTS/0003,0003,pmsr:INI1784603367392,Projetor Video (suporte teto) SN:030032,Medical Device Interaction Event Detector,component-evidence-name,Simulation support component for Projetor Video (suporte teto) SN:030032,Interaction event detector for tracking learner actions for Projetor Video (suporte teto) SN:030032
pmsr:CPI8983229331667,pmsr:/COM17860549784669200,pmsr:/INS1739303333850795/CTS/0001,0001,pmsr:INI1784603367394,Simulador de adulto para o ensino de procedimentos fundamentais de cuidados de emergência pré e intra-hospitalares SN:030033,,final-curated-fallback-function-only,State detector for monitoring simulator condition changes for Simulador de adulto para o ensino de procedimentos fundamentais de cuidados de emergência pré e intra-hospitalares SN:030033,Primary state detector for simulator condition monitoring
pmsr:CPI5539999225394,pmsr:/COM17860549784669250,pmsr:/INS1739303333850795/CTS/0002,0002,pmsr:INI1784603367394,Simulador de adulto para o ensino de procedimentos fundamentais de cuidados de emergência pré e intra-hospitalares SN:030033,,final-curated-fallback-function-only,Response actuator for driving simulator state changes for Simulador de adulto para o ensino de procedimentos fundamentais de cuidados de emergência pré e intra-hospitalares SN:030033,Primary response actuator for simulator state control
pmsr:CPI1842800880829,pmsr:/COM90e709ed6a7da646e,pmsr:/INS1739303333850795/CTS/0003,0003,pmsr:INI1784603367394,Simulador de adulto para o ensino de procedimentos fundamentais de cuidados de emergência pré e intra-hospitalares SN:030033,Oncology Care Simulator Interaction Event Detector,component-evidence-name,Simulation support component for Simulador de adulto para o ensino de procedimentos fundamentais de cuidados de emergência pré e intra-hospitalares SN:030033,Interaction event detector for tracking learner actions for Simulador de adulto para o ensino de procedimentos fundamentais de cuidados de emergência pré e intra-hospitalares SN:030033
pmsr:CPI6724792588274,pmsr:/COM93b9e9e42e8ce92e6,pmsr:/INS1739303333850795/CTS/0004,0004,pmsr:INI1784603367394,Simulador de adulto para o ensino de procedimentos fundamentais de cuidados de emergência pré e intra-hospitalares SN:030033,Oncology Care Simulator Airway Pressure Detector,component-evidence-name,Simulation support component for Simulador de adulto para o ensino de procedimentos fundamentais de cuidados de emergência pré e intra-hospitalares SN:030033,Airway pressure detector for monitoring ventilation pressure for Simulador de adulto para o ensino de procedimentos fundamentais de cuidados de emergência pré e intra-hospitalares SN:030033
pmsr:CPI5744471765713,pmsr:/COM9c53e672a8d78deb3,pmsr:/INS1739303333850795/CTS/0005,0005,pmsr:INI1784603367394,Simulador de adulto para o ensino de procedimentos fundamentais de cuidados de emergência pré e intra-hospitalares SN:030033,Oncology Care Simulator Pulse Rate Detector,component-evidence-name,Simulation support component for Simulador de adulto para o ensino de procedimentos fundamentais de cuidados de emergência pré e intra-hospitalares SN:030033,Pulse rate detector for monitoring cardiovascular response for Simulador de adulto para o ensino de procedimentos fundamentais de cuidados de emergência pré e intra-hospitalares SN:030033
pmsr:CPI7755700508445,pmsr:/COM1786054978466312000,pmsr:/INS1739301711235865/CTS/0001,0001,pmsr:INI1784603367395,Simulador de Aparelho de Anestesia SN:030034,Care Simulators Detector,component-evidence-name,Simulation state detection sensor for Simulador de Aparelho de Anestesia SN:030034,State detector for monitoring simulator condition changes for Simulador de Aparelho de Anestesia SN:030034
pmsr:CPI3789075584397,pmsr:/COM1786054978466316000,pmsr:/INS1739301711235865/CTS/0002,0002,pmsr:INI1784603367395,Simulador de Aparelho de Anestesia SN:030034,Care Simulators Actuator,component-evidence-name,Simulation response actuator for Simulador de Aparelho de Anestesia SN:030034,Response actuator for driving simulator state changes for Simulador de Aparelho de Anestesia SN:030034
pmsr:CPI6867798450215,pmsr:/COM9c9998b0d6c57586e,pmsr:/INS1739301711235865/CTS/0003,0003,pmsr:INI1784603367395,Simulador de Aparelho de Anestesia SN:030034,Care Simulators Interaction Event Detector,component-evidence-name,Interaction event tracking sensor for Simulador de Aparelho de Anestesia SN:030034,Interaction event detector for tracking learner actions for Simulador de Aparelho de Anestesia SN:030034
pmsr:CPI5324275116913,pmsr:/COM9c44ff66ece930aee,pmsr:/INS1739301711235865/CTS/0004,0004,pmsr:INI1784603367395,Simulador de Aparelho de Anestesia SN:030034,Care Simulators Airway Pressure Detector,component-evidence-name,Airway pressure monitoring sensor for Simulador de Aparelho de Anestesia SN:030034,Airway pressure detector for monitoring ventilation pressure for Simulador de Aparelho de Anestesia SN:030034
pmsr:CPI9871562720273,pmsr:/COM9edd3c7ab12ea1a73,pmsr:/INS1739301711235865/CTS/0005,0005,pmsr:INI1784603367395,Simulador de Aparelho de Anestesia SN:030034,Care Simulators Pulse Rate Detector,component-evidence-name,Pulse rate monitoring sensor for Simulador de Aparelho de Anestesia SN:030034,Pulse rate detector for monitoring cardiovascular response for Simulador de Aparelho de Anestesia SN:030034
pmsr:CPI4993046457315,pmsr:/COM1738099771423295,pmsr:/INS1739823398493725/CTS/0001,0001,pmsr:INI1784603367396,Simulador de cuidados pediátricos SN:030035,Skill Guide Device  -- CB:EMPTY,manual-precise-correction-18-rows,Guidance interface module for learner feedback and procedural support for Simulador de cuidados pediátricos SN:030035,Learner guidance status detector for procedural coaching workflow
pmsr:CPI8646640246338,pmsr:/COM1738100153764155,pmsr:/INS1739823398493725/CTS/0002,0002,pmsr:INI1784603367396,Simulador de cuidados pediátricos SN:030035,SimPad Device  -- CB:EMPTY,manual-precise-correction-18-rows,Simulation control interface module for scenario orchestration for Simulador de cuidados pediátricos SN:030035,Scenario control actuator for simulation state orchestration
pmsr:CPI8558472829405,pmsr:/COM1738187586682545,pmsr:/INS1739823398493725/CTS/0003,0003,pmsr:INI1784603367396,Simulador de cuidados pediátricos SN:030035,Electrode  -- CB:Eletrodes Adult,manual-precise-correction-18-rows,Electrode module for electrical signal interface and detection for Simulador de cuidados pediátricos SN:030035,Adult electrode signal detector for interaction event monitoring
pmsr:CPI7745152578956,pmsr:/COM1738187818694655,pmsr:/INS1739823398493725/CTS/0004,0004,pmsr:INI1784603367396,Simulador de cuidados pediátricos SN:030035,Electrode  -- CB:Eletrodes Pediatric,manual-precise-correction-18-rows,Electrode module for electrical signal interface and detection for Simulador de cuidados pediátricos SN:030035,Pediatric electrode signal detector for airway pressure event monitoring
pmsr:CPI2144063537106,pmsr:/COM1738188452521625,pmsr:/INS1739823398493725/CTS/0005,0005,pmsr:INI1784603367396,Simulador de cuidados pediátricos SN:030035,DAE Trainer  -- CB:EMPTY,manual-precise-correction-18-rows,Defibrillation training module for AED interaction practice for Simulador de cuidados pediátricos SN:030035,Pulse rate detector for AED training response monitoring
pmsr:CPI1461803921370,pmsr:/COM1739399134970895,pmsr:/INS1739823398493725/CTS/0006,0006,pmsr:INI1784603367396,Simulador de cuidados pediátricos SN:030035,Microphone  -- CB:EMPTY,manual-precise-correction-18-rows,Audio capture module for recording interaction and instruction context for Simulador de cuidados pediátricos SN:030035,Applied force detector for procedural force feedback monitoring
pmsr:CPI2601531358880,pmsr:/COM17860549784666470,pmsr:/INS1739823398493725/CTS/0007,0007,pmsr:INI1784603367396,Simulador de cuidados pediátricos SN:030035,,final-curated-fallback-function-only,Venous flashback detector for confirming vascular access events for Simulador de cuidados pediátricos SN:030035,Venous flashback detector for vascular access confirmation
pmsr:CPI0966030531262,pmsr:/COM17860549784666520,pmsr:/INS1739823398493725/CTS/0008,0008,pmsr:INI1784603367396,Simulador de cuidados pediátricos SN:030035,,final-curated-fallback-function-only,Procedure completion detector for validating successful procedure end state for Simulador de cuidados pediátricos SN:030035,Procedure completion detector for simulation end-state validation
pmsr:CPI0006359737502,pmsr:/COM99b3a72b8d17baa57,pmsr:/INS1739823398493725/CTS/0009,0009,pmsr:INI1784603367396,Simulador de cuidados pediátricos SN:030035,Laerdal Nursing Anne Mannequin Interaction Event Detector,component-evidence-name,Simulation support component for Simulador de cuidados pediátricos SN:030035,Interaction event detector for tracking learner actions for Simulador de cuidados pediátricos SN:030035
pmsr:CPI0440319327143,pmsr:/COM931d6340657316a0e,pmsr:/INS1739823398493725/CTS/0001,0001,pmsr:INI1784603367396,Simulador de cuidados pediátricos SN:030035,Laerdal Nursing Anne Mannequin Airway Pressure Detector,component-evidence-name,Simulation support component for Simulador de cuidados pediátricos SN:030035,Airway pressure detector for monitoring ventilation pressure for Simulador de cuidados pediátricos SN:030035
pmsr:CPI0136046806851,pmsr:/COM9ccf75d269b2b6120,pmsr:/INS1739823398493725/CTS/0001,0001,pmsr:INI1784603367396,Simulador de cuidados pediátricos SN:030035,Laerdal Nursing Anne Mannequin Pulse Rate Detector,component-evidence-name,Simulation support component for Simulador de cuidados pediátricos SN:030035,Pulse rate detector for monitoring cardiovascular response for Simulador de cuidados pediátricos SN:030035
pmsr:CPI5311979021688,pmsr:/COM1786054978466312000,pmsr:/INS1739301711235865/CTS/0001,0001,pmsr:INI1784603367398,"Simulador de Emergência, Trauma e SAV SN:030036",Care Simulators Detector,component-evidence-name,"Simulation state detection sensor for Simulador de Emergência, Trauma e SAV SN:030036","State detector for monitoring simulator condition changes for Simulador de Emergência, Trauma e SAV SN:030036"
pmsr:CPI3070835339083,pmsr:/COM1786054978466316000,pmsr:/INS1739301711235865/CTS/0002,0002,pmsr:INI1784603367398,"Simulador de Emergência, Trauma e SAV SN:030036",Care Simulators Actuator,component-evidence-name,"Simulation response actuator for Simulador de Emergência, Trauma e SAV SN:030036","Response actuator for driving simulator state changes for Simulador de Emergência, Trauma e SAV SN:030036"
pmsr:CPI8860277958719,pmsr:/COM9c9998b0d6c57586e,pmsr:/INS1739301711235865/CTS/0003,0003,pmsr:INI1784603367398,"Simulador de Emergência, Trauma e SAV SN:030036",Care Simulators Interaction Event Detector,component-evidence-name,"Interaction event tracking sensor for Simulador de Emergência, Trauma e SAV SN:030036","Interaction event detector for tracking learner actions for Simulador de Emergência, Trauma e SAV SN:030036"
pmsr:CPI9443807470923,pmsr:/COM9c44ff66ece930aee,pmsr:/INS1739301711235865/CTS/0004,0004,pmsr:INI1784603367398,"Simulador de Emergência, Trauma e SAV SN:030036",Care Simulators Airway Pressure Detector,component-evidence-name,"Airway pressure monitoring sensor for Simulador de Emergência, Trauma e SAV SN:030036","Airway pressure detector for monitoring ventilation pressure for Simulador de Emergência, Trauma e SAV SN:030036"
pmsr:CPI9524783864321,pmsr:/COM9edd3c7ab12ea1a73,pmsr:/INS1739301711235865/CTS/0005,0005,pmsr:INI1784603367398,"Simulador de Emergência, Trauma e SAV SN:030036",Care Simulators Pulse Rate Detector,component-evidence-name,"Pulse rate monitoring sensor for Simulador de Emergência, Trauma e SAV SN:030036","Pulse rate detector for monitoring cardiovascular response for Simulador de Emergência, Trauma e SAV SN:030036"
pmsr:CPI4176873794183,pmsr:/COM17860549784660680,pmsr:/INS1739398437257165/CTS/0001,0001,pmsr:INI1784603367399,Simulador de Ventilador SN:030037,,final-curated-fallback-function-only,State detector for monitoring simulator condition changes for Simulador de Ventilador SN:030037,Primary state detector for simulator condition monitoring
pmsr:CPI9273696290364,pmsr:/COM17860549784660740,pmsr:/INS1739398437257165/CTS/0002,0002,pmsr:INI1784603367399,Simulador de Ventilador SN:030037,,final-curated-fallback-function-only,Response actuator for driving simulator state changes for Simulador de Ventilador SN:030037,Primary response actuator for simulator state control
pmsr:CPI1991268707638,pmsr:/COM9ffcd363eade12c3c,pmsr:/INS1739398437257165/CTS/0003,0003,pmsr:INI1784603367399,Simulador de Ventilador SN:030037,Airway Simulator Airway Pressure Detector,component-evidence-name,Simulation support component for Simulador de Ventilador SN:030037,Airway pressure detector for monitoring ventilation pressure for Simulador de Ventilador SN:030037
pmsr:CPI7371606432175,pmsr:/COM950b3d31e301fbc7e,pmsr:/INS1739398437257165/CTS/0004,0004,pmsr:INI1784603367399,Simulador de Ventilador SN:030037,Airway Simulator Pulse Rate Detector,component-evidence-name,Simulation support component for Simulador de Ventilador SN:030037,Pulse rate detector for monitoring cardiovascular response for Simulador de Ventilador SN:030037
pmsr:CPI9139440549524,pmsr:/COM935fb928072e9f557,pmsr:/INS1739398437257165/CTS/0005,0005,pmsr:INI1784603367399,Simulador de Ventilador SN:030037,Airway Simulator Applied Force Detector,component-evidence-name,Simulation support component for Simulador de Ventilador SN:030037,Applied force detector for monitoring procedural force application for Simulador de Ventilador SN:030037
pmsr:CPI4381689061709,pmsr:/COM17860549784667900,ncit:C16830/CTS/0001,0001,pmsr:INI1784603367408,Mesa Body Interact SN:040005,,final-curated-fallback-function-only,State detector for monitoring simulator condition changes for Mesa Body Interact SN:040005,Primary state detector for simulator condition monitoring
pmsr:CPI9028854397760,pmsr:/COM17860549784667940,ncit:C16830/CTS/0002,0002,pmsr:INI1784603367408,Mesa Body Interact SN:040005,,final-curated-fallback-function-only,Response actuator for driving simulator state changes for Mesa Body Interact SN:040005,Primary response actuator for simulator state control
pmsr:CPI4222516593397,pmsr:/COM909d6d9cdb98cf3b5,ncit:C16830/CTS/0003,0003,pmsr:INI1784603367408,Mesa Body Interact SN:040005,Medical Device Interaction Event Detector,component-evidence-name,Simulation support component for Mesa Body Interact SN:040005,Interaction event detector for tracking learner actions for Mesa Body Interact SN:040005
pmsr:CPI2864303280713,pmsr:/COM17860549784661540,pmsr:/INS1739452063713965/CTS/0001,0001,pmsr:INI1784603367410,Mesa de anatomia SN:040006,,final-curated-fallback-function-only,State detector for monitoring simulator condition changes for Mesa de anatomia SN:040006,Primary state detector for simulator condition monitoring
pmsr:CPI0770894877249,pmsr:/COM17860549784661570,pmsr:/INS1739452063713965/CTS/0002,0002,pmsr:INI1784603367410,Mesa de anatomia SN:040006,,final-curated-fallback-function-only,Response actuator for driving simulator state changes for Mesa de anatomia SN:040006,Primary response actuator for simulator state control
pmsr:CPI4513236969729,pmsr:/COM9b2164f02cfa26970,pmsr:/INS1739452063713965/CTS/0003,0003,pmsr:INI1784603367410,Mesa de anatomia SN:040006,Anatomage Table Simulator Probe Contact Detector,component-evidence-name,Simulation support component for Mesa de anatomia SN:040006,Probe contact detector for verifying probe-to-surface contact quality for Mesa de anatomia SN:040006
pmsr:CPI1365971430833,pmsr:/COM17860549784663440,pmsr:/INS1739287212610855/CTS/0001,0001,pmsr:INI1784603367411,Modelo Dani SN:040007,,final-curated-fallback-function-only,State detector for monitoring simulator condition changes for Modelo Dani SN:040007,Primary state detector for simulator condition monitoring
pmsr:CPI7628039196174,pmsr:/COM17860549784663480,pmsr:/INS1739287212610855/CTS/0002,0002,pmsr:INI1784603367411,Modelo Dani SN:040007,,final-curated-fallback-function-only,Response actuator for driving simulator state changes for Modelo Dani SN:040007,Primary response actuator for simulator state control
pmsr:CPI6677859355720,pmsr:/COM9353c22c5ba75ca42,pmsr:/INS1739287212610855/CTS/0003,0003,pmsr:INI1784603367411,Modelo Dani SN:040007,Dani Model Scenario State Detector,component-evidence-name,Simulation support component for Modelo Dani SN:040007,State detector for monitoring simulator condition changes for Modelo Dani SN:040007
pmsr:CPI0293589897545,pmsr:/COM97d2086a75ab53ee1,pmsr:/INS1739287212610855/CTS/0004,0004,pmsr:INI1784603367411,Modelo Dani SN:040007,Dani Model Airway Pressure Detector,component-evidence-name,Simulation support component for Modelo Dani SN:040007,Airway pressure detector for monitoring ventilation pressure for Modelo Dani SN:040007
pmsr:CPI9314650810153,pmsr:/COM91b861f9b1f5aaed2,pmsr:/INS1739287212610855/CTS/0005,0005,pmsr:INI1784603367411,Modelo Dani SN:040007,Dani Model Pulse Rate Detector,component-evidence-name,Simulation support component for Modelo Dani SN:040007,Pulse rate detector for monitoring cardiovascular response for Modelo Dani SN:040007
pmsr:CPI2122596505475,pmsr:/COM9e21c24b6f5f817b7,pmsr:/INS1739287212610855/CTS/0006,0006,pmsr:INI1784603367411,Modelo Dani SN:040007,Dani Model Applied Force Detector,component-evidence-name,Simulation support component for Modelo Dani SN:040007,Applied force detector for monitoring procedural force application for Modelo Dani SN:040007
pmsr:CPI3743467719193,pmsr:/COM9a0cace6ab8fdc335,pmsr:/INS1739287212610855/CTS/0007,0007,pmsr:INI1784603367411,Modelo Dani SN:040007,Dani Model Venous Flashback Detector,component-evidence-name,Simulation support component for Modelo Dani SN:040007,Venous flashback detector for confirming vascular access events for Modelo Dani SN:040007
pmsr:CPI2244282994546,pmsr:/COM91cc68152e810d31e,pmsr:/INS1739287212610855/CTS/0008,0008,pmsr:INI1784603367411,Modelo Dani SN:040007,Dani Model Action Sequence Detector,component-evidence-name,Simulation support component for Modelo Dani SN:040007,Action sequence detector for checking step order compliance for Modelo Dani SN:040007
pmsr:CPI4219020335017,pmsr:/COM9e988edbc795ec972,pmsr:/INS1739287212610855/CTS/0009,0009,pmsr:INI1784603367411,Modelo Dani SN:040007,Dani Model Ventilation Flow Detector,component-evidence-name,Simulation support component for Modelo Dani SN:040007,Ventilation flow detector for tracking inspiratory and expiratory flow for Modelo Dani SN:040007
pmsr:CPI9455826013197,pmsr:/COM17860549784668110,pmsr:/INS1739287092102085/CTS/0001,0001,pmsr:INI1784603367412,Modelo Suporte Avançado de Vida SN:040008,,final-curated-fallback-function-only,State detector for monitoring simulator condition changes for Modelo Suporte Avançado de Vida SN:040008,Primary state detector for simulator condition monitoring
pmsr:CPI5655877320506,pmsr:/COM17860549784668170,pmsr:/INS1739287092102085/CTS/0002,0002,pmsr:INI1784603367412,Modelo Suporte Avançado de Vida SN:040008,,final-curated-fallback-function-only,Response actuator for driving simulator state changes for Modelo Suporte Avançado de Vida SN:040008,Primary response actuator for simulator state control
pmsr:CPI5031703244415,pmsr:/COM9c87dd2ffb8889986,pmsr:/INS1739287092102085/CTS/0003,0003,pmsr:INI1784603367412,Modelo Suporte Avançado de Vida SN:040008,Medical Examination Simulators Interaction Event Detector,component-evidence-name,Simulation support component for Modelo Suporte Avançado de Vida SN:040008,Interaction event detector for tracking learner actions for Modelo Suporte Avançado de Vida SN:040008
pmsr:CPI2548473017265,pmsr:/COM9dc7088e7b0c6b1d9,pmsr:/INS1739287092102085/CTS/0004,0004,pmsr:INI1784603367412,Modelo Suporte Avançado de Vida SN:040008,Medical Examination Simulators Airway Pressure Detector,component-evidence-name,Simulation support component for Modelo Suporte Avançado de Vida SN:040008,Airway pressure detector for monitoring ventilation pressure for Modelo Suporte Avançado de Vida SN:040008
pmsr:CPI0747095672108,pmsr:/COM91841a32f2e6095c0,pmsr:/INS1739287092102085/CTS/0005,0005,pmsr:INI1784603367412,Modelo Suporte Avançado de Vida SN:040008,Medical Examination Simulators Pulse Rate Detector,component-evidence-name,Simulation support component for Modelo Suporte Avançado de Vida SN:040008,Pulse rate detector for monitoring cardiovascular response for Modelo Suporte Avançado de Vida SN:040008
pmsr:CPI4450986902265,pmsr:/COM17860549784662970,pmsr:/INS1739392182337835/CTS/0001,0001,pmsr:INI1784603367413,Monitor Cardíaco de simulação SN:040009,,final-curated-fallback-function-only,State detector for monitoring simulator condition changes for Monitor Cardíaco de simulação SN:040009,Primary state detector for simulator condition monitoring
pmsr:CPI0389910759528,pmsr:/COM17860549784663010,pmsr:/INS1739392182337835/CTS/0002,0002,pmsr:INI1784603367413,Monitor Cardíaco de simulação SN:040009,,final-curated-fallback-function-only,Response actuator for driving simulator state changes for Monitor Cardíaco de simulação SN:040009,Primary response actuator for simulator state control
pmsr:CPI5068976863019,pmsr:/COM95a5e3eb50affb204,pmsr:/INS1739392182337835/CTS/0003,0003,pmsr:INI1784603367413,Monitor Cardíaco de simulação SN:040009,Cardiac Procedure Simulator Pulse Rate Detector,component-evidence-name,Simulation support component for Monitor Cardíaco de simulação SN:040009,Pulse rate detector for monitoring cardiovascular response for Monitor Cardíaco de simulação SN:040009
pmsr:CPI4834668697205,pmsr:/COM9af58efb3d975da63,pmsr:/INS1739392182337835/CTS/0004,0004,pmsr:INI1784603367413,Monitor Cardíaco de simulação SN:040009,Cardiac Procedure Simulator Airway Pressure Detector,component-evidence-name,Simulation support component for Monitor Cardíaco de simulação SN:040009,Airway pressure detector for monitoring ventilation pressure for Monitor Cardíaco de simulação SN:040009
pmsr:CPI8589205604205,pmsr:/COM905b86b9e5409690b,pmsr:/INS1739392182337835/CTS/0005,0005,pmsr:INI1784603367413,Monitor Cardíaco de simulação SN:040009,Cardiac Procedure Simulator Applied Force Detector,component-evidence-name,Simulation support component for Monitor Cardíaco de simulação SN:040009,Applied force detector for monitoring procedural force application for Monitor Cardíaco de simulação SN:040009
pmsr:CPI4552357899323,pmsr:/COM17860549784667460,pmsr:/INS1739403078441215/CTS/0001,0001,pmsr:INI1784603367415,Simulador de Ecografia SN:040010,,final-curated-fallback-function-only,State detector for monitoring simulator condition changes for Simulador de Ecografia SN:040010,Primary state detector for simulator condition monitoring
pmsr:CPI8127858214691,pmsr:/COM17860549784667520,pmsr:/INS1739403078441215/CTS/0002,0002,pmsr:INI1784603367415,Simulador de Ecografia SN:040010,,final-curated-fallback-function-only,Response actuator for driving simulator state changes for Simulador de Ecografia SN:040010,Primary response actuator for simulator state control
pmsr:CPI3916594709323,pmsr:/COM9c6cddcd7be6dfeed,pmsr:/INS1739403078441215/CTS/0003,0003,pmsr:INI1784603367415,Simulador de Ecografia SN:040010,Male Genitalia Catherization Simulator Interaction Event Detector,component-evidence-name,Simulation support component for Simulador de Ecografia SN:040010,Interaction event detector for tracking learner actions for Simulador de Ecografia SN:040010
pmsr:CPI8150194616132,pmsr:/COM90535c42b737ab252,pmsr:/INS1739403078441215/CTS/0004,0004,pmsr:INI1784603367415,Simulador de Ecografia SN:040010,Male Genitalia Catherization Simulator Airway Pressure Detector,component-evidence-name,Simulation support component for Simulador de Ecografia SN:040010,Airway pressure detector for monitoring ventilation pressure for Simulador de Ecografia SN:040010
pmsr:CPI0187399016646,pmsr:/COM925add590b39e6766,pmsr:/INS1739403078441215/CTS/0005,0005,pmsr:INI1784603367415,Simulador de Ecografia SN:040010,Male Genitalia Catherization Simulator Pulse Rate Detector,component-evidence-name,Simulation support component for Simulador de Ecografia SN:040010,Pulse rate detector for monitoring cardiovascular response for Simulador de Ecografia SN:040010
pmsr:CPI0737313053098,pmsr:/COM92bc236a1eff684d6,pmsr:/INS1739403078441215/CTS/0006,0006,pmsr:INI1784603367415,Simulador de Ecografia SN:040010,Male Genitalia Catherization Simulator Applied Force Detector,component-evidence-name,Simulation support component for Simulador de Ecografia SN:040010,Applied force detector for monitoring procedural force application for Simulador de Ecografia SN:040010
pmsr:CPI4057142053643,pmsr:/COM9fe390ee21f9c6e69,pmsr:/INS1739403078441215/CTS/0007,0007,pmsr:INI1784603367415,Simulador de Ecografia SN:040010,Male Genitalia Catherization Simulator Venous Flashback Detector,component-evidence-name,Simulation support component for Simulador de Ecografia SN:040010,Venous flashback detector for confirming vascular access events for Simulador de Ecografia SN:040010
pmsr:CPI1319784093053,pmsr:/COM94ff38d500c92a013,pmsr:/INS1739403078441215/CTS/0008,0008,pmsr:INI1784603367415,Simulador de Ecografia SN:040010,Male Genitalia Catherization Simulator Procedure Completion Detector,component-evidence-name,Simulation support component for Simulador de Ecografia SN:040010,Procedure completion detector for validating successful procedure end state for Simulador de Ecografia SN:040010
pmsr:CPI2110947820427,pmsr:/COM9c29aa34108bf9ca0,pmsr:/INS1739403078441215/CTS/0009,0009,pmsr:INI1784603367415,Simulador de Ecografia SN:040010,Male Genitalia Catherization Simulator Ventilation Flow Detector,component-evidence-name,Simulation support component for Simulador de Ecografia SN:040010,Ventilation flow detector for tracking inspiratory and expiratory flow for Simulador de Ecografia SN:040010
pmsr:CPI6909548228696,pmsr:/COM17860549784665130,pmsr:/INS1739402037946315/CTS/0001,0001,pmsr:INI1784603367416,Simulador de inserção de cateter central SN:040011,,final-curated-fallback-function-only,State detector for monitoring simulator condition changes for Simulador de inserção de cateter central SN:040011,Primary state detector for simulator condition monitoring
pmsr:CPI8546415920261,pmsr:/COM17860549784665170,pmsr:/INS1739402037946315/CTS/0002,0002,pmsr:INI1784603367416,Simulador de inserção de cateter central SN:040011,,final-curated-fallback-function-only,Response actuator for driving simulator state changes for Simulador de inserção de cateter central SN:040011,Primary response actuator for simulator state control
pmsr:CPI3935302831094,pmsr:/COM9727fb50145c10e09,pmsr:/INS1739402037946315/CTS/0003,0003,pmsr:INI1784603367416,Simulador de inserção de cateter central SN:040011,IV Fluid Administration Interaction Event Detector,component-evidence-name,Simulation support component for Simulador de inserção de cateter central SN:040011,Interaction event detector for tracking learner actions for Simulador de inserção de cateter central SN:040011
pmsr:CPI5641845010036,pmsr:/COM9ab325b780c153c16,pmsr:/INS1739402037946315/CTS/0004,0004,pmsr:INI1784603367416,Simulador de inserção de cateter central SN:040011,IV Fluid Administration Airway Pressure Detector,component-evidence-name,Simulation support component for Simulador de inserção de cateter central SN:040011,Airway pressure detector for monitoring ventilation pressure for Simulador de inserção de cateter central SN:040011
pmsr:CPI0707438405922,pmsr:/COM9a6077a472e113288,pmsr:/INS1739402037946315/CTS/0005,0005,pmsr:INI1784603367416,Simulador de inserção de cateter central SN:040011,IV Fluid Administration Pulse Rate Detector,component-evidence-name,Simulation support component for Simulador de inserção de cateter central SN:040011,Pulse rate detector for monitoring cardiovascular response for Simulador de inserção de cateter central SN:040011
pmsr:CPI7723683353353,pmsr:/COM17860549784665130,pmsr:/INS1739402037946315/CTS/0001,0001,pmsr:INI1784603367417,Simulador de inserção de PICC SN:040012,,final-curated-fallback-function-only,State detector for monitoring simulator condition changes for Simulador de inserção de PICC SN:040012,Primary state detector for simulator condition monitoring
pmsr:CPI4219770011509,pmsr:/COM17860549784665170,pmsr:/INS1739402037946315/CTS/0002,0002,pmsr:INI1784603367417,Simulador de inserção de PICC SN:040012,,final-curated-fallback-function-only,Response actuator for driving simulator state changes for Simulador de inserção de PICC SN:040012,Primary response actuator for simulator state control
pmsr:CPI7472235403211,pmsr:/COM9727fb50145c10e09,pmsr:/INS1739402037946315/CTS/0003,0003,pmsr:INI1784603367417,Simulador de inserção de PICC SN:040012,IV Fluid Administration Interaction Event Detector,component-evidence-name,Simulation support component for Simulador de inserção de PICC SN:040012,Interaction event detector for tracking learner actions for Simulador de inserção de PICC SN:040012
pmsr:CPI2952368835912,pmsr:/COM9ab325b780c153c16,pmsr:/INS1739402037946315/CTS/0004,0004,pmsr:INI1784603367417,Simulador de inserção de PICC SN:040012,IV Fluid Administration Airway Pressure Detector,component-evidence-name,Simulation support component for Simulador de inserção de PICC SN:040012,Airway pressure detector for monitoring ventilation pressure for Simulador de inserção de PICC SN:040012
pmsr:CPI4823607818151,pmsr:/COM9a6077a472e113288,pmsr:/INS1739402037946315/CTS/0005,0005,pmsr:INI1784603367417,Simulador de inserção de PICC SN:040012,IV Fluid Administration Pulse Rate Detector,component-evidence-name,Simulation support component for Simulador de inserção de PICC SN:040012,Pulse rate detector for monitoring cardiovascular response for Simulador de inserção de PICC SN:040012
pmsr:CPI4649752019210,pmsr:/COM17860549784663750,pmsr:/INS1739287021517805/CTS/0001,0001,pmsr:INI1784603367419,Simulador de sutura SN:040013,,final-curated-fallback-function-only,State detector for monitoring simulator condition changes for Simulador de sutura SN:040013,Primary state detector for simulator condition monitoring
pmsr:CPI3433624576043,pmsr:/COM17860549784663800,pmsr:/INS1739287021517805/CTS/0002,0002,pmsr:INI1784603367419,Simulador de sutura SN:040013,,final-curated-fallback-function-only,Response actuator for driving simulator state changes for Simulador de sutura SN:040013,Primary response actuator for simulator state control
pmsr:CPI8857141766057,pmsr:/COM99ce671ab8b1d5b03,pmsr:/INS1739287021517805/CTS/0003,0003,pmsr:INI1784603367419,Simulador de sutura SN:040013,Diagnostic Simulators Interaction Event Detector,component-evidence-name,Simulation support component for Simulador de sutura SN:040013,Interaction event detector for tracking learner actions for Simulador de sutura SN:040013
pmsr:CPI1692345199597,pmsr:/COM98e23d9aee3a31b34,pmsr:/INS1739287021517805/CTS/0004,0004,pmsr:INI1784603367419,Simulador de sutura SN:040013,Diagnostic Simulators Airway Pressure Detector,component-evidence-name,Simulation support component for Simulador de sutura SN:040013,Airway pressure detector for monitoring ventilation pressure for Simulador de sutura SN:040013
pmsr:CPI3637260371228,pmsr:/COM9ebbbd6c6cc5db4e8,pmsr:/INS1739287021517805/CTS/0005,0005,pmsr:INI1784603367419,Simulador de sutura SN:040013,Diagnostic Simulators Pulse Rate Detector,component-evidence-name,Simulation support component for Simulador de sutura SN:040013,Pulse rate detector for monitoring cardiovascular response for Simulador de sutura SN:040013
pmsr:CPI8043533158836,pmsr:/COM17860549784660680,pmsr:/INS1739398437257165/CTS/0001,0001,pmsr:INI1784603367420,Simulador de via aérea difícil SN:040014,,final-curated-fallback-function-only,State detector for monitoring simulator condition changes for Simulador de via aérea difícil SN:040014,Primary state detector for simulator condition monitoring
pmsr:CPI1340953389251,pmsr:/COM17860549784660740,pmsr:/INS1739398437257165/CTS/0002,0002,pmsr:INI1784603367420,Simulador de via aérea difícil SN:040014,,final-curated-fallback-function-only,Response actuator for driving simulator state changes for Simulador de via aérea difícil SN:040014,Primary response actuator for simulator state control
pmsr:CPI9869907767221,pmsr:/COM9ffcd363eade12c3c,pmsr:/INS1739398437257165/CTS/0003,0003,pmsr:INI1784603367420,Simulador de via aérea difícil SN:040014,Airway Simulator Airway Pressure Detector,component-evidence-name,Simulation support component for Simulador de via aérea difícil SN:040014,Airway pressure detector for monitoring ventilation pressure for Simulador de via aérea difícil SN:040014
pmsr:CPI6725665574092,pmsr:/COM950b3d31e301fbc7e,pmsr:/INS1739398437257165/CTS/0004,0004,pmsr:INI1784603367420,Simulador de via aérea difícil SN:040014,Airway Simulator Pulse Rate Detector,component-evidence-name,Simulation support component for Simulador de via aérea difícil SN:040014,Pulse rate detector for monitoring cardiovascular response for Simulador de via aérea difícil SN:040014
pmsr:CPI9218030170515,pmsr:/COM935fb928072e9f557,pmsr:/INS1739398437257165/CTS/0005,0005,pmsr:INI1784603367420,Simulador de via aérea difícil SN:040014,Airway Simulator Applied Force Detector,component-evidence-name,Simulation support component for Simulador de via aérea difícil SN:040014,Applied force detector for monitoring procedural force application for Simulador de via aérea difícil SN:040014
pmsr:CPI2311724187174,pmsr:/COM17860549784667460,pmsr:/INS1739403078441215/CTS/0001,0001,pmsr:INI1784603367421,Simuladores de acesso vascular por ultrassom SN:040015,,final-curated-fallback-function-only,State detector for monitoring simulator condition changes for Simuladores de acesso vascular por ultrassom SN:040015,Primary state detector for simulator condition monitoring
pmsr:CPI6930766078976,pmsr:/COM17860549784667520,pmsr:/INS1739403078441215/CTS/0002,0002,pmsr:INI1784603367421,Simuladores de acesso vascular por ultrassom SN:040015,,final-curated-fallback-function-only,Response actuator for driving simulator state changes for Simuladores de acesso vascular por ultrassom SN:040015,Primary response actuator for simulator state control
pmsr:CPI9824336870076,pmsr:/COM9c6cddcd7be6dfeed,pmsr:/INS1739403078441215/CTS/0003,0003,pmsr:INI1784603367421,Simuladores de acesso vascular por ultrassom SN:040015,Male Genitalia Catherization Simulator Interaction Event Detector,component-evidence-name,Simulation support component for Simuladores de acesso vascular por ultrassom SN:040015,Interaction event detector for tracking learner actions for Simuladores de acesso vascular por ultrassom SN:040015
pmsr:CPI1690541340716,pmsr:/COM90535c42b737ab252,pmsr:/INS1739403078441215/CTS/0004,0004,pmsr:INI1784603367421,Simuladores de acesso vascular por ultrassom SN:040015,Male Genitalia Catherization Simulator Airway Pressure Detector,component-evidence-name,Simulation support component for Simuladores de acesso vascular por ultrassom SN:040015,Airway pressure detector for monitoring ventilation pressure for Simuladores de acesso vascular por ultrassom SN:040015
pmsr:CPI6501377782072,pmsr:/COM925add590b39e6766,pmsr:/INS1739403078441215/CTS/0005,0005,pmsr:INI1784603367421,Simuladores de acesso vascular por ultrassom SN:040015,Male Genitalia Catherization Simulator Pulse Rate Detector,component-evidence-name,Simulation support component for Simuladores de acesso vascular por ultrassom SN:040015,Pulse rate detector for monitoring cardiovascular response for Simuladores de acesso vascular por ultrassom SN:040015
pmsr:CPI7320428183371,pmsr:/COM92bc236a1eff684d6,pmsr:/INS1739403078441215/CTS/0006,0006,pmsr:INI1784603367421,Simuladores de acesso vascular por ultrassom SN:040015,Male Genitalia Catherization Simulator Applied Force Detector,component-evidence-name,Simulation support component for Simuladores de acesso vascular por ultrassom SN:040015,Applied force detector for monitoring procedural force application for Simuladores de acesso vascular por ultrassom SN:040015
pmsr:CPI1430887574906,pmsr:/COM9fe390ee21f9c6e69,pmsr:/INS1739403078441215/CTS/0007,0007,pmsr:INI1784603367421,Simuladores de acesso vascular por ultrassom SN:040015,Male Genitalia Catherization Simulator Venous Flashback Detector,component-evidence-name,Simulation support component for Simuladores de acesso vascular por ultrassom SN:040015,Venous flashback detector for confirming vascular access events for Simuladores de acesso vascular por ultrassom SN:040015
pmsr:CPI3738511238248,pmsr:/COM94ff38d500c92a013,pmsr:/INS1739403078441215/CTS/0008,0008,pmsr:INI1784603367421,Simuladores de acesso vascular por ultrassom SN:040015,Male Genitalia Catherization Simulator Procedure Completion Detector,component-evidence-name,Simulation support component for Simuladores de acesso vascular por ultrassom SN:040015,Procedure completion detector for validating successful procedure end state for Simuladores de acesso vascular por ultrassom SN:040015
pmsr:CPI2551362796627,pmsr:/COM9c29aa34108bf9ca0,pmsr:/INS1739403078441215/CTS/0009,0009,pmsr:INI1784603367421,Simuladores de acesso vascular por ultrassom SN:040015,Male Genitalia Catherization Simulator Ventilation Flow Detector,component-evidence-name,Simulation support component for Simuladores de acesso vascular por ultrassom SN:040015,Ventilation flow detector for tracking inspiratory and expiratory flow for Simuladores de acesso vascular por ultrassom SN:040015
pmsr:CPI2017523184638,pmsr:/COM17860549784667900,ncit:C16830/CTS/0001,0001,pmsr:INI1784603367441,Localizadores de veias infravermelhos SN:050002,,final-curated-fallback-function-only,State detector for monitoring simulator condition changes for Localizadores de veias infravermelhos SN:050002,Primary state detector for simulator condition monitoring
pmsr:CPI7886015091362,pmsr:/COM17860549784667940,ncit:C16830/CTS/0002,0002,pmsr:INI1784603367441,Localizadores de veias infravermelhos SN:050002,,final-curated-fallback-function-only,Response actuator for driving simulator state changes for Localizadores de veias infravermelhos SN:050002,Primary response actuator for simulator state control
pmsr:CPI9007369769063,pmsr:/COM909d6d9cdb98cf3b5,ncit:C16830/CTS/0003,0003,pmsr:INI1784603367441,Localizadores de veias infravermelhos SN:050002,Medical Device Interaction Event Detector,component-evidence-name,Simulation support component for Localizadores de veias infravermelhos SN:050002,Interaction event detector for tracking learner actions for Localizadores de veias infravermelhos SN:050002
pmsr:CPI1863347153998,pmsr:/COM17860549784665130,pmsr:/INS1739402037946315/CTS/0001,0001,pmsr:INI1784603367442,Membros para cateterismo SN:050003,,final-curated-fallback-function-only,State detector for monitoring simulator condition changes for Membros para cateterismo SN:050003,Primary state detector for simulator condition monitoring
pmsr:CPI6685877908305,pmsr:/COM17860549784665170,pmsr:/INS1739402037946315/CTS/0002,0002,pmsr:INI1784603367442,Membros para cateterismo SN:050003,,final-curated-fallback-function-only,Response actuator for driving simulator state changes for Membros para cateterismo SN:050003,Primary response actuator for simulator state control
pmsr:CPI8458232724312,pmsr:/COM9727fb50145c10e09,pmsr:/INS1739402037946315/CTS/0003,0003,pmsr:INI1784603367442,Membros para cateterismo SN:050003,IV Fluid Administration Interaction Event Detector,component-evidence-name,Simulation support component for Membros para cateterismo SN:050003,Interaction event detector for tracking learner actions for Membros para cateterismo SN:050003
pmsr:CPI9919403712572,pmsr:/COM9ab325b780c153c16,pmsr:/INS1739402037946315/CTS/0004,0004,pmsr:INI1784603367442,Membros para cateterismo SN:050003,IV Fluid Administration Airway Pressure Detector,component-evidence-name,Simulation support component for Membros para cateterismo SN:050003,Airway pressure detector for monitoring ventilation pressure for Membros para cateterismo SN:050003
pmsr:CPI2781493799650,pmsr:/COM9a6077a472e113288,pmsr:/INS1739402037946315/CTS/0005,0005,pmsr:INI1784603367442,Membros para cateterismo SN:050003,IV Fluid Administration Pulse Rate Detector,component-evidence-name,Simulation support component for Membros para cateterismo SN:050003,Pulse rate detector for monitoring cardiovascular response for Membros para cateterismo SN:050003
pmsr:CPI2963746827028,pmsr:/COM17860549784665130,pmsr:/INS1739402037946315/CTS/0001,0001,pmsr:INI1784603367444,Membros para cateterismo SN:050004,,final-curated-fallback-function-only,State detector for monitoring simulator condition changes for Membros para cateterismo SN:050004,Primary state detector for simulator condition monitoring
pmsr:CPI0207803234799,pmsr:/COM17860549784665170,pmsr:/INS1739402037946315/CTS/0002,0002,pmsr:INI1784603367444,Membros para cateterismo SN:050004,,final-curated-fallback-function-only,Response actuator for driving simulator state changes for Membros para cateterismo SN:050004,Primary response actuator for simulator state control
pmsr:CPI4798256061754,pmsr:/COM9727fb50145c10e09,pmsr:/INS1739402037946315/CTS/0003,0003,pmsr:INI1784603367444,Membros para cateterismo SN:050004,IV Fluid Administration Interaction Event Detector,component-evidence-name,Simulation support component for Membros para cateterismo SN:050004,Interaction event detector for tracking learner actions for Membros para cateterismo SN:050004
pmsr:CPI8356304709801,pmsr:/COM9ab325b780c153c16,pmsr:/INS1739402037946315/CTS/0004,0004,pmsr:INI1784603367444,Membros para cateterismo SN:050004,IV Fluid Administration Airway Pressure Detector,component-evidence-name,Simulation support component for Membros para cateterismo SN:050004,Airway pressure detector for monitoring ventilation pressure for Membros para cateterismo SN:050004
pmsr:CPI4792787989703,pmsr:/COM9a6077a472e113288,pmsr:/INS1739402037946315/CTS/0005,0005,pmsr:INI1784603367444,Membros para cateterismo SN:050004,IV Fluid Administration Pulse Rate Detector,component-evidence-name,Simulation support component for Membros para cateterismo SN:050004,Pulse rate detector for monitoring cardiovascular response for Membros para cateterismo SN:050004
pmsr:CPI5899573363964,pmsr:/COM17860549784663600,pmsr:/INS1739288006994165/CTS/0001,0001,pmsr:INI1784603367445,Simulador decisão clínica SN:050005,,final-curated-fallback-function-only,State detector for monitoring simulator condition changes for Simulador decisão clínica SN:050005,Primary state detector for simulator condition monitoring
pmsr:CPI4490037692542,pmsr:/COM17860549784663640,pmsr:/INS1739288006994165/CTS/0002,0002,pmsr:INI1784603367445,Simulador decisão clínica SN:050005,,final-curated-fallback-function-only,Response actuator for driving simulator state changes for Simulador decisão clínica SN:050005,Primary response actuator for simulator state control
pmsr:CPI7302971169893,pmsr:/COM9f849432b7ab6abfb,pmsr:/INS1739288006994165/CTS/0003,0003,pmsr:INI1784603367445,Simulador decisão clínica SN:050005,Diagnostic Imaging Simulator Probe Contact Detector,component-evidence-name,Simulation support component for Simulador decisão clínica SN:050005,Probe contact detector for verifying probe-to-surface contact quality for Simulador decisão clínica SN:050005
pmsr:CPI4551902643807,pmsr:/COM17860549784668980,pmsr:/INS1740143878244085/CTS/0001,0001,pmsr:INI1784603367446,Simulador Obstetrícia SN:050006,,final-curated-fallback-function-only,State detector for monitoring simulator condition changes for Simulador Obstetrícia SN:050006,Primary state detector for simulator condition monitoring
pmsr:CPI7547904996766,pmsr:/COM17860549784669030,pmsr:/INS1740143878244085/CTS/0002,0002,pmsr:INI1784603367446,Simulador Obstetrícia SN:050006,,final-curated-fallback-function-only,Response actuator for driving simulator state changes for Simulador Obstetrícia SN:050006,Primary response actuator for simulator state control
pmsr:CPI5911034604460,pmsr:/COM9211bdcfaf513cb3f,pmsr:/INS1740143878244085/CTS/0003,0003,pmsr:INI1784603367446,Simulador Obstetrícia SN:050006,Obstetric Simulator Interaction Event Detector,component-evidence-name,Simulation support component for Simulador Obstetrícia SN:050006,Interaction event detector for tracking learner actions for Simulador Obstetrícia SN:050006
pmsr:CPI4344866762431,pmsr:/COM9e04a1dac669f072d,pmsr:/INS1740143878244085/CTS/0004,0004,pmsr:INI1784603367446,Simulador Obstetrícia SN:050006,Obstetric Simulator Airway Pressure Detector,component-evidence-name,Simulation support component for Simulador Obstetrícia SN:050006,Airway pressure detector for monitoring ventilation pressure for Simulador Obstetrícia SN:050006
pmsr:CPI8755987419335,pmsr:/COM925a48e7dda68b904,pmsr:/INS1740143878244085/CTS/0005,0005,pmsr:INI1784603367446,Simulador Obstetrícia SN:050006,Obstetric Simulator Pulse Rate Detector,component-evidence-name,Simulation support component for Simulador Obstetrícia SN:050006,Pulse rate detector for monitoring cardiovascular response for Simulador Obstetrícia SN:050006
pmsr:CPI4682767045221,pmsr:/COM1738099771423295,pmsr:/INS1739823398493725/CTS/0001,0001,pmsr:INI1784603367448,Simulador pediátrico SN:050007,Skill Guide Device  -- CB:EMPTY,manual-precise-correction-18-rows,Guidance interface module for learner feedback and procedural support for Simulador pediátrico SN:050007,Learner guidance status detector for procedural coaching workflow
pmsr:CPI5430232137852,pmsr:/COM1738100153764155,pmsr:/INS1739823398493725/CTS/0002,0002,pmsr:INI1784603367448,Simulador pediátrico SN:050007,SimPad Device  -- CB:EMPTY,manual-precise-correction-18-rows,Simulation control interface module for scenario orchestration for Simulador pediátrico SN:050007,Scenario control actuator for simulation state orchestration
pmsr:CPI3029410238628,pmsr:/COM1738187586682545,pmsr:/INS1739823398493725/CTS/0003,0003,pmsr:INI1784603367448,Simulador pediátrico SN:050007,Electrode  -- CB:Eletrodes Adult,manual-precise-correction-18-rows,Electrode module for electrical signal interface and detection for Simulador pediátrico SN:050007,Adult electrode signal detector for interaction event monitoring
pmsr:CPI8253363670981,pmsr:/COM1738187818694655,pmsr:/INS1739823398493725/CTS/0004,0004,pmsr:INI1784603367448,Simulador pediátrico SN:050007,Electrode  -- CB:Eletrodes Pediatric,manual-precise-correction-18-rows,Electrode module for electrical signal interface and detection for Simulador pediátrico SN:050007,Pediatric electrode signal detector for airway pressure event monitoring
pmsr:CPI5957943298082,pmsr:/COM1738188452521625,pmsr:/INS1739823398493725/CTS/0005,0005,pmsr:INI1784603367448,Simulador pediátrico SN:050007,DAE Trainer  -- CB:EMPTY,manual-precise-correction-18-rows,Defibrillation training module for AED interaction practice for Simulador pediátrico SN:050007,Pulse rate detector for AED training response monitoring
pmsr:CPI3337565838274,pmsr:/COM1739399134970895,pmsr:/INS1739823398493725/CTS/0006,0006,pmsr:INI1784603367448,Simulador pediátrico SN:050007,Microphone  -- CB:EMPTY,manual-precise-correction-18-rows,Audio capture module for recording interaction and instruction context for Simulador pediátrico SN:050007,Applied force detector for procedural force feedback monitoring
pmsr:CPI6560357635601,pmsr:/COM17860549784666470,pmsr:/INS1739823398493725/CTS/0007,0007,pmsr:INI1784603367448,Simulador pediátrico SN:050007,,final-curated-fallback-function-only,Venous flashback detector for confirming vascular access events for Simulador pediátrico SN:050007,Venous flashback detector for vascular access confirmation
pmsr:CPI8798676528528,pmsr:/COM17860549784666520,pmsr:/INS1739823398493725/CTS/0008,0008,pmsr:INI1784603367448,Simulador pediátrico SN:050007,,final-curated-fallback-function-only,Procedure completion detector for validating successful procedure end state for Simulador pediátrico SN:050007,Procedure completion detector for simulation end-state validation
pmsr:CPI1906051113340,pmsr:/COM99b3a72b8d17baa57,pmsr:/INS1739823398493725/CTS/0009,0009,pmsr:INI1784603367448,Simulador pediátrico SN:050007,Laerdal Nursing Anne Mannequin Interaction Event Detector,component-evidence-name,Simulation support component for Simulador pediátrico SN:050007,Interaction event detector for tracking learner actions for Simulador pediátrico SN:050007
pmsr:CPI4125278443516,pmsr:/COM931d6340657316a0e,pmsr:/INS1739823398493725/CTS/0001,0001,pmsr:INI1784603367448,Simulador pediátrico SN:050007,Laerdal Nursing Anne Mannequin Airway Pressure Detector,component-evidence-name,Simulation support component for Simulador pediátrico SN:050007,Airway pressure detector for monitoring ventilation pressure for Simulador pediátrico SN:050007
pmsr:CPI8112829865071,pmsr:/COM9ccf75d269b2b6120,pmsr:/INS1739823398493725/CTS/0001,0001,pmsr:INI1784603367448,Simulador pediátrico SN:050007,Laerdal Nursing Anne Mannequin Pulse Rate Detector,component-evidence-name,Simulation support component for Simulador pediátrico SN:050007,Pulse rate detector for monitoring cardiovascular response for Simulador pediátrico SN:050007
pmsr:CPI8026585117633,pmsr:/COM17860549784667900,ncit:C16830/CTS/0001,0001,pmsr:INI1784603367449,Sistema de imagem e som (geral) SN:050008,,final-curated-fallback-function-only,State detector for monitoring simulator condition changes for Sistema de imagem e som (geral) SN:050008,Primary state detector for simulator condition monitoring
pmsr:CPI6101360864416,pmsr:/COM17860549784667940,ncit:C16830/CTS/0002,0002,pmsr:INI1784603367449,Sistema de imagem e som (geral) SN:050008,,final-curated-fallback-function-only,Response actuator for driving simulator state changes for Sistema de imagem e som (geral) SN:050008,Primary response actuator for simulator state control
pmsr:CPI1175979813298,pmsr:/COM909d6d9cdb98cf3b5,ncit:C16830/CTS/0003,0003,pmsr:INI1784603367449,Sistema de imagem e som (geral) SN:050008,Medical Device Interaction Event Detector,component-evidence-name,Simulation support component for Sistema de imagem e som (geral) SN:050008,Interaction event detector for tracking learner actions for Sistema de imagem e som (geral) SN:050008
pmsr:CPI8154628295576,pmsr:/COM17860549784663750,pmsr:/INS1739287021517805/CTS/0001,0001,pmsr:INI1784603367450,Delsys SN:060001,,final-curated-fallback-function-only,State detector for monitoring simulator condition changes for Delsys SN:060001,Primary state detector for simulator condition monitoring
pmsr:CPI4515978685422,pmsr:/COM17860549784663800,pmsr:/INS1739287021517805/CTS/0002,0002,pmsr:INI1784603367450,Delsys SN:060001,,final-curated-fallback-function-only,Response actuator for driving simulator state changes for Delsys SN:060001,Primary response actuator for simulator state control
pmsr:CPI8876106247382,pmsr:/COM99ce671ab8b1d5b03,pmsr:/INS1739287021517805/CTS/0003,0003,pmsr:INI1784603367450,Delsys SN:060001,Diagnostic Simulators Interaction Event Detector,component-evidence-name,Simulation support component for Delsys SN:060001,Interaction event detector for tracking learner actions for Delsys SN:060001
pmsr:CPI2079104613331,pmsr:/COM98e23d9aee3a31b34,pmsr:/INS1739287021517805/CTS/0004,0004,pmsr:INI1784603367450,Delsys SN:060001,Diagnostic Simulators Airway Pressure Detector,component-evidence-name,Simulation support component for Delsys SN:060001,Airway pressure detector for monitoring ventilation pressure for Delsys SN:060001
pmsr:CPI1299903247303,pmsr:/COM9ebbbd6c6cc5db4e8,pmsr:/INS1739287021517805/CTS/0005,0005,pmsr:INI1784603367450,Delsys SN:060001,Diagnostic Simulators Pulse Rate Detector,component-evidence-name,Simulation support component for Delsys SN:060001,Pulse rate detector for monitoring cardiovascular response for Delsys SN:060001
pmsr:CPI1323899458844,pmsr:/COM17860549784669200,pmsr:/INS1739303333850795/CTS/0001,0001,pmsr:INI1784603367453,Simulador adulto SN:060003,,final-curated-fallback-function-only,State detector for monitoring simulator condition changes for Simulador adulto SN:060003,Primary state detector for simulator condition monitoring
pmsr:CPI1708534717575,pmsr:/COM17860549784669250,pmsr:/INS1739303333850795/CTS/0002,0002,pmsr:INI1784603367453,Simulador adulto SN:060003,,final-curated-fallback-function-only,Response actuator for driving simulator state changes for Simulador adulto SN:060003,Primary response actuator for simulator state control
pmsr:CPI4517682756754,pmsr:/COM90e709ed6a7da646e,pmsr:/INS1739303333850795/CTS/0003,0003,pmsr:INI1784603367453,Simulador adulto SN:060003,Oncology Care Simulator Interaction Event Detector,component-evidence-name,Simulation support component for Simulador adulto SN:060003,Interaction event detector for tracking learner actions for Simulador adulto SN:060003
pmsr:CPI3355756195827,pmsr:/COM93b9e9e42e8ce92e6,pmsr:/INS1739303333850795/CTS/0004,0004,pmsr:INI1784603367453,Simulador adulto SN:060003,Oncology Care Simulator Airway Pressure Detector,component-evidence-name,Simulation support component for Simulador adulto SN:060003,Airway pressure detector for monitoring ventilation pressure for Simulador adulto SN:060003
pmsr:CPI6164703004778,pmsr:/COM9c53e672a8d78deb3,pmsr:/INS1739303333850795/CTS/0005,0005,pmsr:INI1784603367453,Simulador adulto SN:060003,Oncology Care Simulator Pulse Rate Detector,component-evidence-name,Simulation support component for Simulador adulto SN:060003,Pulse rate detector for monitoring cardiovascular response for Simulador adulto SN:060003
pmsr:CPI5995297396264,pmsr:/COM17860549784668980,pmsr:/INS1740143878244085/CTS/0001,0001,pmsr:INI1784603367454,Simulador Obstétrico SN:060004,,final-curated-fallback-function-only,State detector for monitoring simulator condition changes for Simulador Obstétrico SN:060004,Primary state detector for simulator condition monitoring
pmsr:CPI3773142458908,pmsr:/COM17860549784669030,pmsr:/INS1740143878244085/CTS/0002,0002,pmsr:INI1784603367454,Simulador Obstétrico SN:060004,,final-curated-fallback-function-only,Response actuator for driving simulator state changes for Simulador Obstétrico SN:060004,Primary response actuator for simulator state control
pmsr:CPI0673882685149,pmsr:/COM9211bdcfaf513cb3f,pmsr:/INS1740143878244085/CTS/0003,0003,pmsr:INI1784603367454,Simulador Obstétrico SN:060004,Obstetric Simulator Interaction Event Detector,component-evidence-name,Simulation support component for Simulador Obstétrico SN:060004,Interaction event detector for tracking learner actions for Simulador Obstétrico SN:060004
pmsr:CPI8796635723035,pmsr:/COM9e04a1dac669f072d,pmsr:/INS1740143878244085/CTS/0004,0004,pmsr:INI1784603367454,Simulador Obstétrico SN:060004,Obstetric Simulator Airway Pressure Detector,component-evidence-name,Simulation support component for Simulador Obstétrico SN:060004,Airway pressure detector for monitoring ventilation pressure for Simulador Obstétrico SN:060004
pmsr:CPI9286816702969,pmsr:/COM925a48e7dda68b904,pmsr:/INS1740143878244085/CTS/0005,0005,pmsr:INI1784603367454,Simulador Obstétrico SN:060004,Obstetric Simulator Pulse Rate Detector,component-evidence-name,Simulation support component for Simulador Obstétrico SN:060004,Pulse rate detector for monitoring cardiovascular response for Simulador Obstétrico SN:060004
pmsr:CPI1502300446945,pmsr:/COM17860549784668980,pmsr:/INS1740143878244085/CTS/0001,0001,pmsr:INI1784603367456,Simulador Obstétrico SN:060005,,final-curated-fallback-function-only,State detector for monitoring simulator condition changes for Simulador Obstétrico SN:060005,Primary state detector for simulator condition monitoring
pmsr:CPI2429747704895,pmsr:/COM17860549784669030,pmsr:/INS1740143878244085/CTS/0002,0002,pmsr:INI1784603367456,Simulador Obstétrico SN:060005,,final-curated-fallback-function-only,Response actuator for driving simulator state changes for Simulador Obstétrico SN:060005,Primary response actuator for simulator state control
pmsr:CPI2782530476219,pmsr:/COM9211bdcfaf513cb3f,pmsr:/INS1740143878244085/CTS/0003,0003,pmsr:INI1784603367456,Simulador Obstétrico SN:060005,Obstetric Simulator Interaction Event Detector,component-evidence-name,Simulation support component for Simulador Obstétrico SN:060005,Interaction event detector for tracking learner actions for Simulador Obstétrico SN:060005
pmsr:CPI2504275787805,pmsr:/COM9e04a1dac669f072d,pmsr:/INS1740143878244085/CTS/0004,0004,pmsr:INI1784603367456,Simulador Obstétrico SN:060005,Obstetric Simulator Airway Pressure Detector,component-evidence-name,Simulation support component for Simulador Obstétrico SN:060005,Airway pressure detector for monitoring ventilation pressure for Simulador Obstétrico SN:060005
pmsr:CPI4990830563099,pmsr:/COM925a48e7dda68b904,pmsr:/INS1740143878244085/CTS/0005,0005,pmsr:INI1784603367456,Simulador Obstétrico SN:060005,Obstetric Simulator Pulse Rate Detector,component-evidence-name,Simulation support component for Simulador Obstétrico SN:060005,Pulse rate detector for monitoring cardiovascular response for Simulador Obstétrico SN:060005
pmsr:CPI0775821867129,pmsr:/COM17860549784668980,pmsr:/INS1740143878244085/CTS/0001,0001,pmsr:INI1784603367457,Simulador Obstétrico SN:060006,,final-curated-fallback-function-only,State detector for monitoring simulator condition changes for Simulador Obstétrico SN:060006,Primary state detector for simulator condition monitoring
pmsr:CPI2562460323995,pmsr:/COM17860549784669030,pmsr:/INS1740143878244085/CTS/0002,0002,pmsr:INI1784603367457,Simulador Obstétrico SN:060006,,final-curated-fallback-function-only,Response actuator for driving simulator state changes for Simulador Obstétrico SN:060006,Primary response actuator for simulator state control
pmsr:CPI1852495392969,pmsr:/COM9211bdcfaf513cb3f,pmsr:/INS1740143878244085/CTS/0003,0003,pmsr:INI1784603367457,Simulador Obstétrico SN:060006,Obstetric Simulator Interaction Event Detector,component-evidence-name,Simulation support component for Simulador Obstétrico SN:060006,Interaction event detector for tracking learner actions for Simulador Obstétrico SN:060006
pmsr:CPI9615907373235,pmsr:/COM9e04a1dac669f072d,pmsr:/INS1740143878244085/CTS/0004,0004,pmsr:INI1784603367457,Simulador Obstétrico SN:060006,Obstetric Simulator Airway Pressure Detector,component-evidence-name,Simulation support component for Simulador Obstétrico SN:060006,Airway pressure detector for monitoring ventilation pressure for Simulador Obstétrico SN:060006
pmsr:CPI6019155061005,pmsr:/COM925a48e7dda68b904,pmsr:/INS1740143878244085/CTS/0005,0005,pmsr:INI1784603367457,Simulador Obstétrico SN:060006,Obstetric Simulator Pulse Rate Detector,component-evidence-name,Simulation support component for Simulador Obstétrico SN:060006,Pulse rate detector for monitoring cardiovascular response for Simulador Obstétrico SN:060006
pmsr:CPI9195599772169,pmsr:/COM1738099771423295,pmsr:/INS1739823398493725/CTS/0001,0001,pmsr:INI1784603367458,Simulador Pediátrico de Emergência SN:060007,Skill Guide Device  -- CB:EMPTY,manual-precise-correction-18-rows,Guidance interface module for learner feedback and procedural support for Simulador Pediátrico de Emergência SN:060007,Learner guidance status detector for procedural coaching workflow
pmsr:CPI7280568770854,pmsr:/COM1738100153764155,pmsr:/INS1739823398493725/CTS/0002,0002,pmsr:INI1784603367458,Simulador Pediátrico de Emergência SN:060007,SimPad Device  -- CB:EMPTY,manual-precise-correction-18-rows,Simulation control interface module for scenario orchestration for Simulador Pediátrico de Emergência SN:060007,Scenario control actuator for simulation state orchestration
pmsr:CPI1004309914425,pmsr:/COM1738187586682545,pmsr:/INS1739823398493725/CTS/0003,0003,pmsr:INI1784603367458,Simulador Pediátrico de Emergência SN:060007,Electrode  -- CB:Eletrodes Adult,manual-precise-correction-18-rows,Electrode module for electrical signal interface and detection for Simulador Pediátrico de Emergência SN:060007,Adult electrode signal detector for interaction event monitoring
pmsr:CPI5624183620968,pmsr:/COM1738187818694655,pmsr:/INS1739823398493725/CTS/0004,0004,pmsr:INI1784603367458,Simulador Pediátrico de Emergência SN:060007,Electrode  -- CB:Eletrodes Pediatric,manual-precise-correction-18-rows,Electrode module for electrical signal interface and detection for Simulador Pediátrico de Emergência SN:060007,Pediatric electrode signal detector for airway pressure event monitoring
pmsr:CPI8986640519391,pmsr:/COM1738188452521625,pmsr:/INS1739823398493725/CTS/0005,0005,pmsr:INI1784603367458,Simulador Pediátrico de Emergência SN:060007,DAE Trainer  -- CB:EMPTY,manual-precise-correction-18-rows,Defibrillation training module for AED interaction practice for Simulador Pediátrico de Emergência SN:060007,Pulse rate detector for AED training response monitoring
pmsr:CPI2974359161240,pmsr:/COM1739399134970895,pmsr:/INS1739823398493725/CTS/0006,0006,pmsr:INI1784603367458,Simulador Pediátrico de Emergência SN:060007,Microphone  -- CB:EMPTY,manual-precise-correction-18-rows,Audio capture module for recording interaction and instruction context for Simulador Pediátrico de Emergência SN:060007,Applied force detector for procedural force feedback monitoring
pmsr:CPI9031075149939,pmsr:/COM17860549784666470,pmsr:/INS1739823398493725/CTS/0007,0007,pmsr:INI1784603367458,Simulador Pediátrico de Emergência SN:060007,,final-curated-fallback-function-only,Venous flashback detector for confirming vascular access events for Simulador Pediátrico de Emergência SN:060007,Venous flashback detector for vascular access confirmation
pmsr:CPI7062419399472,pmsr:/COM17860549784666520,pmsr:/INS1739823398493725/CTS/0008,0008,pmsr:INI1784603367458,Simulador Pediátrico de Emergência SN:060007,,final-curated-fallback-function-only,Procedure completion detector for validating successful procedure end state for Simulador Pediátrico de Emergência SN:060007,Procedure completion detector for simulation end-state validation
pmsr:CPI5510804143725,pmsr:/COM99b3a72b8d17baa57,pmsr:/INS1739823398493725/CTS/0009,0009,pmsr:INI1784603367458,Simulador Pediátrico de Emergência SN:060007,Laerdal Nursing Anne Mannequin Interaction Event Detector,component-evidence-name,Simulation support component for Simulador Pediátrico de Emergência SN:060007,Interaction event detector for tracking learner actions for Simulador Pediátrico de Emergência SN:060007
pmsr:CPI8024910963398,pmsr:/COM931d6340657316a0e,pmsr:/INS1739823398493725/CTS/0001,0001,pmsr:INI1784603367458,Simulador Pediátrico de Emergência SN:060007,Laerdal Nursing Anne Mannequin Airway Pressure Detector,component-evidence-name,Simulation support component for Simulador Pediátrico de Emergência SN:060007,Airway pressure detector for monitoring ventilation pressure for Simulador Pediátrico de Emergência SN:060007
pmsr:CPI2980850751730,pmsr:/COM9ccf75d269b2b6120,pmsr:/INS1739823398493725/CTS/0001,0001,pmsr:INI1784603367458,Simulador Pediátrico de Emergência SN:060007,Laerdal Nursing Anne Mannequin Pulse Rate Detector,component-evidence-name,Simulation support component for Simulador Pediátrico de Emergência SN:060007,Pulse rate detector for monitoring cardiovascular response for Simulador Pediátrico de Emergência SN:060007
pmsr:CPI8919235390055,pmsr:/COM17860549784667900,ncit:C16830/CTS/0001,0001,pmsr:INI1784603367459,Abdominal Palpation Model Set Pregnangy and birth SN:070001,,final-curated-fallback-function-only,State detector for monitoring simulator condition changes for Abdominal Palpation Model Set Pregnangy and birth SN:070001,Primary state detector for simulator condition monitoring
pmsr:CPI9381721906552,pmsr:/COM17860549784667940,ncit:C16830/CTS/0002,0002,pmsr:INI1784603367459,Abdominal Palpation Model Set Pregnangy and birth SN:070001,,final-curated-fallback-function-only,Response actuator for driving simulator state changes for Abdominal Palpation Model Set Pregnangy and birth SN:070001,Primary response actuator for simulator state control
pmsr:CPI5293634772872,pmsr:/COM909d6d9cdb98cf3b5,ncit:C16830/CTS/0003,0003,pmsr:INI1784603367459,Abdominal Palpation Model Set Pregnangy and birth SN:070001,Medical Device Interaction Event Detector,component-evidence-name,Simulation support component for Abdominal Palpation Model Set Pregnangy and birth SN:070001,Interaction event detector for tracking learner actions for Abdominal Palpation Model Set Pregnangy and birth SN:070001
pmsr:CPI8893395287406,pmsr:/COM17860549784667900,ncit:C16830/CTS/0001,0001,pmsr:INI1784603367461,Abdominal Palpation Model Set Pregnangy and birth SN:070002,,final-curated-fallback-function-only,State detector for monitoring simulator condition changes for Abdominal Palpation Model Set Pregnangy and birth SN:070002,Primary state detector for simulator condition monitoring
pmsr:CPI8249159218869,pmsr:/COM17860549784667940,ncit:C16830/CTS/0002,0002,pmsr:INI1784603367461,Abdominal Palpation Model Set Pregnangy and birth SN:070002,,final-curated-fallback-function-only,Response actuator for driving simulator state changes for Abdominal Palpation Model Set Pregnangy and birth SN:070002,Primary response actuator for simulator state control
pmsr:CPI0744197557365,pmsr:/COM909d6d9cdb98cf3b5,ncit:C16830/CTS/0003,0003,pmsr:INI1784603367461,Abdominal Palpation Model Set Pregnangy and birth SN:070002,Medical Device Interaction Event Detector,component-evidence-name,Simulation support component for Abdominal Palpation Model Set Pregnangy and birth SN:070002,Interaction event detector for tracking learner actions for Abdominal Palpation Model Set Pregnangy and birth SN:070002
pmsr:CPI1432401061574,pmsr:/COM17860549784667900,ncit:C16830/CTS/0001,0001,pmsr:INI1784603367462,Abdominal Palpation Model Set Pregnangy and birth SN:070003,,final-curated-fallback-function-only,State detector for monitoring simulator condition changes for Abdominal Palpation Model Set Pregnangy and birth SN:070003,Primary state detector for simulator condition monitoring
pmsr:CPI6736286960001,pmsr:/COM17860549784667940,ncit:C16830/CTS/0002,0002,pmsr:INI1784603367462,Abdominal Palpation Model Set Pregnangy and birth SN:070003,,final-curated-fallback-function-only,Response actuator for driving simulator state changes for Abdominal Palpation Model Set Pregnangy and birth SN:070003,Primary response actuator for simulator state control
pmsr:CPI6234574837906,pmsr:/COM909d6d9cdb98cf3b5,ncit:C16830/CTS/0003,0003,pmsr:INI1784603367462,Abdominal Palpation Model Set Pregnangy and birth SN:070003,Medical Device Interaction Event Detector,component-evidence-name,Simulation support component for Abdominal Palpation Model Set Pregnangy and birth SN:070003,Interaction event detector for tracking learner actions for Abdominal Palpation Model Set Pregnangy and birth SN:070003
pmsr:CPI0879637432870,pmsr:/COM17860549784667900,ncit:C16830/CTS/0001,0001,pmsr:INI1784603367463,Abdominal Palpation Model Set Pregnangy and birth SN:070004,,final-curated-fallback-function-only,State detector for monitoring simulator condition changes for Abdominal Palpation Model Set Pregnangy and birth SN:070004,Primary state detector for simulator condition monitoring
pmsr:CPI6277458740029,pmsr:/COM17860549784667940,ncit:C16830/CTS/0002,0002,pmsr:INI1784603367463,Abdominal Palpation Model Set Pregnangy and birth SN:070004,,final-curated-fallback-function-only,Response actuator for driving simulator state changes for Abdominal Palpation Model Set Pregnangy and birth SN:070004,Primary response actuator for simulator state control
pmsr:CPI5308861977732,pmsr:/COM909d6d9cdb98cf3b5,ncit:C16830/CTS/0003,0003,pmsr:INI1784603367463,Abdominal Palpation Model Set Pregnangy and birth SN:070004,Medical Device Interaction Event Detector,component-evidence-name,Simulation support component for Abdominal Palpation Model Set Pregnangy and birth SN:070004,Interaction event detector for tracking learner actions for Abdominal Palpation Model Set Pregnangy and birth SN:070004
pmsr:CPI5536903609971,pmsr:/COM17860549784667900,ncit:C16830/CTS/0001,0001,pmsr:INI1784603367465,Abdominal Palpation Model Set Pregnangy and birth SN:070005,,final-curated-fallback-function-only,State detector for monitoring simulator condition changes for Abdominal Palpation Model Set Pregnangy and birth SN:070005,Primary state detector for simulator condition monitoring
pmsr:CPI5155655336492,pmsr:/COM17860549784667940,ncit:C16830/CTS/0002,0002,pmsr:INI1784603367465,Abdominal Palpation Model Set Pregnangy and birth SN:070005,,final-curated-fallback-function-only,Response actuator for driving simulator state changes for Abdominal Palpation Model Set Pregnangy and birth SN:070005,Primary response actuator for simulator state control
pmsr:CPI6720553902724,pmsr:/COM909d6d9cdb98cf3b5,ncit:C16830/CTS/0003,0003,pmsr:INI1784603367465,Abdominal Palpation Model Set Pregnangy and birth SN:070005,Medical Device Interaction Event Detector,component-evidence-name,Simulation support component for Abdominal Palpation Model Set Pregnangy and birth SN:070005,Interaction event detector for tracking learner actions for Abdominal Palpation Model Set Pregnangy and birth SN:070005
pmsr:CPI7612459796525,pmsr:/COM17860549784667900,ncit:C16830/CTS/0001,0001,pmsr:INI1784603367466,Abdominal Palpation Model Set Pregnangy and birth SN:070006,,final-curated-fallback-function-only,State detector for monitoring simulator condition changes for Abdominal Palpation Model Set Pregnangy and birth SN:070006,Primary state detector for simulator condition monitoring
pmsr:CPI3653020032848,pmsr:/COM17860549784667940,ncit:C16830/CTS/0002,0002,pmsr:INI1784603367466,Abdominal Palpation Model Set Pregnangy and birth SN:070006,,final-curated-fallback-function-only,Response actuator for driving simulator state changes for Abdominal Palpation Model Set Pregnangy and birth SN:070006,Primary response actuator for simulator state control
pmsr:CPI5570896012803,pmsr:/COM909d6d9cdb98cf3b5,ncit:C16830/CTS/0003,0003,pmsr:INI1784603367466,Abdominal Palpation Model Set Pregnangy and birth SN:070006,Medical Device Interaction Event Detector,component-evidence-name,Simulation support component for Abdominal Palpation Model Set Pregnangy and birth SN:070006,Interaction event detector for tracking learner actions for Abdominal Palpation Model Set Pregnangy and birth SN:070006
pmsr:CPI9989287549395,pmsr:/COM17860549784667900,ncit:C16830/CTS/0001,0001,pmsr:INI1784603367467,Abdominal Palpation Model Set Pregnangy and birth SN:070007,,final-curated-fallback-function-only,State detector for monitoring simulator condition changes for Abdominal Palpation Model Set Pregnangy and birth SN:070007,Primary state detector for simulator condition monitoring
pmsr:CPI6939623116549,pmsr:/COM17860549784667940,ncit:C16830/CTS/0002,0002,pmsr:INI1784603367467,Abdominal Palpation Model Set Pregnangy and birth SN:070007,,final-curated-fallback-function-only,Response actuator for driving simulator state changes for Abdominal Palpation Model Set Pregnangy and birth SN:070007,Primary response actuator for simulator state control
pmsr:CPI7738383377941,pmsr:/COM909d6d9cdb98cf3b5,ncit:C16830/CTS/0003,0003,pmsr:INI1784603367467,Abdominal Palpation Model Set Pregnangy and birth SN:070007,Medical Device Interaction Event Detector,component-evidence-name,Simulation support component for Abdominal Palpation Model Set Pregnangy and birth SN:070007,Interaction event detector for tracking learner actions for Abdominal Palpation Model Set Pregnangy and birth SN:070007
pmsr:CPI2190537168070,pmsr:/COM17860549784667900,ncit:C16830/CTS/0001,0001,pmsr:INI1784603367469,Abdominal Palpation Model Set Pregnangy and birth SN:070008,,final-curated-fallback-function-only,State detector for monitoring simulator condition changes for Abdominal Palpation Model Set Pregnangy and birth SN:070008,Primary state detector for simulator condition monitoring
pmsr:CPI8662504766919,pmsr:/COM17860549784667940,ncit:C16830/CTS/0002,0002,pmsr:INI1784603367469,Abdominal Palpation Model Set Pregnangy and birth SN:070008,,final-curated-fallback-function-only,Response actuator for driving simulator state changes for Abdominal Palpation Model Set Pregnangy and birth SN:070008,Primary response actuator for simulator state control
pmsr:CPI6129597612183,pmsr:/COM909d6d9cdb98cf3b5,ncit:C16830/CTS/0003,0003,pmsr:INI1784603367469,Abdominal Palpation Model Set Pregnangy and birth SN:070008,Medical Device Interaction Event Detector,component-evidence-name,Simulation support component for Abdominal Palpation Model Set Pregnangy and birth SN:070008,Interaction event detector for tracking learner actions for Abdominal Palpation Model Set Pregnangy and birth SN:070008
pmsr:CPI1155421288435,pmsr:/COM17860549784667900,ncit:C16830/CTS/0001,0001,pmsr:INI1784603367470,Abdominal Palpation Model Set Pregnangy and birth SN:070009,,final-curated-fallback-function-only,State detector for monitoring simulator condition changes for Abdominal Palpation Model Set Pregnangy and birth SN:070009,Primary state detector for simulator condition monitoring
pmsr:CPI2093711381721,pmsr:/COM17860549784667940,ncit:C16830/CTS/0002,0002,pmsr:INI1784603367470,Abdominal Palpation Model Set Pregnangy and birth SN:070009,,final-curated-fallback-function-only,Response actuator for driving simulator state changes for Abdominal Palpation Model Set Pregnangy and birth SN:070009,Primary response actuator for simulator state control
pmsr:CPI8445904966947,pmsr:/COM909d6d9cdb98cf3b5,ncit:C16830/CTS/0003,0003,pmsr:INI1784603367470,Abdominal Palpation Model Set Pregnangy and birth SN:070009,Medical Device Interaction Event Detector,component-evidence-name,Simulation support component for Abdominal Palpation Model Set Pregnangy and birth SN:070009,Interaction event detector for tracking learner actions for Abdominal Palpation Model Set Pregnangy and birth SN:070009
pmsr:CPI9937483445555,pmsr:/COM17860549784667900,ncit:C16830/CTS/0001,0001,pmsr:INI1784603367471,Abdominal Palpation Model Set Pregnangy and birth SN:070010,,final-curated-fallback-function-only,State detector for monitoring simulator condition changes for Abdominal Palpation Model Set Pregnangy and birth SN:070010,Primary state detector for simulator condition monitoring
pmsr:CPI1227344663148,pmsr:/COM17860549784667940,ncit:C16830/CTS/0002,0002,pmsr:INI1784603367471,Abdominal Palpation Model Set Pregnangy and birth SN:070010,,final-curated-fallback-function-only,Response actuator for driving simulator state changes for Abdominal Palpation Model Set Pregnangy and birth SN:070010,Primary response actuator for simulator state control
pmsr:CPI0483236904953,pmsr:/COM909d6d9cdb98cf3b5,ncit:C16830/CTS/0003,0003,pmsr:INI1784603367471,Abdominal Palpation Model Set Pregnangy and birth SN:070010,Medical Device Interaction Event Detector,component-evidence-name,Simulation support component for Abdominal Palpation Model Set Pregnangy and birth SN:070010,Interaction event detector for tracking learner actions for Abdominal Palpation Model Set Pregnangy and birth SN:070010
pmsr:CPI1232583706542,pmsr:/COM17860549784667900,ncit:C16830/CTS/0001,0001,pmsr:INI1784603367473,Abdominal Palpation Model Set Pregnangy and birth SN:070011,,final-curated-fallback-function-only,State detector for monitoring simulator condition changes for Abdominal Palpation Model Set Pregnangy and birth SN:070011,Primary state detector for simulator condition monitoring
pmsr:CPI2548555200477,pmsr:/COM17860549784667940,ncit:C16830/CTS/0002,0002,pmsr:INI1784603367473,Abdominal Palpation Model Set Pregnangy and birth SN:070011,,final-curated-fallback-function-only,Response actuator for driving simulator state changes for Abdominal Palpation Model Set Pregnangy and birth SN:070011,Primary response actuator for simulator state control
pmsr:CPI1770202138861,pmsr:/COM909d6d9cdb98cf3b5,ncit:C16830/CTS/0003,0003,pmsr:INI1784603367473,Abdominal Palpation Model Set Pregnangy and birth SN:070011,Medical Device Interaction Event Detector,component-evidence-name,Simulation support component for Abdominal Palpation Model Set Pregnangy and birth SN:070011,Interaction event detector for tracking learner actions for Abdominal Palpation Model Set Pregnangy and birth SN:070011
pmsr:CPI2095232321265,pmsr:/COM17860549784667900,ncit:C16830/CTS/0001,0001,pmsr:INI1784603367474,Abdominal Palpation Model Set Pregnangy and birth SN:070012,,final-curated-fallback-function-only,State detector for monitoring simulator condition changes for Abdominal Palpation Model Set Pregnangy and birth SN:070012,Primary state detector for simulator condition monitoring
pmsr:CPI3692483581746,pmsr:/COM17860549784667940,ncit:C16830/CTS/0002,0002,pmsr:INI1784603367474,Abdominal Palpation Model Set Pregnangy and birth SN:070012,,final-curated-fallback-function-only,Response actuator for driving simulator state changes for Abdominal Palpation Model Set Pregnangy and birth SN:070012,Primary response actuator for simulator state control
pmsr:CPI3941225608757,pmsr:/COM909d6d9cdb98cf3b5,ncit:C16830/CTS/0003,0003,pmsr:INI1784603367474,Abdominal Palpation Model Set Pregnangy and birth SN:070012,Medical Device Interaction Event Detector,component-evidence-name,Simulation support component for Abdominal Palpation Model Set Pregnangy and birth SN:070012,Interaction event detector for tracking learner actions for Abdominal Palpation Model Set Pregnangy and birth SN:070012
pmsr:CPI8776562718119,pmsr:/COM17860549784667900,ncit:C16830/CTS/0001,0001,pmsr:INI1784603367475,Breast cancer palpation model SN:070013,,final-curated-fallback-function-only,State detector for monitoring simulator condition changes for Breast cancer palpation model SN:070013,Primary state detector for simulator condition monitoring
pmsr:CPI9249320896615,pmsr:/COM17860549784667940,ncit:C16830/CTS/0002,0002,pmsr:INI1784603367475,Breast cancer palpation model SN:070013,,final-curated-fallback-function-only,Response actuator for driving simulator state changes for Breast cancer palpation model SN:070013,Primary response actuator for simulator state control
pmsr:CPI7272964472430,pmsr:/COM909d6d9cdb98cf3b5,ncit:C16830/CTS/0003,0003,pmsr:INI1784603367475,Breast cancer palpation model SN:070013,Medical Device Interaction Event Detector,component-evidence-name,Simulation support component for Breast cancer palpation model SN:070013,Interaction event detector for tracking learner actions for Breast cancer palpation model SN:070013
pmsr:CPI7873013839852,pmsr:/COM17860549784667900,ncit:C16830/CTS/0001,0001,pmsr:INI1784603367476,Breast cancer palpation model SN:070014,,final-curated-fallback-function-only,State detector for monitoring simulator condition changes for Breast cancer palpation model SN:070014,Primary state detector for simulator condition monitoring
pmsr:CPI8437694483472,pmsr:/COM17860549784667940,ncit:C16830/CTS/0002,0002,pmsr:INI1784603367476,Breast cancer palpation model SN:070014,,final-curated-fallback-function-only,Response actuator for driving simulator state changes for Breast cancer palpation model SN:070014,Primary response actuator for simulator state control
pmsr:CPI8637214452364,pmsr:/COM909d6d9cdb98cf3b5,ncit:C16830/CTS/0003,0003,pmsr:INI1784603367476,Breast cancer palpation model SN:070014,Medical Device Interaction Event Detector,component-evidence-name,Simulation support component for Breast cancer palpation model SN:070014,Interaction event detector for tracking learner actions for Breast cancer palpation model SN:070014
pmsr:CPI0231434523786,pmsr:/COM17860549784667900,ncit:C16830/CTS/0001,0001,pmsr:INI1784603367478,Breast cancer palpation model SN:070015,,final-curated-fallback-function-only,State detector for monitoring simulator condition changes for Breast cancer palpation model SN:070015,Primary state detector for simulator condition monitoring
pmsr:CPI2758090036333,pmsr:/COM17860549784667940,ncit:C16830/CTS/0002,0002,pmsr:INI1784603367478,Breast cancer palpation model SN:070015,,final-curated-fallback-function-only,Response actuator for driving simulator state changes for Breast cancer palpation model SN:070015,Primary response actuator for simulator state control
pmsr:CPI5069165072788,pmsr:/COM909d6d9cdb98cf3b5,ncit:C16830/CTS/0003,0003,pmsr:INI1784603367478,Breast cancer palpation model SN:070015,Medical Device Interaction Event Detector,component-evidence-name,Simulation support component for Breast cancer palpation model SN:070015,Interaction event detector for tracking learner actions for Breast cancer palpation model SN:070015
pmsr:CPI2868652090973,pmsr:/COM17860549784667900,ncit:C16830/CTS/0001,0001,pmsr:INI1784603367479,Breast cancer palpation model SN:070016,,final-curated-fallback-function-only,State detector for monitoring simulator condition changes for Breast cancer palpation model SN:070016,Primary state detector for simulator condition monitoring
pmsr:CPI4800026299238,pmsr:/COM17860549784667940,ncit:C16830/CTS/0002,0002,pmsr:INI1784603367479,Breast cancer palpation model SN:070016,,final-curated-fallback-function-only,Response actuator for driving simulator state changes for Breast cancer palpation model SN:070016,Primary response actuator for simulator state control
pmsr:CPI8491036337182,pmsr:/COM909d6d9cdb98cf3b5,ncit:C16830/CTS/0003,0003,pmsr:INI1784603367479,Breast cancer palpation model SN:070016,Medical Device Interaction Event Detector,component-evidence-name,Simulation support component for Breast cancer palpation model SN:070016,Interaction event detector for tracking learner actions for Breast cancer palpation model SN:070016
pmsr:CPI8247306874506,pmsr:/COM17860549784667900,ncit:C16830/CTS/0001,0001,pmsr:INI1784603367480,Breast cancer palpation model SN:070017,,final-curated-fallback-function-only,State detector for monitoring simulator condition changes for Breast cancer palpation model SN:070017,Primary state detector for simulator condition monitoring
pmsr:CPI2761298798376,pmsr:/COM17860549784667940,ncit:C16830/CTS/0002,0002,pmsr:INI1784603367480,Breast cancer palpation model SN:070017,,final-curated-fallback-function-only,Response actuator for driving simulator state changes for Breast cancer palpation model SN:070017,Primary response actuator for simulator state control
pmsr:CPI0069171874810,pmsr:/COM909d6d9cdb98cf3b5,ncit:C16830/CTS/0003,0003,pmsr:INI1784603367480,Breast cancer palpation model SN:070017,Medical Device Interaction Event Detector,component-evidence-name,Simulation support component for Breast cancer palpation model SN:070017,Interaction event detector for tracking learner actions for Breast cancer palpation model SN:070017
pmsr:CPI4971542969144,pmsr:/COM17860549784667900,ncit:C16830/CTS/0001,0001,pmsr:INI1784603367482,Breast cancer palpation model SN:070018,,final-curated-fallback-function-only,State detector for monitoring simulator condition changes for Breast cancer palpation model SN:070018,Primary state detector for simulator condition monitoring
pmsr:CPI2983193121789,pmsr:/COM17860549784667940,ncit:C16830/CTS/0002,0002,pmsr:INI1784603367482,Breast cancer palpation model SN:070018,,final-curated-fallback-function-only,Response actuator for driving simulator state changes for Breast cancer palpation model SN:070018,Primary response actuator for simulator state control
pmsr:CPI8037549594032,pmsr:/COM909d6d9cdb98cf3b5,ncit:C16830/CTS/0003,0003,pmsr:INI1784603367482,Breast cancer palpation model SN:070018,Medical Device Interaction Event Detector,component-evidence-name,Simulation support component for Breast cancer palpation model SN:070018,Interaction event detector for tracking learner actions for Breast cancer palpation model SN:070018
pmsr:CPI2276614783990,pmsr:/COM17860549784667900,ncit:C16830/CTS/0001,0001,pmsr:INI1784603367483,Breast cancer palpation model SN:070019,,final-curated-fallback-function-only,State detector for monitoring simulator condition changes for Breast cancer palpation model SN:070019,Primary state detector for simulator condition monitoring
pmsr:CPI7228421310022,pmsr:/COM17860549784667940,ncit:C16830/CTS/0002,0002,pmsr:INI1784603367483,Breast cancer palpation model SN:070019,,final-curated-fallback-function-only,Response actuator for driving simulator state changes for Breast cancer palpation model SN:070019,Primary response actuator for simulator state control
pmsr:CPI1854014720092,pmsr:/COM909d6d9cdb98cf3b5,ncit:C16830/CTS/0003,0003,pmsr:INI1784603367483,Breast cancer palpation model SN:070019,Medical Device Interaction Event Detector,component-evidence-name,Simulation support component for Breast cancer palpation model SN:070019,Interaction event detector for tracking learner actions for Breast cancer palpation model SN:070019
pmsr:CPI9311428923812,pmsr:/COM17860549784667900,ncit:C16830/CTS/0001,0001,pmsr:INI1784603367484,Breast cancer palpation model SN:070020,,final-curated-fallback-function-only,State detector for monitoring simulator condition changes for Breast cancer palpation model SN:070020,Primary state detector for simulator condition monitoring
pmsr:CPI3304044667587,pmsr:/COM17860549784667940,ncit:C16830/CTS/0002,0002,pmsr:INI1784603367484,Breast cancer palpation model SN:070020,,final-curated-fallback-function-only,Response actuator for driving simulator state changes for Breast cancer palpation model SN:070020,Primary response actuator for simulator state control
pmsr:CPI3905245835403,pmsr:/COM909d6d9cdb98cf3b5,ncit:C16830/CTS/0003,0003,pmsr:INI1784603367484,Breast cancer palpation model SN:070020,Medical Device Interaction Event Detector,component-evidence-name,Simulation support component for Breast cancer palpation model SN:070020,Interaction event detector for tracking learner actions for Breast cancer palpation model SN:070020
pmsr:CPI8287028299380,pmsr:/COM17860549784667900,ncit:C16830/CTS/0001,0001,pmsr:INI1784603367486,Breast cancer palpation model SN:070021,,final-curated-fallback-function-only,State detector for monitoring simulator condition changes for Breast cancer palpation model SN:070021,Primary state detector for simulator condition monitoring
pmsr:CPI8571542524066,pmsr:/COM17860549784667940,ncit:C16830/CTS/0002,0002,pmsr:INI1784603367486,Breast cancer palpation model SN:070021,,final-curated-fallback-function-only,Response actuator for driving simulator state changes for Breast cancer palpation model SN:070021,Primary response actuator for simulator state control
pmsr:CPI1593265621108,pmsr:/COM909d6d9cdb98cf3b5,ncit:C16830/CTS/0003,0003,pmsr:INI1784603367486,Breast cancer palpation model SN:070021,Medical Device Interaction Event Detector,component-evidence-name,Simulation support component for Breast cancer palpation model SN:070021,Interaction event detector for tracking learner actions for Breast cancer palpation model SN:070021
pmsr:CPI0865599419780,pmsr:/COM17860549784667900,ncit:C16830/CTS/0001,0001,pmsr:INI1784603367487,Breast cancer palpation model SN:070022,,final-curated-fallback-function-only,State detector for monitoring simulator condition changes for Breast cancer palpation model SN:070022,Primary state detector for simulator condition monitoring
pmsr:CPI6744860276672,pmsr:/COM17860549784667940,ncit:C16830/CTS/0002,0002,pmsr:INI1784603367487,Breast cancer palpation model SN:070022,,final-curated-fallback-function-only,Response actuator for driving simulator state changes for Breast cancer palpation model SN:070022,Primary response actuator for simulator state control
pmsr:CPI1891155597245,pmsr:/COM909d6d9cdb98cf3b5,ncit:C16830/CTS/0003,0003,pmsr:INI1784603367487,Breast cancer palpation model SN:070022,Medical Device Interaction Event Detector,component-evidence-name,Simulation support component for Breast cancer palpation model SN:070022,Interaction event detector for tracking learner actions for Breast cancer palpation model SN:070022
pmsr:CPI2261058582980,pmsr:/COM17860549784667900,ncit:C16830/CTS/0001,0001,pmsr:INI1784603367488,Breast cancer palpation model SN:070023,,final-curated-fallback-function-only,State detector for monitoring simulator condition changes for Breast cancer palpation model SN:070023,Primary state detector for simulator condition monitoring
pmsr:CPI2289097396754,pmsr:/COM17860549784667940,ncit:C16830/CTS/0002,0002,pmsr:INI1784603367488,Breast cancer palpation model SN:070023,,final-curated-fallback-function-only,Response actuator for driving simulator state changes for Breast cancer palpation model SN:070023,Primary response actuator for simulator state control
pmsr:CPI1155669174207,pmsr:/COM909d6d9cdb98cf3b5,ncit:C16830/CTS/0003,0003,pmsr:INI1784603367488,Breast cancer palpation model SN:070023,Medical Device Interaction Event Detector,component-evidence-name,Simulation support component for Breast cancer palpation model SN:070023,Interaction event detector for tracking learner actions for Breast cancer palpation model SN:070023
pmsr:CPI6808350457011,pmsr:/COM17860549784667900,ncit:C16830/CTS/0001,0001,pmsr:INI1784603367490,Breast cancer palpation model SN:070024,,final-curated-fallback-function-only,State detector for monitoring simulator condition changes for Breast cancer palpation model SN:070024,Primary state detector for simulator condition monitoring
pmsr:CPI0580222032478,pmsr:/COM17860549784667940,ncit:C16830/CTS/0002,0002,pmsr:INI1784603367490,Breast cancer palpation model SN:070024,,final-curated-fallback-function-only,Response actuator for driving simulator state changes for Breast cancer palpation model SN:070024,Primary response actuator for simulator state control
pmsr:CPI9696865897429,pmsr:/COM909d6d9cdb98cf3b5,ncit:C16830/CTS/0003,0003,pmsr:INI1784603367490,Breast cancer palpation model SN:070024,Medical Device Interaction Event Detector,component-evidence-name,Simulation support component for Breast cancer palpation model SN:070024,Interaction event detector for tracking learner actions for Breast cancer palpation model SN:070024
pmsr:CPI4799730516853,pmsr:/COM17860549784667900,ncit:C16830/CTS/0001,0001,pmsr:INI1784603367491,Breast examination simulator SN:070025,,final-curated-fallback-function-only,State detector for monitoring simulator condition changes for Breast examination simulator SN:070025,Primary state detector for simulator condition monitoring
pmsr:CPI1569550666317,pmsr:/COM17860549784667940,ncit:C16830/CTS/0002,0002,pmsr:INI1784603367491,Breast examination simulator SN:070025,,final-curated-fallback-function-only,Response actuator for driving simulator state changes for Breast examination simulator SN:070025,Primary response actuator for simulator state control
pmsr:CPI6311313415262,pmsr:/COM909d6d9cdb98cf3b5,ncit:C16830/CTS/0003,0003,pmsr:INI1784603367491,Breast examination simulator SN:070025,Medical Device Interaction Event Detector,component-evidence-name,Simulation support component for Breast examination simulator SN:070025,Interaction event detector for tracking learner actions for Breast examination simulator SN:070025
pmsr:CPI0832828390957,pmsr:/COM17860549784667900,ncit:C16830/CTS/0001,0001,pmsr:INI1784603367492,Breast examination simulator SN:070026,,final-curated-fallback-function-only,State detector for monitoring simulator condition changes for Breast examination simulator SN:070026,Primary state detector for simulator condition monitoring
pmsr:CPI5434579589925,pmsr:/COM17860549784667940,ncit:C16830/CTS/0002,0002,pmsr:INI1784603367492,Breast examination simulator SN:070026,,final-curated-fallback-function-only,Response actuator for driving simulator state changes for Breast examination simulator SN:070026,Primary response actuator for simulator state control
pmsr:CPI8803381162791,pmsr:/COM909d6d9cdb98cf3b5,ncit:C16830/CTS/0003,0003,pmsr:INI1784603367492,Breast examination simulator SN:070026,Medical Device Interaction Event Detector,component-evidence-name,Simulation support component for Breast examination simulator SN:070026,Interaction event detector for tracking learner actions for Breast examination simulator SN:070026
pmsr:CPI4886088455835,pmsr:/COM17860549784667900,ncit:C16830/CTS/0001,0001,pmsr:INI1784603367494,Breast examination simulator SN:070027,,final-curated-fallback-function-only,State detector for monitoring simulator condition changes for Breast examination simulator SN:070027,Primary state detector for simulator condition monitoring
pmsr:CPI2379140855397,pmsr:/COM17860549784667940,ncit:C16830/CTS/0002,0002,pmsr:INI1784603367494,Breast examination simulator SN:070027,,final-curated-fallback-function-only,Response actuator for driving simulator state changes for Breast examination simulator SN:070027,Primary response actuator for simulator state control
pmsr:CPI7541357973462,pmsr:/COM909d6d9cdb98cf3b5,ncit:C16830/CTS/0003,0003,pmsr:INI1784603367494,Breast examination simulator SN:070027,Medical Device Interaction Event Detector,component-evidence-name,Simulation support component for Breast examination simulator SN:070027,Interaction event detector for tracking learner actions for Breast examination simulator SN:070027
pmsr:CPI0218726930439,pmsr:/COM17860549784667900,ncit:C16830/CTS/0001,0001,pmsr:INI1784603367495,Breast examination simulator SN:070028,,final-curated-fallback-function-only,State detector for monitoring simulator condition changes for Breast examination simulator SN:070028,Primary state detector for simulator condition monitoring
pmsr:CPI8916291710182,pmsr:/COM17860549784667940,ncit:C16830/CTS/0002,0002,pmsr:INI1784603367495,Breast examination simulator SN:070028,,final-curated-fallback-function-only,Response actuator for driving simulator state changes for Breast examination simulator SN:070028,Primary response actuator for simulator state control
pmsr:CPI3043274149866,pmsr:/COM909d6d9cdb98cf3b5,ncit:C16830/CTS/0003,0003,pmsr:INI1784603367495,Breast examination simulator SN:070028,Medical Device Interaction Event Detector,component-evidence-name,Simulation support component for Breast examination simulator SN:070028,Interaction event detector for tracking learner actions for Breast examination simulator SN:070028
pmsr:CPI5110964507493,pmsr:/COM17860549784667900,ncit:C16830/CTS/0001,0001,pmsr:INI1784603367496,Breast examination simulator SN:070029,,final-curated-fallback-function-only,State detector for monitoring simulator condition changes for Breast examination simulator SN:070029,Primary state detector for simulator condition monitoring
pmsr:CPI6413080751687,pmsr:/COM17860549784667940,ncit:C16830/CTS/0002,0002,pmsr:INI1784603367496,Breast examination simulator SN:070029,,final-curated-fallback-function-only,Response actuator for driving simulator state changes for Breast examination simulator SN:070029,Primary response actuator for simulator state control
pmsr:CPI4600794258260,pmsr:/COM909d6d9cdb98cf3b5,ncit:C16830/CTS/0003,0003,pmsr:INI1784603367496,Breast examination simulator SN:070029,Medical Device Interaction Event Detector,component-evidence-name,Simulation support component for Breast examination simulator SN:070029,Interaction event detector for tracking learner actions for Breast examination simulator SN:070029
pmsr:CPI2028746533372,pmsr:/COM17860549784667900,ncit:C16830/CTS/0001,0001,pmsr:INI1784603367498,Breast examination simulator SN:070030,,final-curated-fallback-function-only,State detector for monitoring simulator condition changes for Breast examination simulator SN:070030,Primary state detector for simulator condition monitoring
pmsr:CPI0322829583010,pmsr:/COM17860549784667940,ncit:C16830/CTS/0002,0002,pmsr:INI1784603367498,Breast examination simulator SN:070030,,final-curated-fallback-function-only,Response actuator for driving simulator state changes for Breast examination simulator SN:070030,Primary response actuator for simulator state control
pmsr:CPI4125224411493,pmsr:/COM909d6d9cdb98cf3b5,ncit:C16830/CTS/0003,0003,pmsr:INI1784603367498,Breast examination simulator SN:070030,Medical Device Interaction Event Detector,component-evidence-name,Simulation support component for Breast examination simulator SN:070030,Interaction event detector for tracking learner actions for Breast examination simulator SN:070030
pmsr:CPI2739707123280,pmsr:/COM17860549784667900,ncit:C16830/CTS/0001,0001,pmsr:INI1784603367499,Breast examination simulator SN:070031,,final-curated-fallback-function-only,State detector for monitoring simulator condition changes for Breast examination simulator SN:070031,Primary state detector for simulator condition monitoring
pmsr:CPI3641160847742,pmsr:/COM17860549784667940,ncit:C16830/CTS/0002,0002,pmsr:INI1784603367499,Breast examination simulator SN:070031,,final-curated-fallback-function-only,Response actuator for driving simulator state changes for Breast examination simulator SN:070031,Primary response actuator for simulator state control
pmsr:CPI8736318559793,pmsr:/COM909d6d9cdb98cf3b5,ncit:C16830/CTS/0003,0003,pmsr:INI1784603367499,Breast examination simulator SN:070031,Medical Device Interaction Event Detector,component-evidence-name,Simulation support component for Breast examination simulator SN:070031,Interaction event detector for tracking learner actions for Breast examination simulator SN:070031
pmsr:CPI2203711481569,pmsr:/COM17860549784667900,ncit:C16830/CTS/0001,0001,pmsr:INI1784603367500,Breast examination simulator SN:070032,,final-curated-fallback-function-only,State detector for monitoring simulator condition changes for Breast examination simulator SN:070032,Primary state detector for simulator condition monitoring
pmsr:CPI6591982578772,pmsr:/COM17860549784667940,ncit:C16830/CTS/0002,0002,pmsr:INI1784603367500,Breast examination simulator SN:070032,,final-curated-fallback-function-only,Response actuator for driving simulator state changes for Breast examination simulator SN:070032,Primary response actuator for simulator state control
pmsr:CPI7977080867509,pmsr:/COM909d6d9cdb98cf3b5,ncit:C16830/CTS/0003,0003,pmsr:INI1784603367500,Breast examination simulator SN:070032,Medical Device Interaction Event Detector,component-evidence-name,Simulation support component for Breast examination simulator SN:070032,Interaction event detector for tracking learner actions for Breast examination simulator SN:070032
pmsr:CPI1130800694939,pmsr:/COM17860549784667900,ncit:C16830/CTS/0001,0001,pmsr:INI1784603367502,Breast examination simulator SN:070033,,final-curated-fallback-function-only,State detector for monitoring simulator condition changes for Breast examination simulator SN:070033,Primary state detector for simulator condition monitoring
pmsr:CPI5941927218003,pmsr:/COM17860549784667940,ncit:C16830/CTS/0002,0002,pmsr:INI1784603367502,Breast examination simulator SN:070033,,final-curated-fallback-function-only,Response actuator for driving simulator state changes for Breast examination simulator SN:070033,Primary response actuator for simulator state control
pmsr:CPI9065013071315,pmsr:/COM909d6d9cdb98cf3b5,ncit:C16830/CTS/0003,0003,pmsr:INI1784603367502,Breast examination simulator SN:070033,Medical Device Interaction Event Detector,component-evidence-name,Simulation support component for Breast examination simulator SN:070033,Interaction event detector for tracking learner actions for Breast examination simulator SN:070033
pmsr:CPI1752977575331,pmsr:/COM17860549784667900,ncit:C16830/CTS/0001,0001,pmsr:INI1784603367503,Breast examination simulator SN:070034,,final-curated-fallback-function-only,State detector for monitoring simulator condition changes for Breast examination simulator SN:070034,Primary state detector for simulator condition monitoring
pmsr:CPI0821412976181,pmsr:/COM17860549784667940,ncit:C16830/CTS/0002,0002,pmsr:INI1784603367503,Breast examination simulator SN:070034,,final-curated-fallback-function-only,Response actuator for driving simulator state changes for Breast examination simulator SN:070034,Primary response actuator for simulator state control
pmsr:CPI5505353096765,pmsr:/COM909d6d9cdb98cf3b5,ncit:C16830/CTS/0003,0003,pmsr:INI1784603367503,Breast examination simulator SN:070034,Medical Device Interaction Event Detector,component-evidence-name,Simulation support component for Breast examination simulator SN:070034,Interaction event detector for tracking learner actions for Breast examination simulator SN:070034
pmsr:CPI9010798787502,pmsr:/COM17860549784667900,ncit:C16830/CTS/0001,0001,pmsr:INI1784603367504,Breast examination simulator SN:070035,,final-curated-fallback-function-only,State detector for monitoring simulator condition changes for Breast examination simulator SN:070035,Primary state detector for simulator condition monitoring
pmsr:CPI4901905239055,pmsr:/COM17860549784667940,ncit:C16830/CTS/0002,0002,pmsr:INI1784603367504,Breast examination simulator SN:070035,,final-curated-fallback-function-only,Response actuator for driving simulator state changes for Breast examination simulator SN:070035,Primary response actuator for simulator state control
pmsr:CPI7687107731491,pmsr:/COM909d6d9cdb98cf3b5,ncit:C16830/CTS/0003,0003,pmsr:INI1784603367504,Breast examination simulator SN:070035,Medical Device Interaction Event Detector,component-evidence-name,Simulation support component for Breast examination simulator SN:070035,Interaction event detector for tracking learner actions for Breast examination simulator SN:070035
pmsr:CPI6940108826689,pmsr:/COM17860549784667900,ncit:C16830/CTS/0001,0001,pmsr:INI1784603367506,Breast examination simulator SN:070036,,final-curated-fallback-function-only,State detector for monitoring simulator condition changes for Breast examination simulator SN:070036,Primary state detector for simulator condition monitoring
pmsr:CPI4409582927532,pmsr:/COM17860549784667940,ncit:C16830/CTS/0002,0002,pmsr:INI1784603367506,Breast examination simulator SN:070036,,final-curated-fallback-function-only,Response actuator for driving simulator state changes for Breast examination simulator SN:070036,Primary response actuator for simulator state control
pmsr:CPI8150167158781,pmsr:/COM909d6d9cdb98cf3b5,ncit:C16830/CTS/0003,0003,pmsr:INI1784603367506,Breast examination simulator SN:070036,Medical Device Interaction Event Detector,component-evidence-name,Simulation support component for Breast examination simulator SN:070036,Interaction event detector for tracking learner actions for Breast examination simulator SN:070036
pmsr:CPI5655675108356,pmsr:/COM17860549784667900,ncit:C16830/CTS/0001,0001,pmsr:INI1784603367516,Câmeras de Documentação Científica SN:070044,,final-curated-fallback-function-only,State detector for monitoring simulator condition changes for Câmeras de Documentação Científica SN:070044,Primary state detector for simulator condition monitoring
pmsr:CPI2223263731122,pmsr:/COM17860549784667940,ncit:C16830/CTS/0002,0002,pmsr:INI1784603367516,Câmeras de Documentação Científica SN:070044,,final-curated-fallback-function-only,Response actuator for driving simulator state changes for Câmeras de Documentação Científica SN:070044,Primary response actuator for simulator state control
pmsr:CPI7686369514708,pmsr:/COM909d6d9cdb98cf3b5,ncit:C16830/CTS/0003,0003,pmsr:INI1784603367516,Câmeras de Documentação Científica SN:070044,Medical Device Interaction Event Detector,component-evidence-name,Simulation support component for Câmeras de Documentação Científica SN:070044,Interaction event detector for tracking learner actions for Câmeras de Documentação Científica SN:070044
pmsr:CPI4057905715443,pmsr:/COM17860549784667900,ncit:C16830/CTS/0001,0001,pmsr:INI1784603367517,Câmeras de Documentação Científica SN:070045,,final-curated-fallback-function-only,State detector for monitoring simulator condition changes for Câmeras de Documentação Científica SN:070045,Primary state detector for simulator condition monitoring
pmsr:CPI6272475118477,pmsr:/COM17860549784667940,ncit:C16830/CTS/0002,0002,pmsr:INI1784603367517,Câmeras de Documentação Científica SN:070045,,final-curated-fallback-function-only,Response actuator for driving simulator state changes for Câmeras de Documentação Científica SN:070045,Primary response actuator for simulator state control
pmsr:CPI3537319575419,pmsr:/COM909d6d9cdb98cf3b5,ncit:C16830/CTS/0003,0003,pmsr:INI1784603367517,Câmeras de Documentação Científica SN:070045,Medical Device Interaction Event Detector,component-evidence-name,Simulation support component for Câmeras de Documentação Científica SN:070045,Interaction event detector for tracking learner actions for Câmeras de Documentação Científica SN:070045
pmsr:CPI5144999856344,pmsr:/COM17860549784667900,ncit:C16830/CTS/0001,0001,pmsr:INI1784603367519,Câmeras de Documentação Científica SN:070046,,final-curated-fallback-function-only,State detector for monitoring simulator condition changes for Câmeras de Documentação Científica SN:070046,Primary state detector for simulator condition monitoring
pmsr:CPI9171844493783,pmsr:/COM17860549784667940,ncit:C16830/CTS/0002,0002,pmsr:INI1784603367519,Câmeras de Documentação Científica SN:070046,,final-curated-fallback-function-only,Response actuator for driving simulator state changes for Câmeras de Documentação Científica SN:070046,Primary response actuator for simulator state control
pmsr:CPI5481267493723,pmsr:/COM909d6d9cdb98cf3b5,ncit:C16830/CTS/0003,0003,pmsr:INI1784603367519,Câmeras de Documentação Científica SN:070046,Medical Device Interaction Event Detector,component-evidence-name,Simulation support component for Câmeras de Documentação Científica SN:070046,Interaction event detector for tracking learner actions for Câmeras de Documentação Científica SN:070046
pmsr:CPI6914342863864,pmsr:/COM17860549784667900,ncit:C16830/CTS/0001,0001,pmsr:INI1784603367520,Câmeras de Documentação Científica SN:070047,,final-curated-fallback-function-only,State detector for monitoring simulator condition changes for Câmeras de Documentação Científica SN:070047,Primary state detector for simulator condition monitoring
pmsr:CPI0527968234618,pmsr:/COM17860549784667940,ncit:C16830/CTS/0002,0002,pmsr:INI1784603367520,Câmeras de Documentação Científica SN:070047,,final-curated-fallback-function-only,Response actuator for driving simulator state changes for Câmeras de Documentação Científica SN:070047,Primary response actuator for simulator state control
pmsr:CPI3260668795355,pmsr:/COM909d6d9cdb98cf3b5,ncit:C16830/CTS/0003,0003,pmsr:INI1784603367520,Câmeras de Documentação Científica SN:070047,Medical Device Interaction Event Detector,component-evidence-name,Simulation support component for Câmeras de Documentação Científica SN:070047,Interaction event detector for tracking learner actions for Câmeras de Documentação Científica SN:070047
pmsr:CPI2411943972065,pmsr:/COM17860549784667900,ncit:C16830/CTS/0001,0001,pmsr:INI1784603367521,Câmeras de Documentação Científica SN:070048,,final-curated-fallback-function-only,State detector for monitoring simulator condition changes for Câmeras de Documentação Científica SN:070048,Primary state detector for simulator condition monitoring
pmsr:CPI9299638104253,pmsr:/COM17860549784667940,ncit:C16830/CTS/0002,0002,pmsr:INI1784603367521,Câmeras de Documentação Científica SN:070048,,final-curated-fallback-function-only,Response actuator for driving simulator state changes for Câmeras de Documentação Científica SN:070048,Primary response actuator for simulator state control
pmsr:CPI4097786333361,pmsr:/COM909d6d9cdb98cf3b5,ncit:C16830/CTS/0003,0003,pmsr:INI1784603367521,Câmeras de Documentação Científica SN:070048,Medical Device Interaction Event Detector,component-evidence-name,Simulation support component for Câmeras de Documentação Científica SN:070048,Interaction event detector for tracking learner actions for Câmeras de Documentação Científica SN:070048
pmsr:CPI0115139403734,pmsr:/COM17860549784667900,ncit:C16830/CTS/0001,0001,pmsr:INI1784603367525,Injection trainer SN:070051,,final-curated-fallback-function-only,State detector for monitoring simulator condition changes for Injection trainer SN:070051,Primary state detector for simulator condition monitoring
pmsr:CPI8528499898138,pmsr:/COM17860549784667940,ncit:C16830/CTS/0002,0002,pmsr:INI1784603367525,Injection trainer SN:070051,,final-curated-fallback-function-only,Response actuator for driving simulator state changes for Injection trainer SN:070051,Primary response actuator for simulator state control
pmsr:CPI5398288865486,pmsr:/COM909d6d9cdb98cf3b5,ncit:C16830/CTS/0003,0003,pmsr:INI1784603367525,Injection trainer SN:070051,Medical Device Interaction Event Detector,component-evidence-name,Simulation support component for Injection trainer SN:070051,Interaction event detector for tracking learner actions for Injection trainer SN:070051
pmsr:CPI9655193553286,pmsr:/COM17860549784667900,ncit:C16830/CTS/0001,0001,pmsr:INI1784603367527,Injection trainer SN:070052,,final-curated-fallback-function-only,State detector for monitoring simulator condition changes for Injection trainer SN:070052,Primary state detector for simulator condition monitoring
pmsr:CPI8134538548451,pmsr:/COM17860549784667940,ncit:C16830/CTS/0002,0002,pmsr:INI1784603367527,Injection trainer SN:070052,,final-curated-fallback-function-only,Response actuator for driving simulator state changes for Injection trainer SN:070052,Primary response actuator for simulator state control
pmsr:CPI9365862484269,pmsr:/COM909d6d9cdb98cf3b5,ncit:C16830/CTS/0003,0003,pmsr:INI1784603367527,Injection trainer SN:070052,Medical Device Interaction Event Detector,component-evidence-name,Simulation support component for Injection trainer SN:070052,Interaction event detector for tracking learner actions for Injection trainer SN:070052
pmsr:CPI6501022905934,pmsr:/COM17860549784667900,ncit:C16830/CTS/0001,0001,pmsr:INI1784603367528,Injection trainer SN:070053,,final-curated-fallback-function-only,State detector for monitoring simulator condition changes for Injection trainer SN:070053,Primary state detector for simulator condition monitoring
pmsr:CPI4395528303230,pmsr:/COM17860549784667940,ncit:C16830/CTS/0002,0002,pmsr:INI1784603367528,Injection trainer SN:070053,,final-curated-fallback-function-only,Response actuator for driving simulator state changes for Injection trainer SN:070053,Primary response actuator for simulator state control
pmsr:CPI9552991402960,pmsr:/COM909d6d9cdb98cf3b5,ncit:C16830/CTS/0003,0003,pmsr:INI1784603367528,Injection trainer SN:070053,Medical Device Interaction Event Detector,component-evidence-name,Simulation support component for Injection trainer SN:070053,Interaction event detector for tracking learner actions for Injection trainer SN:070053
pmsr:CPI5427709073949,pmsr:/COM17860549784667900,ncit:C16830/CTS/0001,0001,pmsr:INI1784603367529,Injection trainer SN:070054,,final-curated-fallback-function-only,State detector for monitoring simulator condition changes for Injection trainer SN:070054,Primary state detector for simulator condition monitoring
pmsr:CPI3427281788699,pmsr:/COM17860549784667940,ncit:C16830/CTS/0002,0002,pmsr:INI1784603367529,Injection trainer SN:070054,,final-curated-fallback-function-only,Response actuator for driving simulator state changes for Injection trainer SN:070054,Primary response actuator for simulator state control
pmsr:CPI3439916767713,pmsr:/COM909d6d9cdb98cf3b5,ncit:C16830/CTS/0003,0003,pmsr:INI1784603367529,Injection trainer SN:070054,Medical Device Interaction Event Detector,component-evidence-name,Simulation support component for Injection trainer SN:070054,Interaction event detector for tracking learner actions for Injection trainer SN:070054
pmsr:CPI0804358860115,pmsr:/COM17860549784667900,ncit:C16830/CTS/0001,0001,pmsr:INI1784603367531,Injection trainer SN:070055,,final-curated-fallback-function-only,State detector for monitoring simulator condition changes for Injection trainer SN:070055,Primary state detector for simulator condition monitoring
pmsr:CPI9332167194301,pmsr:/COM17860549784667940,ncit:C16830/CTS/0002,0002,pmsr:INI1784603367531,Injection trainer SN:070055,,final-curated-fallback-function-only,Response actuator for driving simulator state changes for Injection trainer SN:070055,Primary response actuator for simulator state control
pmsr:CPI1220544359468,pmsr:/COM909d6d9cdb98cf3b5,ncit:C16830/CTS/0003,0003,pmsr:INI1784603367531,Injection trainer SN:070055,Medical Device Interaction Event Detector,component-evidence-name,Simulation support component for Injection trainer SN:070055,Interaction event detector for tracking learner actions for Injection trainer SN:070055
pmsr:CPI5608756321925,pmsr:/COM17860549784667900,ncit:C16830/CTS/0001,0001,pmsr:INI1784603367532,Injection trainer SN:070056,,final-curated-fallback-function-only,State detector for monitoring simulator condition changes for Injection trainer SN:070056,Primary state detector for simulator condition monitoring
pmsr:CPI1136410032552,pmsr:/COM17860549784667940,ncit:C16830/CTS/0002,0002,pmsr:INI1784603367532,Injection trainer SN:070056,,final-curated-fallback-function-only,Response actuator for driving simulator state changes for Injection trainer SN:070056,Primary response actuator for simulator state control
pmsr:CPI4950905626266,pmsr:/COM909d6d9cdb98cf3b5,ncit:C16830/CTS/0003,0003,pmsr:INI1784603367532,Injection trainer SN:070056,Medical Device Interaction Event Detector,component-evidence-name,Simulation support component for Injection trainer SN:070056,Interaction event detector for tracking learner actions for Injection trainer SN:070056
pmsr:CPI6215325816498,pmsr:/COM17860549784667900,ncit:C16830/CTS/0001,0001,pmsr:INI1784603367533,Injection trainer SN:070057,,final-curated-fallback-function-only,State detector for monitoring simulator condition changes for Injection trainer SN:070057,Primary state detector for simulator condition monitoring
pmsr:CPI7527242140860,pmsr:/COM17860549784667940,ncit:C16830/CTS/0002,0002,pmsr:INI1784603367533,Injection trainer SN:070057,,final-curated-fallback-function-only,Response actuator for driving simulator state changes for Injection trainer SN:070057,Primary response actuator for simulator state control
pmsr:CPI2515092886341,pmsr:/COM909d6d9cdb98cf3b5,ncit:C16830/CTS/0003,0003,pmsr:INI1784603367533,Injection trainer SN:070057,Medical Device Interaction Event Detector,component-evidence-name,Simulation support component for Injection trainer SN:070057,Interaction event detector for tracking learner actions for Injection trainer SN:070057
pmsr:CPI0796276420240,pmsr:/COM17860549784667900,ncit:C16830/CTS/0001,0001,pmsr:INI1784603367535,Injection trainer SN:070058,,final-curated-fallback-function-only,State detector for monitoring simulator condition changes for Injection trainer SN:070058,Primary state detector for simulator condition monitoring
pmsr:CPI0138167840313,pmsr:/COM17860549784667940,ncit:C16830/CTS/0002,0002,pmsr:INI1784603367535,Injection trainer SN:070058,,final-curated-fallback-function-only,Response actuator for driving simulator state changes for Injection trainer SN:070058,Primary response actuator for simulator state control
pmsr:CPI0599041315341,pmsr:/COM909d6d9cdb98cf3b5,ncit:C16830/CTS/0003,0003,pmsr:INI1784603367535,Injection trainer SN:070058,Medical Device Interaction Event Detector,component-evidence-name,Simulation support component for Injection trainer SN:070058,Interaction event detector for tracking learner actions for Injection trainer SN:070058
pmsr:CPI8797872618905,pmsr:/COM17860549784667900,ncit:C16830/CTS/0001,0001,pmsr:INI1784603367536,Injection trainer SN:070059,,final-curated-fallback-function-only,State detector for monitoring simulator condition changes for Injection trainer SN:070059,Primary state detector for simulator condition monitoring
pmsr:CPI6357197546782,pmsr:/COM17860549784667940,ncit:C16830/CTS/0002,0002,pmsr:INI1784603367536,Injection trainer SN:070059,,final-curated-fallback-function-only,Response actuator for driving simulator state changes for Injection trainer SN:070059,Primary response actuator for simulator state control
pmsr:CPI9243754671682,pmsr:/COM909d6d9cdb98cf3b5,ncit:C16830/CTS/0003,0003,pmsr:INI1784603367536,Injection trainer SN:070059,Medical Device Interaction Event Detector,component-evidence-name,Simulation support component for Injection trainer SN:070059,Interaction event detector for tracking learner actions for Injection trainer SN:070059
pmsr:CPI6164878372884,pmsr:/COM17860549784667900,ncit:C16830/CTS/0001,0001,pmsr:INI1784603367537,Injection trainer SN:070060,,final-curated-fallback-function-only,State detector for monitoring simulator condition changes for Injection trainer SN:070060,Primary state detector for simulator condition monitoring
pmsr:CPI5688971719779,pmsr:/COM17860549784667940,ncit:C16830/CTS/0002,0002,pmsr:INI1784603367537,Injection trainer SN:070060,,final-curated-fallback-function-only,Response actuator for driving simulator state changes for Injection trainer SN:070060,Primary response actuator for simulator state control
pmsr:CPI8665577494520,pmsr:/COM909d6d9cdb98cf3b5,ncit:C16830/CTS/0003,0003,pmsr:INI1784603367537,Injection trainer SN:070060,Medical Device Interaction Event Detector,component-evidence-name,Simulation support component for Injection trainer SN:070060,Interaction event detector for tracking learner actions for Injection trainer SN:070060
pmsr:CPI8470849443789,pmsr:/COM17860549784667900,ncit:C16830/CTS/0001,0001,pmsr:INI1784603367539,Injection trainer SN:070061,,final-curated-fallback-function-only,State detector for monitoring simulator condition changes for Injection trainer SN:070061,Primary state detector for simulator condition monitoring
pmsr:CPI2371009953651,pmsr:/COM17860549784667940,ncit:C16830/CTS/0002,0002,pmsr:INI1784603367539,Injection trainer SN:070061,,final-curated-fallback-function-only,Response actuator for driving simulator state changes for Injection trainer SN:070061,Primary response actuator for simulator state control
pmsr:CPI8501491000776,pmsr:/COM909d6d9cdb98cf3b5,ncit:C16830/CTS/0003,0003,pmsr:INI1784603367539,Injection trainer SN:070061,Medical Device Interaction Event Detector,component-evidence-name,Simulation support component for Injection trainer SN:070061,Interaction event detector for tracking learner actions for Injection trainer SN:070061
pmsr:CPI2769364242908,pmsr:/COM17860549784667900,ncit:C16830/CTS/0001,0001,pmsr:INI1784603367540,Injection trainer SN:070062,,final-curated-fallback-function-only,State detector for monitoring simulator condition changes for Injection trainer SN:070062,Primary state detector for simulator condition monitoring
pmsr:CPI2404233721911,pmsr:/COM17860549784667940,ncit:C16830/CTS/0002,0002,pmsr:INI1784603367540,Injection trainer SN:070062,,final-curated-fallback-function-only,Response actuator for driving simulator state changes for Injection trainer SN:070062,Primary response actuator for simulator state control
pmsr:CPI1008029284307,pmsr:/COM909d6d9cdb98cf3b5,ncit:C16830/CTS/0003,0003,pmsr:INI1784603367540,Injection trainer SN:070062,Medical Device Interaction Event Detector,component-evidence-name,Simulation support component for Injection trainer SN:070062,Interaction event detector for tracking learner actions for Injection trainer SN:070062
pmsr:CPI5178728948132,pmsr:/COM17860549784667900,ncit:C16830/CTS/0001,0001,pmsr:INI1784603367546,Male inguinal hernia anatomy model SN:070066,,final-curated-fallback-function-only,State detector for monitoring simulator condition changes for Male inguinal hernia anatomy model SN:070066,Primary state detector for simulator condition monitoring
pmsr:CPI2663378603319,pmsr:/COM17860549784667940,ncit:C16830/CTS/0002,0002,pmsr:INI1784603367546,Male inguinal hernia anatomy model SN:070066,,final-curated-fallback-function-only,Response actuator for driving simulator state changes for Male inguinal hernia anatomy model SN:070066,Primary response actuator for simulator state control
pmsr:CPI6736926269318,pmsr:/COM909d6d9cdb98cf3b5,ncit:C16830/CTS/0003,0003,pmsr:INI1784603367546,Male inguinal hernia anatomy model SN:070066,Medical Device Interaction Event Detector,component-evidence-name,Simulation support component for Male inguinal hernia anatomy model SN:070066,Interaction event detector for tracking learner actions for Male inguinal hernia anatomy model SN:070066
pmsr:CPI0815302647444,pmsr:/COM17860549784667900,ncit:C16830/CTS/0001,0001,pmsr:INI1784603367547,Male inguinal hernia anatomy model SN:070067,,final-curated-fallback-function-only,State detector for monitoring simulator condition changes for Male inguinal hernia anatomy model SN:070067,Primary state detector for simulator condition monitoring
pmsr:CPI1662298655188,pmsr:/COM17860549784667940,ncit:C16830/CTS/0002,0002,pmsr:INI1784603367547,Male inguinal hernia anatomy model SN:070067,,final-curated-fallback-function-only,Response actuator for driving simulator state changes for Male inguinal hernia anatomy model SN:070067,Primary response actuator for simulator state control
pmsr:CPI5971308552079,pmsr:/COM909d6d9cdb98cf3b5,ncit:C16830/CTS/0003,0003,pmsr:INI1784603367547,Male inguinal hernia anatomy model SN:070067,Medical Device Interaction Event Detector,component-evidence-name,Simulation support component for Male inguinal hernia anatomy model SN:070067,Interaction event detector for tracking learner actions for Male inguinal hernia anatomy model SN:070067
pmsr:CPI4029116417338,pmsr:/COM17860549784667900,ncit:C16830/CTS/0001,0001,pmsr:INI1784603367548,Male inguinal hernia anatomy model SN:070068,,final-curated-fallback-function-only,State detector for monitoring simulator condition changes for Male inguinal hernia anatomy model SN:070068,Primary state detector for simulator condition monitoring
pmsr:CPI0660106304942,pmsr:/COM17860549784667940,ncit:C16830/CTS/0002,0002,pmsr:INI1784603367548,Male inguinal hernia anatomy model SN:070068,,final-curated-fallback-function-only,Response actuator for driving simulator state changes for Male inguinal hernia anatomy model SN:070068,Primary response actuator for simulator state control
pmsr:CPI1257389833373,pmsr:/COM909d6d9cdb98cf3b5,ncit:C16830/CTS/0003,0003,pmsr:INI1784603367548,Male inguinal hernia anatomy model SN:070068,Medical Device Interaction Event Detector,component-evidence-name,Simulation support component for Male inguinal hernia anatomy model SN:070068,Interaction event detector for tracking learner actions for Male inguinal hernia anatomy model SN:070068
pmsr:CPI5520012861036,pmsr:/COM17860549784664770,pmsr:/INS1739397556188145/CTS/0001,0001,pmsr:INI1784603367550,Manequim exame ginecológico (GYN/AID) SN:070069,,final-curated-fallback-function-only,State detector for monitoring simulator condition changes for Manequim exame ginecológico (GYN/AID) SN:070069,Primary state detector for simulator condition monitoring
pmsr:CPI0168175042904,pmsr:/COM17860549784664820,pmsr:/INS1739397556188145/CTS/0002,0002,pmsr:INI1784603367550,Manequim exame ginecológico (GYN/AID) SN:070069,,final-curated-fallback-function-only,Response actuator for driving simulator state changes for Manequim exame ginecológico (GYN/AID) SN:070069,Primary response actuator for simulator state control
pmsr:CPI5524866628218,pmsr:/COM94cb8d9390f7e95ef,pmsr:/INS1739397556188145/CTS/0003,0003,pmsr:INI1784603367550,Manequim exame ginecológico (GYN/AID) SN:070069,Gynaecological Examination Mannequin Interaction Event Detector,component-evidence-name,Simulation support component for Manequim exame ginecológico (GYN/AID) SN:070069,Interaction event detector for tracking learner actions for Manequim exame ginecológico (GYN/AID) SN:070069
pmsr:CPI3983679979385,pmsr:/COM95cb2c19f033fd086,pmsr:/INS1739397556188145/CTS/0004,0004,pmsr:INI1784603367550,Manequim exame ginecológico (GYN/AID) SN:070069,Gynaecological Examination Mannequin Airway Pressure Detector,component-evidence-name,Simulation support component for Manequim exame ginecológico (GYN/AID) SN:070069,Airway pressure detector for monitoring ventilation pressure for Manequim exame ginecológico (GYN/AID) SN:070069
pmsr:CPI5741082100919,pmsr:/COM9a53a6e7fef7f48cb,pmsr:/INS1739397556188145/CTS/0005,0005,pmsr:INI1784603367550,Manequim exame ginecológico (GYN/AID) SN:070069,Gynaecological Examination Mannequin Pulse Rate Detector,component-evidence-name,Simulation support component for Manequim exame ginecológico (GYN/AID) SN:070069,Pulse rate detector for monitoring cardiovascular response for Manequim exame ginecológico (GYN/AID) SN:070069
pmsr:CPI7572140801652,pmsr:/COM9ce929fda23c7e246,pmsr:/INS1739397556188145/CTS/0006,0006,pmsr:INI1784603367550,Manequim exame ginecológico (GYN/AID) SN:070069,Gynaecological Examination Mannequin Applied Force Detector,component-evidence-name,Simulation support component for Manequim exame ginecológico (GYN/AID) SN:070069,Applied force detector for monitoring procedural force application for Manequim exame ginecológico (GYN/AID) SN:070069
pmsr:CPI3993128445843,pmsr:/COM916f797ebef7cb097,pmsr:/INS1739397556188145/CTS/0007,0007,pmsr:INI1784603367550,Manequim exame ginecológico (GYN/AID) SN:070069,Gynaecological Examination Mannequin Venous Flashback Detector,component-evidence-name,Simulation support component for Manequim exame ginecológico (GYN/AID) SN:070069,Venous flashback detector for confirming vascular access events for Manequim exame ginecológico (GYN/AID) SN:070069
pmsr:CPI0146438968610,pmsr:/COM910906a6c47d60667,pmsr:/INS1739397556188145/CTS/0008,0008,pmsr:INI1784603367550,Manequim exame ginecológico (GYN/AID) SN:070069,Gynaecological Examination Mannequin Procedure Completion Detector,component-evidence-name,Simulation support component for Manequim exame ginecológico (GYN/AID) SN:070069,Procedure completion detector for validating successful procedure end state for Manequim exame ginecológico (GYN/AID) SN:070069
pmsr:CPI9125944589324,pmsr:/COM97e1b412645fe50a2,pmsr:/INS1739397556188145/CTS/0009,0009,pmsr:INI1784603367550,Manequim exame ginecológico (GYN/AID) SN:070069,Gynaecological Examination Mannequin Ventilation Flow Detector,component-evidence-name,Simulation support component for Manequim exame ginecológico (GYN/AID) SN:070069,Ventilation flow detector for tracking inspiratory and expiratory flow for Manequim exame ginecológico (GYN/AID) SN:070069
pmsr:CPI7284623436094,pmsr:/COM17860549784664770,pmsr:/INS1739397556188145/CTS/0001,0001,pmsr:INI1784603367551,Manequim exame ginecológico (GYN/AID) SN:070070,,final-curated-fallback-function-only,State detector for monitoring simulator condition changes for Manequim exame ginecológico (GYN/AID) SN:070070,Primary state detector for simulator condition monitoring
pmsr:CPI1363764065783,pmsr:/COM17860549784664820,pmsr:/INS1739397556188145/CTS/0002,0002,pmsr:INI1784603367551,Manequim exame ginecológico (GYN/AID) SN:070070,,final-curated-fallback-function-only,Response actuator for driving simulator state changes for Manequim exame ginecológico (GYN/AID) SN:070070,Primary response actuator for simulator state control
pmsr:CPI1215985685257,pmsr:/COM94cb8d9390f7e95ef,pmsr:/INS1739397556188145/CTS/0003,0003,pmsr:INI1784603367551,Manequim exame ginecológico (GYN/AID) SN:070070,Gynaecological Examination Mannequin Interaction Event Detector,component-evidence-name,Simulation support component for Manequim exame ginecológico (GYN/AID) SN:070070,Interaction event detector for tracking learner actions for Manequim exame ginecológico (GYN/AID) SN:070070
pmsr:CPI3795025061553,pmsr:/COM95cb2c19f033fd086,pmsr:/INS1739397556188145/CTS/0004,0004,pmsr:INI1784603367551,Manequim exame ginecológico (GYN/AID) SN:070070,Gynaecological Examination Mannequin Airway Pressure Detector,component-evidence-name,Simulation support component for Manequim exame ginecológico (GYN/AID) SN:070070,Airway pressure detector for monitoring ventilation pressure for Manequim exame ginecológico (GYN/AID) SN:070070
pmsr:CPI5079593681791,pmsr:/COM9a53a6e7fef7f48cb,pmsr:/INS1739397556188145/CTS/0005,0005,pmsr:INI1784603367551,Manequim exame ginecológico (GYN/AID) SN:070070,Gynaecological Examination Mannequin Pulse Rate Detector,component-evidence-name,Simulation support component for Manequim exame ginecológico (GYN/AID) SN:070070,Pulse rate detector for monitoring cardiovascular response for Manequim exame ginecológico (GYN/AID) SN:070070
pmsr:CPI2883320590367,pmsr:/COM9ce929fda23c7e246,pmsr:/INS1739397556188145/CTS/0006,0006,pmsr:INI1784603367551,Manequim exame ginecológico (GYN/AID) SN:070070,Gynaecological Examination Mannequin Applied Force Detector,component-evidence-name,Simulation support component for Manequim exame ginecológico (GYN/AID) SN:070070,Applied force detector for monitoring procedural force application for Manequim exame ginecológico (GYN/AID) SN:070070
pmsr:CPI0362511495319,pmsr:/COM916f797ebef7cb097,pmsr:/INS1739397556188145/CTS/0007,0007,pmsr:INI1784603367551,Manequim exame ginecológico (GYN/AID) SN:070070,Gynaecological Examination Mannequin Venous Flashback Detector,component-evidence-name,Simulation support component for Manequim exame ginecológico (GYN/AID) SN:070070,Venous flashback detector for confirming vascular access events for Manequim exame ginecológico (GYN/AID) SN:070070
pmsr:CPI0584377096619,pmsr:/COM910906a6c47d60667,pmsr:/INS1739397556188145/CTS/0008,0008,pmsr:INI1784603367551,Manequim exame ginecológico (GYN/AID) SN:070070,Gynaecological Examination Mannequin Procedure Completion Detector,component-evidence-name,Simulation support component for Manequim exame ginecológico (GYN/AID) SN:070070,Procedure completion detector for validating successful procedure end state for Manequim exame ginecológico (GYN/AID) SN:070070
pmsr:CPI2487997038813,pmsr:/COM97e1b412645fe50a2,pmsr:/INS1739397556188145/CTS/0009,0009,pmsr:INI1784603367551,Manequim exame ginecológico (GYN/AID) SN:070070,Gynaecological Examination Mannequin Ventilation Flow Detector,component-evidence-name,Simulation support component for Manequim exame ginecológico (GYN/AID) SN:070070,Ventilation flow detector for tracking inspiratory and expiratory flow for Manequim exame ginecológico (GYN/AID) SN:070070
pmsr:CPI5129637716447,pmsr:/COM17860549784667270,pmsr:/INS1740143777940835/CTS/0001,0001,pmsr:INI1784603367552,Manequim exame masculino (Zack) SN:070071,,final-curated-fallback-function-only,State detector for monitoring simulator condition changes for Manequim exame masculino (Zack) SN:070071,Primary state detector for simulator condition monitoring
pmsr:CPI5558218462373,pmsr:/COM17860549784667310,pmsr:/INS1740143777940835/CTS/0002,0002,pmsr:INI1784603367552,Manequim exame masculino (Zack) SN:070071,,final-curated-fallback-function-only,Response actuator for driving simulator state changes for Manequim exame masculino (Zack) SN:070071,Primary response actuator for simulator state control
pmsr:CPI1042697395778,pmsr:/COM99bd86d799fc723b7,pmsr:/INS1740143777940835/CTS/0003,0003,pmsr:INI1784603367552,Manequim exame masculino (Zack) SN:070071,Male Examination Mannequin Interaction Event Detector,component-evidence-name,Simulation support component for Manequim exame masculino (Zack) SN:070071,Interaction event detector for tracking learner actions for Manequim exame masculino (Zack) SN:070071
pmsr:CPI2328315981985,pmsr:/COM975fa018097d73db5,pmsr:/INS1740143777940835/CTS/0004,0004,pmsr:INI1784603367552,Manequim exame masculino (Zack) SN:070071,Male Examination Mannequin Airway Pressure Detector,component-evidence-name,Simulation support component for Manequim exame masculino (Zack) SN:070071,Airway pressure detector for monitoring ventilation pressure for Manequim exame masculino (Zack) SN:070071
pmsr:CPI2037189047455,pmsr:/COM9f661e66545d77586,pmsr:/INS1740143777940835/CTS/0005,0005,pmsr:INI1784603367552,Manequim exame masculino (Zack) SN:070071,Male Examination Mannequin Pulse Rate Detector,component-evidence-name,Simulation support component for Manequim exame masculino (Zack) SN:070071,Pulse rate detector for monitoring cardiovascular response for Manequim exame masculino (Zack) SN:070071
pmsr:CPI3176627180038,pmsr:/COM9652d2e8682882c0d,pmsr:/INS1740143777940835/CTS/0006,0006,pmsr:INI1784603367552,Manequim exame masculino (Zack) SN:070071,Male Examination Mannequin Applied Force Detector,component-evidence-name,Simulation support component for Manequim exame masculino (Zack) SN:070071,Applied force detector for monitoring procedural force application for Manequim exame masculino (Zack) SN:070071
pmsr:CPI9617557978186,pmsr:/COM9c24b11ec9e7455c3,pmsr:/INS1740143777940835/CTS/0007,0007,pmsr:INI1784603367552,Manequim exame masculino (Zack) SN:070071,Male Examination Mannequin Venous Flashback Detector,component-evidence-name,Simulation support component for Manequim exame masculino (Zack) SN:070071,Venous flashback detector for confirming vascular access events for Manequim exame masculino (Zack) SN:070071
pmsr:CPI4850885855684,pmsr:/COM923079272f497831b,pmsr:/INS1740143777940835/CTS/0008,0008,pmsr:INI1784603367552,Manequim exame masculino (Zack) SN:070071,Male Examination Mannequin Procedure Completion Detector,component-evidence-name,Simulation support component for Manequim exame masculino (Zack) SN:070071,Procedure completion detector for validating successful procedure end state for Manequim exame masculino (Zack) SN:070071
pmsr:CPI6214137295966,pmsr:/COM915fbe643e2f4bfd0,pmsr:/INS1740143777940835/CTS/0009,0009,pmsr:INI1784603367552,Manequim exame masculino (Zack) SN:070071,Male Examination Mannequin Ventilation Flow Detector,component-evidence-name,Simulation support component for Manequim exame masculino (Zack) SN:070071,Ventilation flow detector for tracking inspiratory and expiratory flow for Manequim exame masculino (Zack) SN:070071
pmsr:CPI9816953368839,pmsr:/COM17860549784667270,pmsr:/INS1740143777940835/CTS/0001,0001,pmsr:INI1784603367554,Manequim exame masculino (Zack) SN:070072,,final-curated-fallback-function-only,State detector for monitoring simulator condition changes for Manequim exame masculino (Zack) SN:070072,Primary state detector for simulator condition monitoring
pmsr:CPI3772276210842,pmsr:/COM17860549784667310,pmsr:/INS1740143777940835/CTS/0002,0002,pmsr:INI1784603367554,Manequim exame masculino (Zack) SN:070072,,final-curated-fallback-function-only,Response actuator for driving simulator state changes for Manequim exame masculino (Zack) SN:070072,Primary response actuator for simulator state control
pmsr:CPI2383875663760,pmsr:/COM99bd86d799fc723b7,pmsr:/INS1740143777940835/CTS/0003,0003,pmsr:INI1784603367554,Manequim exame masculino (Zack) SN:070072,Male Examination Mannequin Interaction Event Detector,component-evidence-name,Simulation support component for Manequim exame masculino (Zack) SN:070072,Interaction event detector for tracking learner actions for Manequim exame masculino (Zack) SN:070072
pmsr:CPI0272450189598,pmsr:/COM975fa018097d73db5,pmsr:/INS1740143777940835/CTS/0004,0004,pmsr:INI1784603367554,Manequim exame masculino (Zack) SN:070072,Male Examination Mannequin Airway Pressure Detector,component-evidence-name,Simulation support component for Manequim exame masculino (Zack) SN:070072,Airway pressure detector for monitoring ventilation pressure for Manequim exame masculino (Zack) SN:070072
pmsr:CPI0757965382887,pmsr:/COM9f661e66545d77586,pmsr:/INS1740143777940835/CTS/0005,0005,pmsr:INI1784603367554,Manequim exame masculino (Zack) SN:070072,Male Examination Mannequin Pulse Rate Detector,component-evidence-name,Simulation support component for Manequim exame masculino (Zack) SN:070072,Pulse rate detector for monitoring cardiovascular response for Manequim exame masculino (Zack) SN:070072
pmsr:CPI2672707131107,pmsr:/COM9652d2e8682882c0d,pmsr:/INS1740143777940835/CTS/0006,0006,pmsr:INI1784603367554,Manequim exame masculino (Zack) SN:070072,Male Examination Mannequin Applied Force Detector,component-evidence-name,Simulation support component for Manequim exame masculino (Zack) SN:070072,Applied force detector for monitoring procedural force application for Manequim exame masculino (Zack) SN:070072
pmsr:CPI2628038193995,pmsr:/COM9c24b11ec9e7455c3,pmsr:/INS1740143777940835/CTS/0007,0007,pmsr:INI1784603367554,Manequim exame masculino (Zack) SN:070072,Male Examination Mannequin Venous Flashback Detector,component-evidence-name,Simulation support component for Manequim exame masculino (Zack) SN:070072,Venous flashback detector for confirming vascular access events for Manequim exame masculino (Zack) SN:070072
pmsr:CPI8292277536357,pmsr:/COM923079272f497831b,pmsr:/INS1740143777940835/CTS/0008,0008,pmsr:INI1784603367554,Manequim exame masculino (Zack) SN:070072,Male Examination Mannequin Procedure Completion Detector,component-evidence-name,Simulation support component for Manequim exame masculino (Zack) SN:070072,Procedure completion detector for validating successful procedure end state for Manequim exame masculino (Zack) SN:070072
pmsr:CPI5539048020830,pmsr:/COM915fbe643e2f4bfd0,pmsr:/INS1740143777940835/CTS/0009,0009,pmsr:INI1784603367554,Manequim exame masculino (Zack) SN:070072,Male Examination Mannequin Ventilation Flow Detector,component-evidence-name,Simulation support component for Manequim exame masculino (Zack) SN:070072,Ventilation flow detector for tracking inspiratory and expiratory flow for Manequim exame masculino (Zack) SN:070072
pmsr:CPI8310952608243,pmsr:/COM17860549784666840,pmsr:/INS1739401557396065/CTS/0001,0001,pmsr:INI1784603367555,Manequim palpação abdominal SN:070073,,final-curated-fallback-function-only,State detector for monitoring simulator condition changes for Manequim palpação abdominal SN:070073,Primary state detector for simulator condition monitoring
pmsr:CPI5096717892178,pmsr:/COM17860549784666900,pmsr:/INS1739401557396065/CTS/0002,0002,pmsr:INI1784603367555,Manequim palpação abdominal SN:070073,,final-curated-fallback-function-only,Response actuator for driving simulator state changes for Manequim palpação abdominal SN:070073,Primary response actuator for simulator state control
pmsr:CPI2576661331683,pmsr:/COM910d4690710b30eb0,pmsr:/INS1739401557396065/CTS/0003,0003,pmsr:INI1784603367555,Manequim palpação abdominal SN:070073,Laerdal Nursing Care Simulator Interaction Event Detector,component-evidence-name,Simulation support component for Manequim palpação abdominal SN:070073,Interaction event detector for tracking learner actions for Manequim palpação abdominal SN:070073
pmsr:CPI7550785209210,pmsr:/COM955d3a5f5fbdd4dab,pmsr:/INS1739401557396065/CTS/0004,0004,pmsr:INI1784603367555,Manequim palpação abdominal SN:070073,Laerdal Nursing Care Simulator Airway Pressure Detector,component-evidence-name,Simulation support component for Manequim palpação abdominal SN:070073,Airway pressure detector for monitoring ventilation pressure for Manequim palpação abdominal SN:070073
pmsr:CPI4813982974153,pmsr:/COM96125411c0510a231,pmsr:/INS1739401557396065/CTS/0005,0005,pmsr:INI1784603367555,Manequim palpação abdominal SN:070073,Laerdal Nursing Care Simulator Pulse Rate Detector,component-evidence-name,Simulation support component for Manequim palpação abdominal SN:070073,Pulse rate detector for monitoring cardiovascular response for Manequim palpação abdominal SN:070073
pmsr:CPI7493937831948,pmsr:/COM17860549784666840,pmsr:/INS1739401557396065/CTS/0001,0001,pmsr:INI1784603367556,Manequim palpação mamária SN:070074,,final-curated-fallback-function-only,State detector for monitoring simulator condition changes for Manequim palpação mamária SN:070074,Primary state detector for simulator condition monitoring
pmsr:CPI7738608503676,pmsr:/COM17860549784666900,pmsr:/INS1739401557396065/CTS/0002,0002,pmsr:INI1784603367556,Manequim palpação mamária SN:070074,,final-curated-fallback-function-only,Response actuator for driving simulator state changes for Manequim palpação mamária SN:070074,Primary response actuator for simulator state control
pmsr:CPI6954719119913,pmsr:/COM910d4690710b30eb0,pmsr:/INS1739401557396065/CTS/0003,0003,pmsr:INI1784603367556,Manequim palpação mamária SN:070074,Laerdal Nursing Care Simulator Interaction Event Detector,component-evidence-name,Simulation support component for Manequim palpação mamária SN:070074,Interaction event detector for tracking learner actions for Manequim palpação mamária SN:070074
pmsr:CPI1211484892024,pmsr:/COM955d3a5f5fbdd4dab,pmsr:/INS1739401557396065/CTS/0004,0004,pmsr:INI1784603367556,Manequim palpação mamária SN:070074,Laerdal Nursing Care Simulator Airway Pressure Detector,component-evidence-name,Simulation support component for Manequim palpação mamária SN:070074,Airway pressure detector for monitoring ventilation pressure for Manequim palpação mamária SN:070074
pmsr:CPI3612140539592,pmsr:/COM96125411c0510a231,pmsr:/INS1739401557396065/CTS/0005,0005,pmsr:INI1784603367556,Manequim palpação mamária SN:070074,Laerdal Nursing Care Simulator Pulse Rate Detector,component-evidence-name,Simulation support component for Manequim palpação mamária SN:070074,Pulse rate detector for monitoring cardiovascular response for Manequim palpação mamária SN:070074
pmsr:CPI7904208531913,pmsr:/COM17860549784666840,pmsr:/INS1739401557396065/CTS/0001,0001,pmsr:INI1784603367558,Manequim palpação mamária SN:070075,,final-curated-fallback-function-only,State detector for monitoring simulator condition changes for Manequim palpação mamária SN:070075,Primary state detector for simulator condition monitoring
pmsr:CPI8297169273308,pmsr:/COM17860549784666900,pmsr:/INS1739401557396065/CTS/0002,0002,pmsr:INI1784603367558,Manequim palpação mamária SN:070075,,final-curated-fallback-function-only,Response actuator for driving simulator state changes for Manequim palpação mamária SN:070075,Primary response actuator for simulator state control
pmsr:CPI5126615092865,pmsr:/COM910d4690710b30eb0,pmsr:/INS1739401557396065/CTS/0003,0003,pmsr:INI1784603367558,Manequim palpação mamária SN:070075,Laerdal Nursing Care Simulator Interaction Event Detector,component-evidence-name,Simulation support component for Manequim palpação mamária SN:070075,Interaction event detector for tracking learner actions for Manequim palpação mamária SN:070075
pmsr:CPI4842880984759,pmsr:/COM955d3a5f5fbdd4dab,pmsr:/INS1739401557396065/CTS/0004,0004,pmsr:INI1784603367558,Manequim palpação mamária SN:070075,Laerdal Nursing Care Simulator Airway Pressure Detector,component-evidence-name,Simulation support component for Manequim palpação mamária SN:070075,Airway pressure detector for monitoring ventilation pressure for Manequim palpação mamária SN:070075
pmsr:CPI6920851897290,pmsr:/COM96125411c0510a231,pmsr:/INS1739401557396065/CTS/0005,0005,pmsr:INI1784603367558,Manequim palpação mamária SN:070075,Laerdal Nursing Care Simulator Pulse Rate Detector,component-evidence-name,Simulation support component for Manequim palpação mamária SN:070075,Pulse rate detector for monitoring cardiovascular response for Manequim palpação mamária SN:070075
pmsr:CPI7519750348034,pmsr:/COM17860549784666840,pmsr:/INS1739401557396065/CTS/0001,0001,pmsr:INI1784603367559,Manequim palpação mamária SN:070076,,final-curated-fallback-function-only,State detector for monitoring simulator condition changes for Manequim palpação mamária SN:070076,Primary state detector for simulator condition monitoring
pmsr:CPI3621919457051,pmsr:/COM17860549784666900,pmsr:/INS1739401557396065/CTS/0002,0002,pmsr:INI1784603367559,Manequim palpação mamária SN:070076,,final-curated-fallback-function-only,Response actuator for driving simulator state changes for Manequim palpação mamária SN:070076,Primary response actuator for simulator state control
pmsr:CPI5315180951163,pmsr:/COM910d4690710b30eb0,pmsr:/INS1739401557396065/CTS/0003,0003,pmsr:INI1784603367559,Manequim palpação mamária SN:070076,Laerdal Nursing Care Simulator Interaction Event Detector,component-evidence-name,Simulation support component for Manequim palpação mamária SN:070076,Interaction event detector for tracking learner actions for Manequim palpação mamária SN:070076
pmsr:CPI7601229670987,pmsr:/COM955d3a5f5fbdd4dab,pmsr:/INS1739401557396065/CTS/0004,0004,pmsr:INI1784603367559,Manequim palpação mamária SN:070076,Laerdal Nursing Care Simulator Airway Pressure Detector,component-evidence-name,Simulation support component for Manequim palpação mamária SN:070076,Airway pressure detector for monitoring ventilation pressure for Manequim palpação mamária SN:070076
pmsr:CPI3212857099081,pmsr:/COM96125411c0510a231,pmsr:/INS1739401557396065/CTS/0005,0005,pmsr:INI1784603367559,Manequim palpação mamária SN:070076,Laerdal Nursing Care Simulator Pulse Rate Detector,component-evidence-name,Simulation support component for Manequim palpação mamária SN:070076,Pulse rate detector for monitoring cardiovascular response for Manequim palpação mamária SN:070076
pmsr:CPI3170814500188,pmsr:/COM17860549784666840,pmsr:/INS1739401557396065/CTS/0001,0001,pmsr:INI1784603367561,Manequim palpação mamária SN:070077,,final-curated-fallback-function-only,State detector for monitoring simulator condition changes for Manequim palpação mamária SN:070077,Primary state detector for simulator condition monitoring
pmsr:CPI2208533728943,pmsr:/COM17860549784666900,pmsr:/INS1739401557396065/CTS/0002,0002,pmsr:INI1784603367561,Manequim palpação mamária SN:070077,,final-curated-fallback-function-only,Response actuator for driving simulator state changes for Manequim palpação mamária SN:070077,Primary response actuator for simulator state control
pmsr:CPI9535475403977,pmsr:/COM910d4690710b30eb0,pmsr:/INS1739401557396065/CTS/0003,0003,pmsr:INI1784603367561,Manequim palpação mamária SN:070077,Laerdal Nursing Care Simulator Interaction Event Detector,component-evidence-name,Simulation support component for Manequim palpação mamária SN:070077,Interaction event detector for tracking learner actions for Manequim palpação mamária SN:070077
pmsr:CPI3303936979169,pmsr:/COM955d3a5f5fbdd4dab,pmsr:/INS1739401557396065/CTS/0004,0004,pmsr:INI1784603367561,Manequim palpação mamária SN:070077,Laerdal Nursing Care Simulator Airway Pressure Detector,component-evidence-name,Simulation support component for Manequim palpação mamária SN:070077,Airway pressure detector for monitoring ventilation pressure for Manequim palpação mamária SN:070077
pmsr:CPI8456206504447,pmsr:/COM96125411c0510a231,pmsr:/INS1739401557396065/CTS/0005,0005,pmsr:INI1784603367561,Manequim palpação mamária SN:070077,Laerdal Nursing Care Simulator Pulse Rate Detector,component-evidence-name,Simulation support component for Manequim palpação mamária SN:070077,Pulse rate detector for monitoring cardiovascular response for Manequim palpação mamária SN:070077
pmsr:CPI3590354483927,pmsr:/COM17860549784666840,pmsr:/INS1739401557396065/CTS/0001,0001,pmsr:INI1784603367562,Manequim palpação mamária SN:070078,,final-curated-fallback-function-only,State detector for monitoring simulator condition changes for Manequim palpação mamária SN:070078,Primary state detector for simulator condition monitoring
pmsr:CPI3084636401824,pmsr:/COM17860549784666900,pmsr:/INS1739401557396065/CTS/0002,0002,pmsr:INI1784603367562,Manequim palpação mamária SN:070078,,final-curated-fallback-function-only,Response actuator for driving simulator state changes for Manequim palpação mamária SN:070078,Primary response actuator for simulator state control
pmsr:CPI8282189168005,pmsr:/COM910d4690710b30eb0,pmsr:/INS1739401557396065/CTS/0003,0003,pmsr:INI1784603367562,Manequim palpação mamária SN:070078,Laerdal Nursing Care Simulator Interaction Event Detector,component-evidence-name,Simulation support component for Manequim palpação mamária SN:070078,Interaction event detector for tracking learner actions for Manequim palpação mamária SN:070078
pmsr:CPI6039250245569,pmsr:/COM955d3a5f5fbdd4dab,pmsr:/INS1739401557396065/CTS/0004,0004,pmsr:INI1784603367562,Manequim palpação mamária SN:070078,Laerdal Nursing Care Simulator Airway Pressure Detector,component-evidence-name,Simulation support component for Manequim palpação mamária SN:070078,Airway pressure detector for monitoring ventilation pressure for Manequim palpação mamária SN:070078
pmsr:CPI4122619193892,pmsr:/COM96125411c0510a231,pmsr:/INS1739401557396065/CTS/0005,0005,pmsr:INI1784603367562,Manequim palpação mamária SN:070078,Laerdal Nursing Care Simulator Pulse Rate Detector,component-evidence-name,Simulation support component for Manequim palpação mamária SN:070078,Pulse rate detector for monitoring cardiovascular response for Manequim palpação mamária SN:070078
pmsr:CPI2811370249894,pmsr:/COM17860549784666840,pmsr:/INS1739401557396065/CTS/0001,0001,pmsr:INI1784603367563,Manequim palpação mamária SN:070079,,final-curated-fallback-function-only,State detector for monitoring simulator condition changes for Manequim palpação mamária SN:070079,Primary state detector for simulator condition monitoring
pmsr:CPI5915214411558,pmsr:/COM17860549784666900,pmsr:/INS1739401557396065/CTS/0002,0002,pmsr:INI1784603367563,Manequim palpação mamária SN:070079,,final-curated-fallback-function-only,Response actuator for driving simulator state changes for Manequim palpação mamária SN:070079,Primary response actuator for simulator state control
pmsr:CPI8611703451102,pmsr:/COM910d4690710b30eb0,pmsr:/INS1739401557396065/CTS/0003,0003,pmsr:INI1784603367563,Manequim palpação mamária SN:070079,Laerdal Nursing Care Simulator Interaction Event Detector,component-evidence-name,Simulation support component for Manequim palpação mamária SN:070079,Interaction event detector for tracking learner actions for Manequim palpação mamária SN:070079
pmsr:CPI4315355992770,pmsr:/COM955d3a5f5fbdd4dab,pmsr:/INS1739401557396065/CTS/0004,0004,pmsr:INI1784603367563,Manequim palpação mamária SN:070079,Laerdal Nursing Care Simulator Airway Pressure Detector,component-evidence-name,Simulation support component for Manequim palpação mamária SN:070079,Airway pressure detector for monitoring ventilation pressure for Manequim palpação mamária SN:070079
pmsr:CPI8787971305606,pmsr:/COM96125411c0510a231,pmsr:/INS1739401557396065/CTS/0005,0005,pmsr:INI1784603367563,Manequim palpação mamária SN:070079,Laerdal Nursing Care Simulator Pulse Rate Detector,component-evidence-name,Simulation support component for Manequim palpação mamária SN:070079,Pulse rate detector for monitoring cardiovascular response for Manequim palpação mamária SN:070079
pmsr:CPI6307577797894,pmsr:/COM17860549784666840,pmsr:/INS1739401557396065/CTS/0001,0001,pmsr:INI1784603367565,Manequim palpação mamária SN:070080,,final-curated-fallback-function-only,State detector for monitoring simulator condition changes for Manequim palpação mamária SN:070080,Primary state detector for simulator condition monitoring
pmsr:CPI0833513070181,pmsr:/COM17860549784666900,pmsr:/INS1739401557396065/CTS/0002,0002,pmsr:INI1784603367565,Manequim palpação mamária SN:070080,,final-curated-fallback-function-only,Response actuator for driving simulator state changes for Manequim palpação mamária SN:070080,Primary response actuator for simulator state control
pmsr:CPI8113484196347,pmsr:/COM910d4690710b30eb0,pmsr:/INS1739401557396065/CTS/0003,0003,pmsr:INI1784603367565,Manequim palpação mamária SN:070080,Laerdal Nursing Care Simulator Interaction Event Detector,component-evidence-name,Simulation support component for Manequim palpação mamária SN:070080,Interaction event detector for tracking learner actions for Manequim palpação mamária SN:070080
pmsr:CPI6917307043461,pmsr:/COM955d3a5f5fbdd4dab,pmsr:/INS1739401557396065/CTS/0004,0004,pmsr:INI1784603367565,Manequim palpação mamária SN:070080,Laerdal Nursing Care Simulator Airway Pressure Detector,component-evidence-name,Simulation support component for Manequim palpação mamária SN:070080,Airway pressure detector for monitoring ventilation pressure for Manequim palpação mamária SN:070080
pmsr:CPI9454320105150,pmsr:/COM96125411c0510a231,pmsr:/INS1739401557396065/CTS/0005,0005,pmsr:INI1784603367565,Manequim palpação mamária SN:070080,Laerdal Nursing Care Simulator Pulse Rate Detector,component-evidence-name,Simulation support component for Manequim palpação mamária SN:070080,Pulse rate detector for monitoring cardiovascular response for Manequim palpação mamária SN:070080
pmsr:CPI0457906514343,pmsr:/COM17860549784666840,pmsr:/INS1739401557396065/CTS/0001,0001,pmsr:INI1784603367566,Manequim palpação mamária SN:070081,,final-curated-fallback-function-only,State detector for monitoring simulator condition changes for Manequim palpação mamária SN:070081,Primary state detector for simulator condition monitoring
pmsr:CPI3879737825167,pmsr:/COM17860549784666900,pmsr:/INS1739401557396065/CTS/0002,0002,pmsr:INI1784603367566,Manequim palpação mamária SN:070081,,final-curated-fallback-function-only,Response actuator for driving simulator state changes for Manequim palpação mamária SN:070081,Primary response actuator for simulator state control
pmsr:CPI7992933327710,pmsr:/COM910d4690710b30eb0,pmsr:/INS1739401557396065/CTS/0003,0003,pmsr:INI1784603367566,Manequim palpação mamária SN:070081,Laerdal Nursing Care Simulator Interaction Event Detector,component-evidence-name,Simulation support component for Manequim palpação mamária SN:070081,Interaction event detector for tracking learner actions for Manequim palpação mamária SN:070081
pmsr:CPI7898155337402,pmsr:/COM955d3a5f5fbdd4dab,pmsr:/INS1739401557396065/CTS/0004,0004,pmsr:INI1784603367566,Manequim palpação mamária SN:070081,Laerdal Nursing Care Simulator Airway Pressure Detector,component-evidence-name,Simulation support component for Manequim palpação mamária SN:070081,Airway pressure detector for monitoring ventilation pressure for Manequim palpação mamária SN:070081
pmsr:CPI8537309808514,pmsr:/COM96125411c0510a231,pmsr:/INS1739401557396065/CTS/0005,0005,pmsr:INI1784603367566,Manequim palpação mamária SN:070081,Laerdal Nursing Care Simulator Pulse Rate Detector,component-evidence-name,Simulation support component for Manequim palpação mamária SN:070081,Pulse rate detector for monitoring cardiovascular response for Manequim palpação mamária SN:070081
pmsr:CPI2184428528086,pmsr:/COM17860549784666840,pmsr:/INS1739401557396065/CTS/0001,0001,pmsr:INI1784603367567,Manequim palpação mamária SN:070082,,final-curated-fallback-function-only,State detector for monitoring simulator condition changes for Manequim palpação mamária SN:070082,Primary state detector for simulator condition monitoring
pmsr:CPI0744097137737,pmsr:/COM17860549784666900,pmsr:/INS1739401557396065/CTS/0002,0002,pmsr:INI1784603367567,Manequim palpação mamária SN:070082,,final-curated-fallback-function-only,Response actuator for driving simulator state changes for Manequim palpação mamária SN:070082,Primary response actuator for simulator state control
pmsr:CPI0761918128797,pmsr:/COM910d4690710b30eb0,pmsr:/INS1739401557396065/CTS/0003,0003,pmsr:INI1784603367567,Manequim palpação mamária SN:070082,Laerdal Nursing Care Simulator Interaction Event Detector,component-evidence-name,Simulation support component for Manequim palpação mamária SN:070082,Interaction event detector for tracking learner actions for Manequim palpação mamária SN:070082
pmsr:CPI5834247400080,pmsr:/COM955d3a5f5fbdd4dab,pmsr:/INS1739401557396065/CTS/0004,0004,pmsr:INI1784603367567,Manequim palpação mamária SN:070082,Laerdal Nursing Care Simulator Airway Pressure Detector,component-evidence-name,Simulation support component for Manequim palpação mamária SN:070082,Airway pressure detector for monitoring ventilation pressure for Manequim palpação mamária SN:070082
pmsr:CPI4676270172204,pmsr:/COM96125411c0510a231,pmsr:/INS1739401557396065/CTS/0005,0005,pmsr:INI1784603367567,Manequim palpação mamária SN:070082,Laerdal Nursing Care Simulator Pulse Rate Detector,component-evidence-name,Simulation support component for Manequim palpação mamária SN:070082,Pulse rate detector for monitoring cardiovascular response for Manequim palpação mamária SN:070082
pmsr:CPI9516752937149,pmsr:/COM17860549784666840,pmsr:/INS1739401557396065/CTS/0001,0001,pmsr:INI1784603367569,Manequim palpação mamária SN:070083,,final-curated-fallback-function-only,State detector for monitoring simulator condition changes for Manequim palpação mamária SN:070083,Primary state detector for simulator condition monitoring
pmsr:CPI6121189630304,pmsr:/COM17860549784666900,pmsr:/INS1739401557396065/CTS/0002,0002,pmsr:INI1784603367569,Manequim palpação mamária SN:070083,,final-curated-fallback-function-only,Response actuator for driving simulator state changes for Manequim palpação mamária SN:070083,Primary response actuator for simulator state control
pmsr:CPI8391408392832,pmsr:/COM910d4690710b30eb0,pmsr:/INS1739401557396065/CTS/0003,0003,pmsr:INI1784603367569,Manequim palpação mamária SN:070083,Laerdal Nursing Care Simulator Interaction Event Detector,component-evidence-name,Simulation support component for Manequim palpação mamária SN:070083,Interaction event detector for tracking learner actions for Manequim palpação mamária SN:070083
pmsr:CPI8553649727251,pmsr:/COM955d3a5f5fbdd4dab,pmsr:/INS1739401557396065/CTS/0004,0004,pmsr:INI1784603367569,Manequim palpação mamária SN:070083,Laerdal Nursing Care Simulator Airway Pressure Detector,component-evidence-name,Simulation support component for Manequim palpação mamária SN:070083,Airway pressure detector for monitoring ventilation pressure for Manequim palpação mamária SN:070083
pmsr:CPI9832517573513,pmsr:/COM96125411c0510a231,pmsr:/INS1739401557396065/CTS/0005,0005,pmsr:INI1784603367569,Manequim palpação mamária SN:070083,Laerdal Nursing Care Simulator Pulse Rate Detector,component-evidence-name,Simulation support component for Manequim palpação mamária SN:070083,Pulse rate detector for monitoring cardiovascular response for Manequim palpação mamária SN:070083
pmsr:CPI9842241017645,pmsr:/COM17860549784666840,pmsr:/INS1739401557396065/CTS/0001,0001,pmsr:INI1784603367570,Manequim palpação mamária SN:070084,,final-curated-fallback-function-only,State detector for monitoring simulator condition changes for Manequim palpação mamária SN:070084,Primary state detector for simulator condition monitoring
pmsr:CPI4421014086817,pmsr:/COM17860549784666900,pmsr:/INS1739401557396065/CTS/0002,0002,pmsr:INI1784603367570,Manequim palpação mamária SN:070084,,final-curated-fallback-function-only,Response actuator for driving simulator state changes for Manequim palpação mamária SN:070084,Primary response actuator for simulator state control
pmsr:CPI2506280551133,pmsr:/COM910d4690710b30eb0,pmsr:/INS1739401557396065/CTS/0003,0003,pmsr:INI1784603367570,Manequim palpação mamária SN:070084,Laerdal Nursing Care Simulator Interaction Event Detector,component-evidence-name,Simulation support component for Manequim palpação mamária SN:070084,Interaction event detector for tracking learner actions for Manequim palpação mamária SN:070084
pmsr:CPI7362136800098,pmsr:/COM955d3a5f5fbdd4dab,pmsr:/INS1739401557396065/CTS/0004,0004,pmsr:INI1784603367570,Manequim palpação mamária SN:070084,Laerdal Nursing Care Simulator Airway Pressure Detector,component-evidence-name,Simulation support component for Manequim palpação mamária SN:070084,Airway pressure detector for monitoring ventilation pressure for Manequim palpação mamária SN:070084
pmsr:CPI4216876086875,pmsr:/COM96125411c0510a231,pmsr:/INS1739401557396065/CTS/0005,0005,pmsr:INI1784603367570,Manequim palpação mamária SN:070084,Laerdal Nursing Care Simulator Pulse Rate Detector,component-evidence-name,Simulation support component for Manequim palpação mamária SN:070084,Pulse rate detector for monitoring cardiovascular response for Manequim palpação mamária SN:070084
pmsr:CPI4973819716982,pmsr:/COM17860549784666840,pmsr:/INS1739401557396065/CTS/0001,0001,pmsr:INI1784603367571,Manequim palpação mamária SN:070085,,final-curated-fallback-function-only,State detector for monitoring simulator condition changes for Manequim palpação mamária SN:070085,Primary state detector for simulator condition monitoring
pmsr:CPI5100061002486,pmsr:/COM17860549784666900,pmsr:/INS1739401557396065/CTS/0002,0002,pmsr:INI1784603367571,Manequim palpação mamária SN:070085,,final-curated-fallback-function-only,Response actuator for driving simulator state changes for Manequim palpação mamária SN:070085,Primary response actuator for simulator state control
pmsr:CPI4505267269530,pmsr:/COM910d4690710b30eb0,pmsr:/INS1739401557396065/CTS/0003,0003,pmsr:INI1784603367571,Manequim palpação mamária SN:070085,Laerdal Nursing Care Simulator Interaction Event Detector,component-evidence-name,Simulation support component for Manequim palpação mamária SN:070085,Interaction event detector for tracking learner actions for Manequim palpação mamária SN:070085
pmsr:CPI6497121278803,pmsr:/COM955d3a5f5fbdd4dab,pmsr:/INS1739401557396065/CTS/0004,0004,pmsr:INI1784603367571,Manequim palpação mamária SN:070085,Laerdal Nursing Care Simulator Airway Pressure Detector,component-evidence-name,Simulation support component for Manequim palpação mamária SN:070085,Airway pressure detector for monitoring ventilation pressure for Manequim palpação mamária SN:070085
pmsr:CPI8225199543229,pmsr:/COM96125411c0510a231,pmsr:/INS1739401557396065/CTS/0005,0005,pmsr:INI1784603367571,Manequim palpação mamária SN:070085,Laerdal Nursing Care Simulator Pulse Rate Detector,component-evidence-name,Simulation support component for Manequim palpação mamária SN:070085,Pulse rate detector for monitoring cardiovascular response for Manequim palpação mamária SN:070085
pmsr:CPI3465798597467,pmsr:/COM17860549784665130,pmsr:/INS1739402037946315/CTS/0001,0001,pmsr:INI1784603367573,Manequim punção intraossea SN:070086,,final-curated-fallback-function-only,State detector for monitoring simulator condition changes for Manequim punção intraossea SN:070086,Primary state detector for simulator condition monitoring
pmsr:CPI7177694216230,pmsr:/COM17860549784665170,pmsr:/INS1739402037946315/CTS/0002,0002,pmsr:INI1784603367573,Manequim punção intraossea SN:070086,,final-curated-fallback-function-only,Response actuator for driving simulator state changes for Manequim punção intraossea SN:070086,Primary response actuator for simulator state control
pmsr:CPI8909390022504,pmsr:/COM9727fb50145c10e09,pmsr:/INS1739402037946315/CTS/0003,0003,pmsr:INI1784603367573,Manequim punção intraossea SN:070086,IV Fluid Administration Interaction Event Detector,component-evidence-name,Simulation support component for Manequim punção intraossea SN:070086,Interaction event detector for tracking learner actions for Manequim punção intraossea SN:070086
pmsr:CPI1332424974393,pmsr:/COM9ab325b780c153c16,pmsr:/INS1739402037946315/CTS/0004,0004,pmsr:INI1784603367573,Manequim punção intraossea SN:070086,IV Fluid Administration Airway Pressure Detector,component-evidence-name,Simulation support component for Manequim punção intraossea SN:070086,Airway pressure detector for monitoring ventilation pressure for Manequim punção intraossea SN:070086
pmsr:CPI6627739442320,pmsr:/COM9a6077a472e113288,pmsr:/INS1739402037946315/CTS/0005,0005,pmsr:INI1784603367573,Manequim punção intraossea SN:070086,IV Fluid Administration Pulse Rate Detector,component-evidence-name,Simulation support component for Manequim punção intraossea SN:070086,Pulse rate detector for monitoring cardiovascular response for Manequim punção intraossea SN:070086
pmsr:CPI1685162339148,pmsr:/COM17860549784665130,pmsr:/INS1739402037946315/CTS/0001,0001,pmsr:INI1784603367574,Manequim punção intraossea SN:070087,,final-curated-fallback-function-only,State detector for monitoring simulator condition changes for Manequim punção intraossea SN:070087,Primary state detector for simulator condition monitoring
pmsr:CPI2257878818375,pmsr:/COM17860549784665170,pmsr:/INS1739402037946315/CTS/0002,0002,pmsr:INI1784603367574,Manequim punção intraossea SN:070087,,final-curated-fallback-function-only,Response actuator for driving simulator state changes for Manequim punção intraossea SN:070087,Primary response actuator for simulator state control
pmsr:CPI3463510944113,pmsr:/COM9727fb50145c10e09,pmsr:/INS1739402037946315/CTS/0003,0003,pmsr:INI1784603367574,Manequim punção intraossea SN:070087,IV Fluid Administration Interaction Event Detector,component-evidence-name,Simulation support component for Manequim punção intraossea SN:070087,Interaction event detector for tracking learner actions for Manequim punção intraossea SN:070087
pmsr:CPI7481755819556,pmsr:/COM9ab325b780c153c16,pmsr:/INS1739402037946315/CTS/0004,0004,pmsr:INI1784603367574,Manequim punção intraossea SN:070087,IV Fluid Administration Airway Pressure Detector,component-evidence-name,Simulation support component for Manequim punção intraossea SN:070087,Airway pressure detector for monitoring ventilation pressure for Manequim punção intraossea SN:070087
pmsr:CPI0566013820408,pmsr:/COM9a6077a472e113288,pmsr:/INS1739402037946315/CTS/0005,0005,pmsr:INI1784603367574,Manequim punção intraossea SN:070087,IV Fluid Administration Pulse Rate Detector,component-evidence-name,Simulation support component for Manequim punção intraossea SN:070087,Pulse rate detector for monitoring cardiovascular response for Manequim punção intraossea SN:070087
pmsr:CPI9816182107786,pmsr:/COM17860549784665130,pmsr:/INS1739402037946315/CTS/0001,0001,pmsr:INI1784603367575,Manequim punção intraossea SN:070088,,final-curated-fallback-function-only,State detector for monitoring simulator condition changes for Manequim punção intraossea SN:070088,Primary state detector for simulator condition monitoring
pmsr:CPI4783708999014,pmsr:/COM17860549784665170,pmsr:/INS1739402037946315/CTS/0002,0002,pmsr:INI1784603367575,Manequim punção intraossea SN:070088,,final-curated-fallback-function-only,Response actuator for driving simulator state changes for Manequim punção intraossea SN:070088,Primary response actuator for simulator state control
pmsr:CPI8129404878581,pmsr:/COM9727fb50145c10e09,pmsr:/INS1739402037946315/CTS/0003,0003,pmsr:INI1784603367575,Manequim punção intraossea SN:070088,IV Fluid Administration Interaction Event Detector,component-evidence-name,Simulation support component for Manequim punção intraossea SN:070088,Interaction event detector for tracking learner actions for Manequim punção intraossea SN:070088
pmsr:CPI1651274046113,pmsr:/COM9ab325b780c153c16,pmsr:/INS1739402037946315/CTS/0004,0004,pmsr:INI1784603367575,Manequim punção intraossea SN:070088,IV Fluid Administration Airway Pressure Detector,component-evidence-name,Simulation support component for Manequim punção intraossea SN:070088,Airway pressure detector for monitoring ventilation pressure for Manequim punção intraossea SN:070088
pmsr:CPI6477158417858,pmsr:/COM9a6077a472e113288,pmsr:/INS1739402037946315/CTS/0005,0005,pmsr:INI1784603367575,Manequim punção intraossea SN:070088,IV Fluid Administration Pulse Rate Detector,component-evidence-name,Simulation support component for Manequim punção intraossea SN:070088,Pulse rate detector for monitoring cardiovascular response for Manequim punção intraossea SN:070088
pmsr:CPI5269329265706,pmsr:/COM17860549784665130,pmsr:/INS1739402037946315/CTS/0001,0001,pmsr:INI1784603367577,Manequim punção intraossea SN:070089,,final-curated-fallback-function-only,State detector for monitoring simulator condition changes for Manequim punção intraossea SN:070089,Primary state detector for simulator condition monitoring
pmsr:CPI8425366881225,pmsr:/COM17860549784665170,pmsr:/INS1739402037946315/CTS/0002,0002,pmsr:INI1784603367577,Manequim punção intraossea SN:070089,,final-curated-fallback-function-only,Response actuator for driving simulator state changes for Manequim punção intraossea SN:070089,Primary response actuator for simulator state control
pmsr:CPI7593141013971,pmsr:/COM9727fb50145c10e09,pmsr:/INS1739402037946315/CTS/0003,0003,pmsr:INI1784603367577,Manequim punção intraossea SN:070089,IV Fluid Administration Interaction Event Detector,component-evidence-name,Simulation support component for Manequim punção intraossea SN:070089,Interaction event detector for tracking learner actions for Manequim punção intraossea SN:070089
pmsr:CPI5319250212217,pmsr:/COM9ab325b780c153c16,pmsr:/INS1739402037946315/CTS/0004,0004,pmsr:INI1784603367577,Manequim punção intraossea SN:070089,IV Fluid Administration Airway Pressure Detector,component-evidence-name,Simulation support component for Manequim punção intraossea SN:070089,Airway pressure detector for monitoring ventilation pressure for Manequim punção intraossea SN:070089
pmsr:CPI1319693221641,pmsr:/COM9a6077a472e113288,pmsr:/INS1739402037946315/CTS/0005,0005,pmsr:INI1784603367577,Manequim punção intraossea SN:070089,IV Fluid Administration Pulse Rate Detector,component-evidence-name,Simulation support component for Manequim punção intraossea SN:070089,Pulse rate detector for monitoring cardiovascular response for Manequim punção intraossea SN:070089
pmsr:CPI6024772687397,pmsr:/COM17860549784665130,pmsr:/INS1739402037946315/CTS/0001,0001,pmsr:INI1784603367578,Manequim punção intraossea SN:070090,,final-curated-fallback-function-only,State detector for monitoring simulator condition changes for Manequim punção intraossea SN:070090,Primary state detector for simulator condition monitoring
pmsr:CPI0454941131603,pmsr:/COM17860549784665170,pmsr:/INS1739402037946315/CTS/0002,0002,pmsr:INI1784603367578,Manequim punção intraossea SN:070090,,final-curated-fallback-function-only,Response actuator for driving simulator state changes for Manequim punção intraossea SN:070090,Primary response actuator for simulator state control
pmsr:CPI9497590321918,pmsr:/COM9727fb50145c10e09,pmsr:/INS1739402037946315/CTS/0003,0003,pmsr:INI1784603367578,Manequim punção intraossea SN:070090,IV Fluid Administration Interaction Event Detector,component-evidence-name,Simulation support component for Manequim punção intraossea SN:070090,Interaction event detector for tracking learner actions for Manequim punção intraossea SN:070090
pmsr:CPI2796428709809,pmsr:/COM9ab325b780c153c16,pmsr:/INS1739402037946315/CTS/0004,0004,pmsr:INI1784603367578,Manequim punção intraossea SN:070090,IV Fluid Administration Airway Pressure Detector,component-evidence-name,Simulation support component for Manequim punção intraossea SN:070090,Airway pressure detector for monitoring ventilation pressure for Manequim punção intraossea SN:070090
pmsr:CPI8972940852048,pmsr:/COM9a6077a472e113288,pmsr:/INS1739402037946315/CTS/0005,0005,pmsr:INI1784603367578,Manequim punção intraossea SN:070090,IV Fluid Administration Pulse Rate Detector,component-evidence-name,Simulation support component for Manequim punção intraossea SN:070090,Pulse rate detector for monitoring cardiovascular response for Manequim punção intraossea SN:070090
pmsr:CPI4041880769946,pmsr:/COM17860549784665130,pmsr:/INS1739402037946315/CTS/0001,0001,pmsr:INI1784603367579,Manequim punção intraossea SN:070091,,final-curated-fallback-function-only,State detector for monitoring simulator condition changes for Manequim punção intraossea SN:070091,Primary state detector for simulator condition monitoring
pmsr:CPI2556176263142,pmsr:/COM17860549784665170,pmsr:/INS1739402037946315/CTS/0002,0002,pmsr:INI1784603367579,Manequim punção intraossea SN:070091,,final-curated-fallback-function-only,Response actuator for driving simulator state changes for Manequim punção intraossea SN:070091,Primary response actuator for simulator state control
pmsr:CPI4404116518017,pmsr:/COM9727fb50145c10e09,pmsr:/INS1739402037946315/CTS/0003,0003,pmsr:INI1784603367579,Manequim punção intraossea SN:070091,IV Fluid Administration Interaction Event Detector,component-evidence-name,Simulation support component for Manequim punção intraossea SN:070091,Interaction event detector for tracking learner actions for Manequim punção intraossea SN:070091
pmsr:CPI9561510409218,pmsr:/COM9ab325b780c153c16,pmsr:/INS1739402037946315/CTS/0004,0004,pmsr:INI1784603367579,Manequim punção intraossea SN:070091,IV Fluid Administration Airway Pressure Detector,component-evidence-name,Simulation support component for Manequim punção intraossea SN:070091,Airway pressure detector for monitoring ventilation pressure for Manequim punção intraossea SN:070091
pmsr:CPI1550219473890,pmsr:/COM9a6077a472e113288,pmsr:/INS1739402037946315/CTS/0005,0005,pmsr:INI1784603367579,Manequim punção intraossea SN:070091,IV Fluid Administration Pulse Rate Detector,component-evidence-name,Simulation support component for Manequim punção intraossea SN:070091,Pulse rate detector for monitoring cardiovascular response for Manequim punção intraossea SN:070091
pmsr:CPI5209253386559,pmsr:/COM17860549784665130,pmsr:/INS1739402037946315/CTS/0001,0001,pmsr:INI1784603367581,Manequim punção intraossea SN:070092,,final-curated-fallback-function-only,State detector for monitoring simulator condition changes for Manequim punção intraossea SN:070092,Primary state detector for simulator condition monitoring
pmsr:CPI9135049545176,pmsr:/COM17860549784665170,pmsr:/INS1739402037946315/CTS/0002,0002,pmsr:INI1784603367581,Manequim punção intraossea SN:070092,,final-curated-fallback-function-only,Response actuator for driving simulator state changes for Manequim punção intraossea SN:070092,Primary response actuator for simulator state control
pmsr:CPI0151127748189,pmsr:/COM9727fb50145c10e09,pmsr:/INS1739402037946315/CTS/0003,0003,pmsr:INI1784603367581,Manequim punção intraossea SN:070092,IV Fluid Administration Interaction Event Detector,component-evidence-name,Simulation support component for Manequim punção intraossea SN:070092,Interaction event detector for tracking learner actions for Manequim punção intraossea SN:070092
pmsr:CPI8655980080783,pmsr:/COM9ab325b780c153c16,pmsr:/INS1739402037946315/CTS/0004,0004,pmsr:INI1784603367581,Manequim punção intraossea SN:070092,IV Fluid Administration Airway Pressure Detector,component-evidence-name,Simulation support component for Manequim punção intraossea SN:070092,Airway pressure detector for monitoring ventilation pressure for Manequim punção intraossea SN:070092
pmsr:CPI6391291834784,pmsr:/COM9a6077a472e113288,pmsr:/INS1739402037946315/CTS/0005,0005,pmsr:INI1784603367581,Manequim punção intraossea SN:070092,IV Fluid Administration Pulse Rate Detector,component-evidence-name,Simulation support component for Manequim punção intraossea SN:070092,Pulse rate detector for monitoring cardiovascular response for Manequim punção intraossea SN:070092
pmsr:CPI4630462361182,pmsr:/COM17860549784665130,pmsr:/INS1739402037946315/CTS/0001,0001,pmsr:INI1784603367582,Manequim punção intraossea SN:070093,,final-curated-fallback-function-only,State detector for monitoring simulator condition changes for Manequim punção intraossea SN:070093,Primary state detector for simulator condition monitoring
pmsr:CPI9991831942750,pmsr:/COM17860549784665170,pmsr:/INS1739402037946315/CTS/0002,0002,pmsr:INI1784603367582,Manequim punção intraossea SN:070093,,final-curated-fallback-function-only,Response actuator for driving simulator state changes for Manequim punção intraossea SN:070093,Primary response actuator for simulator state control
pmsr:CPI5092671621229,pmsr:/COM9727fb50145c10e09,pmsr:/INS1739402037946315/CTS/0003,0003,pmsr:INI1784603367582,Manequim punção intraossea SN:070093,IV Fluid Administration Interaction Event Detector,component-evidence-name,Simulation support component for Manequim punção intraossea SN:070093,Interaction event detector for tracking learner actions for Manequim punção intraossea SN:070093
pmsr:CPI8874363764088,pmsr:/COM9ab325b780c153c16,pmsr:/INS1739402037946315/CTS/0004,0004,pmsr:INI1784603367582,Manequim punção intraossea SN:070093,IV Fluid Administration Airway Pressure Detector,component-evidence-name,Simulation support component for Manequim punção intraossea SN:070093,Airway pressure detector for monitoring ventilation pressure for Manequim punção intraossea SN:070093
pmsr:CPI4175701915996,pmsr:/COM9a6077a472e113288,pmsr:/INS1739402037946315/CTS/0005,0005,pmsr:INI1784603367582,Manequim punção intraossea SN:070093,IV Fluid Administration Pulse Rate Detector,component-evidence-name,Simulation support component for Manequim punção intraossea SN:070093,Pulse rate detector for monitoring cardiovascular response for Manequim punção intraossea SN:070093
pmsr:CPI9799539200113,pmsr:/COM17860549784665130,pmsr:/INS1739402037946315/CTS/0001,0001,pmsr:INI1784603367583,Manequim punção intraossea SN:070094,,final-curated-fallback-function-only,State detector for monitoring simulator condition changes for Manequim punção intraossea SN:070094,Primary state detector for simulator condition monitoring
pmsr:CPI4372271573563,pmsr:/COM17860549784665170,pmsr:/INS1739402037946315/CTS/0002,0002,pmsr:INI1784603367583,Manequim punção intraossea SN:070094,,final-curated-fallback-function-only,Response actuator for driving simulator state changes for Manequim punção intraossea SN:070094,Primary response actuator for simulator state control
pmsr:CPI9820213742933,pmsr:/COM9727fb50145c10e09,pmsr:/INS1739402037946315/CTS/0003,0003,pmsr:INI1784603367583,Manequim punção intraossea SN:070094,IV Fluid Administration Interaction Event Detector,component-evidence-name,Simulation support component for Manequim punção intraossea SN:070094,Interaction event detector for tracking learner actions for Manequim punção intraossea SN:070094
pmsr:CPI4716984838188,pmsr:/COM9ab325b780c153c16,pmsr:/INS1739402037946315/CTS/0004,0004,pmsr:INI1784603367583,Manequim punção intraossea SN:070094,IV Fluid Administration Airway Pressure Detector,component-evidence-name,Simulation support component for Manequim punção intraossea SN:070094,Airway pressure detector for monitoring ventilation pressure for Manequim punção intraossea SN:070094
pmsr:CPI9226731306679,pmsr:/COM9a6077a472e113288,pmsr:/INS1739402037946315/CTS/0005,0005,pmsr:INI1784603367583,Manequim punção intraossea SN:070094,IV Fluid Administration Pulse Rate Detector,component-evidence-name,Simulation support component for Manequim punção intraossea SN:070094,Pulse rate detector for monitoring cardiovascular response for Manequim punção intraossea SN:070094
pmsr:CPI2471197905232,pmsr:/COM17860549784665130,pmsr:/INS1739402037946315/CTS/0001,0001,pmsr:INI1784603367584,Manequim punção intraossea SN:070095,,final-curated-fallback-function-only,State detector for monitoring simulator condition changes for Manequim punção intraossea SN:070095,Primary state detector for simulator condition monitoring
pmsr:CPI9025368538956,pmsr:/COM17860549784665170,pmsr:/INS1739402037946315/CTS/0002,0002,pmsr:INI1784603367584,Manequim punção intraossea SN:070095,,final-curated-fallback-function-only,Response actuator for driving simulator state changes for Manequim punção intraossea SN:070095,Primary response actuator for simulator state control
pmsr:CPI4265065274921,pmsr:/COM9727fb50145c10e09,pmsr:/INS1739402037946315/CTS/0003,0003,pmsr:INI1784603367584,Manequim punção intraossea SN:070095,IV Fluid Administration Interaction Event Detector,component-evidence-name,Simulation support component for Manequim punção intraossea SN:070095,Interaction event detector for tracking learner actions for Manequim punção intraossea SN:070095
pmsr:CPI5007091025397,pmsr:/COM9ab325b780c153c16,pmsr:/INS1739402037946315/CTS/0004,0004,pmsr:INI1784603367584,Manequim punção intraossea SN:070095,IV Fluid Administration Airway Pressure Detector,component-evidence-name,Simulation support component for Manequim punção intraossea SN:070095,Airway pressure detector for monitoring ventilation pressure for Manequim punção intraossea SN:070095
pmsr:CPI6773191324473,pmsr:/COM9a6077a472e113288,pmsr:/INS1739402037946315/CTS/0005,0005,pmsr:INI1784603367584,Manequim punção intraossea SN:070095,IV Fluid Administration Pulse Rate Detector,component-evidence-name,Simulation support component for Manequim punção intraossea SN:070095,Pulse rate detector for monitoring cardiovascular response for Manequim punção intraossea SN:070095
pmsr:CPI1926816040164,pmsr:/COM17860549784665130,pmsr:/INS1739402037946315/CTS/0001,0001,pmsr:INI1784603367586,Manequim punção intraossea SN:070096,,final-curated-fallback-function-only,State detector for monitoring simulator condition changes for Manequim punção intraossea SN:070096,Primary state detector for simulator condition monitoring
pmsr:CPI8808760917293,pmsr:/COM17860549784665170,pmsr:/INS1739402037946315/CTS/0002,0002,pmsr:INI1784603367586,Manequim punção intraossea SN:070096,,final-curated-fallback-function-only,Response actuator for driving simulator state changes for Manequim punção intraossea SN:070096,Primary response actuator for simulator state control
pmsr:CPI3793841074892,pmsr:/COM9727fb50145c10e09,pmsr:/INS1739402037946315/CTS/0003,0003,pmsr:INI1784603367586,Manequim punção intraossea SN:070096,IV Fluid Administration Interaction Event Detector,component-evidence-name,Simulation support component for Manequim punção intraossea SN:070096,Interaction event detector for tracking learner actions for Manequim punção intraossea SN:070096
pmsr:CPI4096739733781,pmsr:/COM9ab325b780c153c16,pmsr:/INS1739402037946315/CTS/0004,0004,pmsr:INI1784603367586,Manequim punção intraossea SN:070096,IV Fluid Administration Airway Pressure Detector,component-evidence-name,Simulation support component for Manequim punção intraossea SN:070096,Airway pressure detector for monitoring ventilation pressure for Manequim punção intraossea SN:070096
pmsr:CPI9993201032130,pmsr:/COM9a6077a472e113288,pmsr:/INS1739402037946315/CTS/0005,0005,pmsr:INI1784603367586,Manequim punção intraossea SN:070096,IV Fluid Administration Pulse Rate Detector,component-evidence-name,Simulation support component for Manequim punção intraossea SN:070096,Pulse rate detector for monitoring cardiovascular response for Manequim punção intraossea SN:070096
pmsr:CPI3783879721841,pmsr:/COM17860549784665130,pmsr:/INS1739402037946315/CTS/0001,0001,pmsr:INI1784603367587,Manequim punção intraossea SN:070097,,final-curated-fallback-function-only,State detector for monitoring simulator condition changes for Manequim punção intraossea SN:070097,Primary state detector for simulator condition monitoring
pmsr:CPI5295128381751,pmsr:/COM17860549784665170,pmsr:/INS1739402037946315/CTS/0002,0002,pmsr:INI1784603367587,Manequim punção intraossea SN:070097,,final-curated-fallback-function-only,Response actuator for driving simulator state changes for Manequim punção intraossea SN:070097,Primary response actuator for simulator state control
pmsr:CPI2945923389961,pmsr:/COM9727fb50145c10e09,pmsr:/INS1739402037946315/CTS/0003,0003,pmsr:INI1784603367587,Manequim punção intraossea SN:070097,IV Fluid Administration Interaction Event Detector,component-evidence-name,Simulation support component for Manequim punção intraossea SN:070097,Interaction event detector for tracking learner actions for Manequim punção intraossea SN:070097
pmsr:CPI3420683694662,pmsr:/COM9ab325b780c153c16,pmsr:/INS1739402037946315/CTS/0004,0004,pmsr:INI1784603367587,Manequim punção intraossea SN:070097,IV Fluid Administration Airway Pressure Detector,component-evidence-name,Simulation support component for Manequim punção intraossea SN:070097,Airway pressure detector for monitoring ventilation pressure for Manequim punção intraossea SN:070097
pmsr:CPI5113365907050,pmsr:/COM9a6077a472e113288,pmsr:/INS1739402037946315/CTS/0005,0005,pmsr:INI1784603367587,Manequim punção intraossea SN:070097,IV Fluid Administration Pulse Rate Detector,component-evidence-name,Simulation support component for Manequim punção intraossea SN:070097,Pulse rate detector for monitoring cardiovascular response for Manequim punção intraossea SN:070097
pmsr:CPI4750941383975,pmsr:/COM17860549784668980,pmsr:/INS1740143878244085/CTS/0001,0001,pmsr:INI1784603367588,Manequim simulador parto (Super OB Susie) SN:070098,,final-curated-fallback-function-only,State detector for monitoring simulator condition changes for Manequim simulador parto (Super OB Susie) SN:070098,Primary state detector for simulator condition monitoring
pmsr:CPI2184305222962,pmsr:/COM17860549784669030,pmsr:/INS1740143878244085/CTS/0002,0002,pmsr:INI1784603367588,Manequim simulador parto (Super OB Susie) SN:070098,,final-curated-fallback-function-only,Response actuator for driving simulator state changes for Manequim simulador parto (Super OB Susie) SN:070098,Primary response actuator for simulator state control
pmsr:CPI0381019489764,pmsr:/COM9211bdcfaf513cb3f,pmsr:/INS1740143878244085/CTS/0003,0003,pmsr:INI1784603367588,Manequim simulador parto (Super OB Susie) SN:070098,Obstetric Simulator Interaction Event Detector,component-evidence-name,Simulation support component for Manequim simulador parto (Super OB Susie) SN:070098,Interaction event detector for tracking learner actions for Manequim simulador parto (Super OB Susie) SN:070098
pmsr:CPI6415849021280,pmsr:/COM9e04a1dac669f072d,pmsr:/INS1740143878244085/CTS/0004,0004,pmsr:INI1784603367588,Manequim simulador parto (Super OB Susie) SN:070098,Obstetric Simulator Airway Pressure Detector,component-evidence-name,Simulation support component for Manequim simulador parto (Super OB Susie) SN:070098,Airway pressure detector for monitoring ventilation pressure for Manequim simulador parto (Super OB Susie) SN:070098
pmsr:CPI3461778380644,pmsr:/COM925a48e7dda68b904,pmsr:/INS1740143878244085/CTS/0005,0005,pmsr:INI1784603367588,Manequim simulador parto (Super OB Susie) SN:070098,Obstetric Simulator Pulse Rate Detector,component-evidence-name,Simulation support component for Manequim simulador parto (Super OB Susie) SN:070098,Pulse rate detector for monitoring cardiovascular response for Manequim simulador parto (Super OB Susie) SN:070098
pmsr:CPI9214868134752,pmsr:/COM17860549784661540,pmsr:/INS1739452063713965/CTS/0001,0001,pmsr:INI1784603367590,Mesa de Anatomia Digital - Anatomage Table Convertible - Training - Protection - license and Handling SN:070099,,final-curated-fallback-function-only,State detector for monitoring simulator condition changes for Mesa de Anatomia Digital - Anatomage Table Convertible - Training - Protection - license and Handling SN:070099,Primary state detector for simulator condition monitoring
pmsr:CPI5049010567301,pmsr:/COM17860549784661570,pmsr:/INS1739452063713965/CTS/0002,0002,pmsr:INI1784603367590,Mesa de Anatomia Digital - Anatomage Table Convertible - Training - Protection - license and Handling SN:070099,,final-curated-fallback-function-only,Response actuator for driving simulator state changes for Mesa de Anatomia Digital - Anatomage Table Convertible - Training - Protection - license and Handling SN:070099,Primary response actuator for simulator state control
pmsr:CPI8511738859923,pmsr:/COM9b2164f02cfa26970,pmsr:/INS1739452063713965/CTS/0003,0003,pmsr:INI1784603367590,Mesa de Anatomia Digital - Anatomage Table Convertible - Training - Protection - license and Handling SN:070099,Anatomage Table Simulator Probe Contact Detector,component-evidence-name,Simulation support component for Mesa de Anatomia Digital - Anatomage Table Convertible - Training - Protection - license and Handling SN:070099,Probe contact detector for verifying probe-to-surface contact quality for Mesa de Anatomia Digital - Anatomage Table Convertible - Training - Protection - license and Handling SN:070099
pmsr:CPI6006848779689,pmsr:/COM17860549784661540,pmsr:/INS1739452063713965/CTS/0001,0001,pmsr:INI1784603367591,Mesa de Anatomia Digital - Anatomage Table Convertible - Training - Protection - license and Handling SN:070100,,final-curated-fallback-function-only,State detector for monitoring simulator condition changes for Mesa de Anatomia Digital - Anatomage Table Convertible - Training - Protection - license and Handling SN:070100,Primary state detector for simulator condition monitoring
pmsr:CPI3724656866112,pmsr:/COM17860549784661570,pmsr:/INS1739452063713965/CTS/0002,0002,pmsr:INI1784603367591,Mesa de Anatomia Digital - Anatomage Table Convertible - Training - Protection - license and Handling SN:070100,,final-curated-fallback-function-only,Response actuator for driving simulator state changes for Mesa de Anatomia Digital - Anatomage Table Convertible - Training - Protection - license and Handling SN:070100,Primary response actuator for simulator state control
pmsr:CPI0055380868310,pmsr:/COM9b2164f02cfa26970,pmsr:/INS1739452063713965/CTS/0003,0003,pmsr:INI1784603367591,Mesa de Anatomia Digital - Anatomage Table Convertible - Training - Protection - license and Handling SN:070100,Anatomage Table Simulator Probe Contact Detector,component-evidence-name,Simulation support component for Mesa de Anatomia Digital - Anatomage Table Convertible - Training - Protection - license and Handling SN:070100,Probe contact detector for verifying probe-to-surface contact quality for Mesa de Anatomia Digital - Anatomage Table Convertible - Training - Protection - license and Handling SN:070100
pmsr:CPI5410779301735,pmsr:/COM17860549784661540,pmsr:/INS1739452063713965/CTS/0001,0001,pmsr:INI1784603367592,Mesa de Anatomia Digital - Anatomage Table Convertible - Training - Protection - license and Handling SN:070101,,final-curated-fallback-function-only,State detector for monitoring simulator condition changes for Mesa de Anatomia Digital - Anatomage Table Convertible - Training - Protection - license and Handling SN:070101,Primary state detector for simulator condition monitoring
pmsr:CPI4971506528356,pmsr:/COM17860549784661570,pmsr:/INS1739452063713965/CTS/0002,0002,pmsr:INI1784603367592,Mesa de Anatomia Digital - Anatomage Table Convertible - Training - Protection - license and Handling SN:070101,,final-curated-fallback-function-only,Response actuator for driving simulator state changes for Mesa de Anatomia Digital - Anatomage Table Convertible - Training - Protection - license and Handling SN:070101,Primary response actuator for simulator state control
pmsr:CPI8543614718931,pmsr:/COM9b2164f02cfa26970,pmsr:/INS1739452063713965/CTS/0003,0003,pmsr:INI1784603367592,Mesa de Anatomia Digital - Anatomage Table Convertible - Training - Protection - license and Handling SN:070101,Anatomage Table Simulator Probe Contact Detector,component-evidence-name,Simulation support component for Mesa de Anatomia Digital - Anatomage Table Convertible - Training - Protection - license and Handling SN:070101,Probe contact detector for verifying probe-to-surface contact quality for Mesa de Anatomia Digital - Anatomage Table Convertible - Training - Protection - license and Handling SN:070101
pmsr:CPI0076982584132,pmsr:/COM17860549784661540,pmsr:/INS1739452063713965/CTS/0001,0001,pmsr:INI1784603367594,Mesa de Anatomia Digital - Anatomage Table Convertible - Training - Protection - license and Handling SN:070102,,final-curated-fallback-function-only,State detector for monitoring simulator condition changes for Mesa de Anatomia Digital - Anatomage Table Convertible - Training - Protection - license and Handling SN:070102,Primary state detector for simulator condition monitoring
pmsr:CPI4293047935627,pmsr:/COM17860549784661570,pmsr:/INS1739452063713965/CTS/0002,0002,pmsr:INI1784603367594,Mesa de Anatomia Digital - Anatomage Table Convertible - Training - Protection - license and Handling SN:070102,,final-curated-fallback-function-only,Response actuator for driving simulator state changes for Mesa de Anatomia Digital - Anatomage Table Convertible - Training - Protection - license and Handling SN:070102,Primary response actuator for simulator state control
pmsr:CPI6802295750257,pmsr:/COM9b2164f02cfa26970,pmsr:/INS1739452063713965/CTS/0003,0003,pmsr:INI1784603367594,Mesa de Anatomia Digital - Anatomage Table Convertible - Training - Protection - license and Handling SN:070102,Anatomage Table Simulator Probe Contact Detector,component-evidence-name,Simulation support component for Mesa de Anatomia Digital - Anatomage Table Convertible - Training - Protection - license and Handling SN:070102,Probe contact detector for verifying probe-to-surface contact quality for Mesa de Anatomia Digital - Anatomage Table Convertible - Training - Protection - license and Handling SN:070102
pmsr:CPI7193008318653,pmsr:/COM17860549784661540,pmsr:/INS1739452063713965/CTS/0001,0001,pmsr:INI1784603367595,Mesa de Anatomia Digital - Anatomage Table Convertible - Training - Protection - license and Handling SN:070103,,final-curated-fallback-function-only,State detector for monitoring simulator condition changes for Mesa de Anatomia Digital - Anatomage Table Convertible - Training - Protection - license and Handling SN:070103,Primary state detector for simulator condition monitoring
pmsr:CPI3230728055475,pmsr:/COM17860549784661570,pmsr:/INS1739452063713965/CTS/0002,0002,pmsr:INI1784603367595,Mesa de Anatomia Digital - Anatomage Table Convertible - Training - Protection - license and Handling SN:070103,,final-curated-fallback-function-only,Response actuator for driving simulator state changes for Mesa de Anatomia Digital - Anatomage Table Convertible - Training - Protection - license and Handling SN:070103,Primary response actuator for simulator state control
pmsr:CPI6246473824237,pmsr:/COM9b2164f02cfa26970,pmsr:/INS1739452063713965/CTS/0003,0003,pmsr:INI1784603367595,Mesa de Anatomia Digital - Anatomage Table Convertible - Training - Protection - license and Handling SN:070103,Anatomage Table Simulator Probe Contact Detector,component-evidence-name,Simulation support component for Mesa de Anatomia Digital - Anatomage Table Convertible - Training - Protection - license and Handling SN:070103,Probe contact detector for verifying probe-to-surface contact quality for Mesa de Anatomia Digital - Anatomage Table Convertible - Training - Protection - license and Handling SN:070103
pmsr:CPI0108298918410,pmsr:/COM17860549784668110,pmsr:/INS1739287092102085/CTS/0001,0001,pmsr:INI1784603367610,Modelo da próstata SN:070114,,final-curated-fallback-function-only,State detector for monitoring simulator condition changes for Modelo da próstata SN:070114,Primary state detector for simulator condition monitoring
pmsr:CPI7334135227402,pmsr:/COM17860549784668170,pmsr:/INS1739287092102085/CTS/0002,0002,pmsr:INI1784603367610,Modelo da próstata SN:070114,,final-curated-fallback-function-only,Response actuator for driving simulator state changes for Modelo da próstata SN:070114,Primary response actuator for simulator state control
pmsr:CPI7473921849772,pmsr:/COM9c87dd2ffb8889986,pmsr:/INS1739287092102085/CTS/0003,0003,pmsr:INI1784603367610,Modelo da próstata SN:070114,Medical Examination Simulators Interaction Event Detector,component-evidence-name,Simulation support component for Modelo da próstata SN:070114,Interaction event detector for tracking learner actions for Modelo da próstata SN:070114
pmsr:CPI7802029878528,pmsr:/COM9dc7088e7b0c6b1d9,pmsr:/INS1739287092102085/CTS/0004,0004,pmsr:INI1784603367610,Modelo da próstata SN:070114,Medical Examination Simulators Airway Pressure Detector,component-evidence-name,Simulation support component for Modelo da próstata SN:070114,Airway pressure detector for monitoring ventilation pressure for Modelo da próstata SN:070114
pmsr:CPI0064911632693,pmsr:/COM91841a32f2e6095c0,pmsr:/INS1739287092102085/CTS/0005,0005,pmsr:INI1784603367610,Modelo da próstata SN:070114,Medical Examination Simulators Pulse Rate Detector,component-evidence-name,Simulation support component for Modelo da próstata SN:070114,Pulse rate detector for monitoring cardiovascular response for Modelo da próstata SN:070114
pmsr:CPI3059759842337,pmsr:/COM17860549784668110,pmsr:/INS1739287092102085/CTS/0001,0001,pmsr:INI1784603367611,Modelo da próstata SN:070115,,final-curated-fallback-function-only,State detector for monitoring simulator condition changes for Modelo da próstata SN:070115,Primary state detector for simulator condition monitoring
pmsr:CPI6790076539580,pmsr:/COM17860549784668170,pmsr:/INS1739287092102085/CTS/0002,0002,pmsr:INI1784603367611,Modelo da próstata SN:070115,,final-curated-fallback-function-only,Response actuator for driving simulator state changes for Modelo da próstata SN:070115,Primary response actuator for simulator state control
pmsr:CPI5045766469538,pmsr:/COM9c87dd2ffb8889986,pmsr:/INS1739287092102085/CTS/0003,0003,pmsr:INI1784603367611,Modelo da próstata SN:070115,Medical Examination Simulators Interaction Event Detector,component-evidence-name,Simulation support component for Modelo da próstata SN:070115,Interaction event detector for tracking learner actions for Modelo da próstata SN:070115
pmsr:CPI1411293548706,pmsr:/COM9dc7088e7b0c6b1d9,pmsr:/INS1739287092102085/CTS/0004,0004,pmsr:INI1784603367611,Modelo da próstata SN:070115,Medical Examination Simulators Airway Pressure Detector,component-evidence-name,Simulation support component for Modelo da próstata SN:070115,Airway pressure detector for monitoring ventilation pressure for Modelo da próstata SN:070115
pmsr:CPI2038401299482,pmsr:/COM91841a32f2e6095c0,pmsr:/INS1739287092102085/CTS/0005,0005,pmsr:INI1784603367611,Modelo da próstata SN:070115,Medical Examination Simulators Pulse Rate Detector,component-evidence-name,Simulation support component for Modelo da próstata SN:070115,Pulse rate detector for monitoring cardiovascular response for Modelo da próstata SN:070115
pmsr:CPI7101539509510,pmsr:/COM17860549784668110,pmsr:/INS1739287092102085/CTS/0001,0001,pmsr:INI1784603367612,Modelo da próstata SN:070116,,final-curated-fallback-function-only,State detector for monitoring simulator condition changes for Modelo da próstata SN:070116,Primary state detector for simulator condition monitoring
pmsr:CPI9055566819147,pmsr:/COM17860549784668170,pmsr:/INS1739287092102085/CTS/0002,0002,pmsr:INI1784603367612,Modelo da próstata SN:070116,,final-curated-fallback-function-only,Response actuator for driving simulator state changes for Modelo da próstata SN:070116,Primary response actuator for simulator state control
pmsr:CPI1989769381067,pmsr:/COM9c87dd2ffb8889986,pmsr:/INS1739287092102085/CTS/0003,0003,pmsr:INI1784603367612,Modelo da próstata SN:070116,Medical Examination Simulators Interaction Event Detector,component-evidence-name,Simulation support component for Modelo da próstata SN:070116,Interaction event detector for tracking learner actions for Modelo da próstata SN:070116
pmsr:CPI9212693748804,pmsr:/COM9dc7088e7b0c6b1d9,pmsr:/INS1739287092102085/CTS/0004,0004,pmsr:INI1784603367612,Modelo da próstata SN:070116,Medical Examination Simulators Airway Pressure Detector,component-evidence-name,Simulation support component for Modelo da próstata SN:070116,Airway pressure detector for monitoring ventilation pressure for Modelo da próstata SN:070116
pmsr:CPI8204597832247,pmsr:/COM91841a32f2e6095c0,pmsr:/INS1739287092102085/CTS/0005,0005,pmsr:INI1784603367612,Modelo da próstata SN:070116,Medical Examination Simulators Pulse Rate Detector,component-evidence-name,Simulation support component for Modelo da próstata SN:070116,Pulse rate detector for monitoring cardiovascular response for Modelo da próstata SN:070116
pmsr:CPI5947833067547,pmsr:/COM17860549784667900,ncit:C16830/CTS/0001,0001,pmsr:INI1784603367614,Pitting edema trainer SN:070117,,final-curated-fallback-function-only,State detector for monitoring simulator condition changes for Pitting edema trainer SN:070117,Primary state detector for simulator condition monitoring
pmsr:CPI8862183769702,pmsr:/COM17860549784667940,ncit:C16830/CTS/0002,0002,pmsr:INI1784603367614,Pitting edema trainer SN:070117,,final-curated-fallback-function-only,Response actuator for driving simulator state changes for Pitting edema trainer SN:070117,Primary response actuator for simulator state control
pmsr:CPI8042397218633,pmsr:/COM909d6d9cdb98cf3b5,ncit:C16830/CTS/0003,0003,pmsr:INI1784603367614,Pitting edema trainer SN:070117,Medical Device Interaction Event Detector,component-evidence-name,Simulation support component for Pitting edema trainer SN:070117,Interaction event detector for tracking learner actions for Pitting edema trainer SN:070117
pmsr:CPI9645062753381,pmsr:/COM17860549784667900,ncit:C16830/CTS/0001,0001,pmsr:INI1784603367615,Pitting edema trainer SN:070118,,final-curated-fallback-function-only,State detector for monitoring simulator condition changes for Pitting edema trainer SN:070118,Primary state detector for simulator condition monitoring
pmsr:CPI6463875125551,pmsr:/COM17860549784667940,ncit:C16830/CTS/0002,0002,pmsr:INI1784603367615,Pitting edema trainer SN:070118,,final-curated-fallback-function-only,Response actuator for driving simulator state changes for Pitting edema trainer SN:070118,Primary response actuator for simulator state control
pmsr:CPI1969088410097,pmsr:/COM909d6d9cdb98cf3b5,ncit:C16830/CTS/0003,0003,pmsr:INI1784603367615,Pitting edema trainer SN:070118,Medical Device Interaction Event Detector,component-evidence-name,Simulation support component for Pitting edema trainer SN:070118,Interaction event detector for tracking learner actions for Pitting edema trainer SN:070118
pmsr:CPI6452472236988,pmsr:/COM17860549784667900,ncit:C16830/CTS/0001,0001,pmsr:INI1784603367616,Pitting edema trainer SN:070119,,final-curated-fallback-function-only,State detector for monitoring simulator condition changes for Pitting edema trainer SN:070119,Primary state detector for simulator condition monitoring
pmsr:CPI6900385375190,pmsr:/COM17860549784667940,ncit:C16830/CTS/0002,0002,pmsr:INI1784603367616,Pitting edema trainer SN:070119,,final-curated-fallback-function-only,Response actuator for driving simulator state changes for Pitting edema trainer SN:070119,Primary response actuator for simulator state control
pmsr:CPI2834891688739,pmsr:/COM909d6d9cdb98cf3b5,ncit:C16830/CTS/0003,0003,pmsr:INI1784603367616,Pitting edema trainer SN:070119,Medical Device Interaction Event Detector,component-evidence-name,Simulation support component for Pitting edema trainer SN:070119,Interaction event detector for tracking learner actions for Pitting edema trainer SN:070119
pmsr:CPI8280827704605,pmsr:/COM17860549784667900,ncit:C16830/CTS/0001,0001,pmsr:INI1784603367618,Pitting edema trainer SN:070120,,final-curated-fallback-function-only,State detector for monitoring simulator condition changes for Pitting edema trainer SN:070120,Primary state detector for simulator condition monitoring
pmsr:CPI1784866770259,pmsr:/COM17860549784667940,ncit:C16830/CTS/0002,0002,pmsr:INI1784603367618,Pitting edema trainer SN:070120,,final-curated-fallback-function-only,Response actuator for driving simulator state changes for Pitting edema trainer SN:070120,Primary response actuator for simulator state control
pmsr:CPI5362535987111,pmsr:/COM909d6d9cdb98cf3b5,ncit:C16830/CTS/0003,0003,pmsr:INI1784603367618,Pitting edema trainer SN:070120,Medical Device Interaction Event Detector,component-evidence-name,Simulation support component for Pitting edema trainer SN:070120,Interaction event detector for tracking learner actions for Pitting edema trainer SN:070120
pmsr:CPI3968037720652,pmsr:/COM17860549784667900,ncit:C16830/CTS/0001,0001,pmsr:INI1784603367619,Pitting edema trainer SN:070121,,final-curated-fallback-function-only,State detector for monitoring simulator condition changes for Pitting edema trainer SN:070121,Primary state detector for simulator condition monitoring
pmsr:CPI3967476987853,pmsr:/COM17860549784667940,ncit:C16830/CTS/0002,0002,pmsr:INI1784603367619,Pitting edema trainer SN:070121,,final-curated-fallback-function-only,Response actuator for driving simulator state changes for Pitting edema trainer SN:070121,Primary response actuator for simulator state control
pmsr:CPI5743293206094,pmsr:/COM909d6d9cdb98cf3b5,ncit:C16830/CTS/0003,0003,pmsr:INI1784603367619,Pitting edema trainer SN:070121,Medical Device Interaction Event Detector,component-evidence-name,Simulation support component for Pitting edema trainer SN:070121,Interaction event detector for tracking learner actions for Pitting edema trainer SN:070121
pmsr:CPI1559489272016,pmsr:/COM17860549784667900,ncit:C16830/CTS/0001,0001,pmsr:INI1784603367620,Pitting edema trainer SN:070122,,final-curated-fallback-function-only,State detector for monitoring simulator condition changes for Pitting edema trainer SN:070122,Primary state detector for simulator condition monitoring
pmsr:CPI6031502006400,pmsr:/COM17860549784667940,ncit:C16830/CTS/0002,0002,pmsr:INI1784603367620,Pitting edema trainer SN:070122,,final-curated-fallback-function-only,Response actuator for driving simulator state changes for Pitting edema trainer SN:070122,Primary response actuator for simulator state control
pmsr:CPI1042329070938,pmsr:/COM909d6d9cdb98cf3b5,ncit:C16830/CTS/0003,0003,pmsr:INI1784603367620,Pitting edema trainer SN:070122,Medical Device Interaction Event Detector,component-evidence-name,Simulation support component for Pitting edema trainer SN:070122,Interaction event detector for tracking learner actions for Pitting edema trainer SN:070122
pmsr:CPI6882529076178,pmsr:/COM17860549784667900,ncit:C16830/CTS/0001,0001,pmsr:INI1784603367622,Pitting edema trainer SN:070123,,final-curated-fallback-function-only,State detector for monitoring simulator condition changes for Pitting edema trainer SN:070123,Primary state detector for simulator condition monitoring
pmsr:CPI5576709146225,pmsr:/COM17860549784667940,ncit:C16830/CTS/0002,0002,pmsr:INI1784603367622,Pitting edema trainer SN:070123,,final-curated-fallback-function-only,Response actuator for driving simulator state changes for Pitting edema trainer SN:070123,Primary response actuator for simulator state control
pmsr:CPI6693749156999,pmsr:/COM909d6d9cdb98cf3b5,ncit:C16830/CTS/0003,0003,pmsr:INI1784603367622,Pitting edema trainer SN:070123,Medical Device Interaction Event Detector,component-evidence-name,Simulation support component for Pitting edema trainer SN:070123,Interaction event detector for tracking learner actions for Pitting edema trainer SN:070123
pmsr:CPI2925680492576,pmsr:/COM17860549784667900,ncit:C16830/CTS/0001,0001,pmsr:INI1784603367623,Pitting edema trainer SN:070124,,final-curated-fallback-function-only,State detector for monitoring simulator condition changes for Pitting edema trainer SN:070124,Primary state detector for simulator condition monitoring
pmsr:CPI8539903491566,pmsr:/COM17860549784667940,ncit:C16830/CTS/0002,0002,pmsr:INI1784603367623,Pitting edema trainer SN:070124,,final-curated-fallback-function-only,Response actuator for driving simulator state changes for Pitting edema trainer SN:070124,Primary response actuator for simulator state control
pmsr:CPI8312461373784,pmsr:/COM909d6d9cdb98cf3b5,ncit:C16830/CTS/0003,0003,pmsr:INI1784603367623,Pitting edema trainer SN:070124,Medical Device Interaction Event Detector,component-evidence-name,Simulation support component for Pitting edema trainer SN:070124,Interaction event detector for tracking learner actions for Pitting edema trainer SN:070124
pmsr:CPI9242181298046,pmsr:/COM17860549784667900,ncit:C16830/CTS/0001,0001,pmsr:INI1784603367624,Pitting edema trainer SN:070125,,final-curated-fallback-function-only,State detector for monitoring simulator condition changes for Pitting edema trainer SN:070125,Primary state detector for simulator condition monitoring
pmsr:CPI4398026246933,pmsr:/COM17860549784667940,ncit:C16830/CTS/0002,0002,pmsr:INI1784603367624,Pitting edema trainer SN:070125,,final-curated-fallback-function-only,Response actuator for driving simulator state changes for Pitting edema trainer SN:070125,Primary response actuator for simulator state control
pmsr:CPI9985573419353,pmsr:/COM909d6d9cdb98cf3b5,ncit:C16830/CTS/0003,0003,pmsr:INI1784603367624,Pitting edema trainer SN:070125,Medical Device Interaction Event Detector,component-evidence-name,Simulation support component for Pitting edema trainer SN:070125,Interaction event detector for tracking learner actions for Pitting edema trainer SN:070125
pmsr:CPI3160957785296,pmsr:/COM17860549784667900,ncit:C16830/CTS/0001,0001,pmsr:INI1784603367625,Pitting edema trainer SN:070126,,final-curated-fallback-function-only,State detector for monitoring simulator condition changes for Pitting edema trainer SN:070126,Primary state detector for simulator condition monitoring
pmsr:CPI9155495737983,pmsr:/COM17860549784667940,ncit:C16830/CTS/0002,0002,pmsr:INI1784603367625,Pitting edema trainer SN:070126,,final-curated-fallback-function-only,Response actuator for driving simulator state changes for Pitting edema trainer SN:070126,Primary response actuator for simulator state control
pmsr:CPI6798512756574,pmsr:/COM909d6d9cdb98cf3b5,ncit:C16830/CTS/0003,0003,pmsr:INI1784603367625,Pitting edema trainer SN:070126,Medical Device Interaction Event Detector,component-evidence-name,Simulation support component for Pitting edema trainer SN:070126,Interaction event detector for tracking learner actions for Pitting edema trainer SN:070126
pmsr:CPI4445971933252,pmsr:/COM17860549784667900,ncit:C16830/CTS/0001,0001,pmsr:INI1784603367627,Pitting edema trainer SN:070127,,final-curated-fallback-function-only,State detector for monitoring simulator condition changes for Pitting edema trainer SN:070127,Primary state detector for simulator condition monitoring
pmsr:CPI0210607623154,pmsr:/COM17860549784667940,ncit:C16830/CTS/0002,0002,pmsr:INI1784603367627,Pitting edema trainer SN:070127,,final-curated-fallback-function-only,Response actuator for driving simulator state changes for Pitting edema trainer SN:070127,Primary response actuator for simulator state control
pmsr:CPI4562411203195,pmsr:/COM909d6d9cdb98cf3b5,ncit:C16830/CTS/0003,0003,pmsr:INI1784603367627,Pitting edema trainer SN:070127,Medical Device Interaction Event Detector,component-evidence-name,Simulation support component for Pitting edema trainer SN:070127,Interaction event detector for tracking learner actions for Pitting edema trainer SN:070127
pmsr:CPI6674627402956,pmsr:/COM17860549784667900,ncit:C16830/CTS/0001,0001,pmsr:INI1784603367628,Pitting edema trainer SN:070128,,final-curated-fallback-function-only,State detector for monitoring simulator condition changes for Pitting edema trainer SN:070128,Primary state detector for simulator condition monitoring
pmsr:CPI4328680229228,pmsr:/COM17860549784667940,ncit:C16830/CTS/0002,0002,pmsr:INI1784603367628,Pitting edema trainer SN:070128,,final-curated-fallback-function-only,Response actuator for driving simulator state changes for Pitting edema trainer SN:070128,Primary response actuator for simulator state control
pmsr:CPI4991162655925,pmsr:/COM909d6d9cdb98cf3b5,ncit:C16830/CTS/0003,0003,pmsr:INI1784603367628,Pitting edema trainer SN:070128,Medical Device Interaction Event Detector,component-evidence-name,Simulation support component for Pitting edema trainer SN:070128,Interaction event detector for tracking learner actions for Pitting edema trainer SN:070128
pmsr:CPI8153673932902,pmsr:/COM17860549784667900,ncit:C16830/CTS/0001,0001,pmsr:INI1784603367629,Quadro Luminoso – Revolution Lightboard Studio Package SN:070129,,final-curated-fallback-function-only,State detector for monitoring simulator condition changes for Quadro Luminoso – Revolution Lightboard Studio Package SN:070129,Primary state detector for simulator condition monitoring
pmsr:CPI8397123736559,pmsr:/COM17860549784667940,ncit:C16830/CTS/0002,0002,pmsr:INI1784603367629,Quadro Luminoso – Revolution Lightboard Studio Package SN:070129,,final-curated-fallback-function-only,Response actuator for driving simulator state changes for Quadro Luminoso – Revolution Lightboard Studio Package SN:070129,Primary response actuator for simulator state control
pmsr:CPI4495320785765,pmsr:/COM909d6d9cdb98cf3b5,ncit:C16830/CTS/0003,0003,pmsr:INI1784603367629,Quadro Luminoso – Revolution Lightboard Studio Package SN:070129,Medical Device Interaction Event Detector,component-evidence-name,Simulation support component for Quadro Luminoso – Revolution Lightboard Studio Package SN:070129,Interaction event detector for tracking learner actions for Quadro Luminoso – Revolution Lightboard Studio Package SN:070129
pmsr:CPI0532717875479,pmsr:/COM17860549784667900,ncit:C16830/CTS/0001,0001,pmsr:INI1784603367631,Scanner ARTEC LEO SN:070130,,final-curated-fallback-function-only,State detector for monitoring simulator condition changes for Scanner ARTEC LEO SN:070130,Primary state detector for simulator condition monitoring
pmsr:CPI1999757851527,pmsr:/COM17860549784667940,ncit:C16830/CTS/0002,0002,pmsr:INI1784603367631,Scanner ARTEC LEO SN:070130,,final-curated-fallback-function-only,Response actuator for driving simulator state changes for Scanner ARTEC LEO SN:070130,Primary response actuator for simulator state control
pmsr:CPI1908004166505,pmsr:/COM909d6d9cdb98cf3b5,ncit:C16830/CTS/0003,0003,pmsr:INI1784603367631,Scanner ARTEC LEO SN:070130,Medical Device Interaction Event Detector,component-evidence-name,Simulation support component for Scanner ARTEC LEO SN:070130,Interaction event detector for tracking learner actions for Scanner ARTEC LEO SN:070130
pmsr:CPI9856150064626,pmsr:/COM17860549784667900,ncit:C16830/CTS/0001,0001,pmsr:INI1784603367632,Scanner ARTEC LEO SN:070131,,final-curated-fallback-function-only,State detector for monitoring simulator condition changes for Scanner ARTEC LEO SN:070131,Primary state detector for simulator condition monitoring
pmsr:CPI4662983554639,pmsr:/COM17860549784667940,ncit:C16830/CTS/0002,0002,pmsr:INI1784603367632,Scanner ARTEC LEO SN:070131,,final-curated-fallback-function-only,Response actuator for driving simulator state changes for Scanner ARTEC LEO SN:070131,Primary response actuator for simulator state control
pmsr:CPI0094168591942,pmsr:/COM909d6d9cdb98cf3b5,ncit:C16830/CTS/0003,0003,pmsr:INI1784603367632,Scanner ARTEC LEO SN:070131,Medical Device Interaction Event Detector,component-evidence-name,Simulation support component for Scanner ARTEC LEO SN:070131,Interaction event detector for tracking learner actions for Scanner ARTEC LEO SN:070131
pmsr:CPI1256533369212,pmsr:/COM17860549784667900,ncit:C16830/CTS/0001,0001,pmsr:INI1784603367633,SimLeggings™ Pitting Edema SN:070132,,final-curated-fallback-function-only,State detector for monitoring simulator condition changes for SimLeggings™ Pitting Edema SN:070132,Primary state detector for simulator condition monitoring
pmsr:CPI3442998606621,pmsr:/COM17860549784667940,ncit:C16830/CTS/0002,0002,pmsr:INI1784603367633,SimLeggings™ Pitting Edema SN:070132,,final-curated-fallback-function-only,Response actuator for driving simulator state changes for SimLeggings™ Pitting Edema SN:070132,Primary response actuator for simulator state control
pmsr:CPI1939635468247,pmsr:/COM909d6d9cdb98cf3b5,ncit:C16830/CTS/0003,0003,pmsr:INI1784603367633,SimLeggings™ Pitting Edema SN:070132,Medical Device Interaction Event Detector,component-evidence-name,Simulation support component for SimLeggings™ Pitting Edema SN:070132,Interaction event detector for tracking learner actions for SimLeggings™ Pitting Edema SN:070132
pmsr:CPI6443811007546,pmsr:/COM17860549784667900,ncit:C16830/CTS/0001,0001,pmsr:INI1784603367635,SimLeggings™ Pitting Edema SN:070133,,final-curated-fallback-function-only,State detector for monitoring simulator condition changes for SimLeggings™ Pitting Edema SN:070133,Primary state detector for simulator condition monitoring
pmsr:CPI1982181736586,pmsr:/COM17860549784667940,ncit:C16830/CTS/0002,0002,pmsr:INI1784603367635,SimLeggings™ Pitting Edema SN:070133,,final-curated-fallback-function-only,Response actuator for driving simulator state changes for SimLeggings™ Pitting Edema SN:070133,Primary response actuator for simulator state control
pmsr:CPI7988343025929,pmsr:/COM909d6d9cdb98cf3b5,ncit:C16830/CTS/0003,0003,pmsr:INI1784603367635,SimLeggings™ Pitting Edema SN:070133,Medical Device Interaction Event Detector,component-evidence-name,Simulation support component for SimLeggings™ Pitting Edema SN:070133,Interaction event detector for tracking learner actions for SimLeggings™ Pitting Edema SN:070133
pmsr:CPI9274431945705,pmsr:/COM17860549784667900,ncit:C16830/CTS/0001,0001,pmsr:INI1784603367636,SimLeggings™ Pitting Edema SN:070134,,final-curated-fallback-function-only,State detector for monitoring simulator condition changes for SimLeggings™ Pitting Edema SN:070134,Primary state detector for simulator condition monitoring
pmsr:CPI0931298841481,pmsr:/COM17860549784667940,ncit:C16830/CTS/0002,0002,pmsr:INI1784603367636,SimLeggings™ Pitting Edema SN:070134,,final-curated-fallback-function-only,Response actuator for driving simulator state changes for SimLeggings™ Pitting Edema SN:070134,Primary response actuator for simulator state control
pmsr:CPI3197325736453,pmsr:/COM909d6d9cdb98cf3b5,ncit:C16830/CTS/0003,0003,pmsr:INI1784603367636,SimLeggings™ Pitting Edema SN:070134,Medical Device Interaction Event Detector,component-evidence-name,Simulation support component for SimLeggings™ Pitting Edema SN:070134,Interaction event detector for tracking learner actions for SimLeggings™ Pitting Edema SN:070134
pmsr:CPI8977806003725,pmsr:/COM17860549784667900,ncit:C16830/CTS/0001,0001,pmsr:INI1784603367637,SimLeggings™ Pitting Edema SN:070135,,final-curated-fallback-function-only,State detector for monitoring simulator condition changes for SimLeggings™ Pitting Edema SN:070135,Primary state detector for simulator condition monitoring
pmsr:CPI4679254149523,pmsr:/COM17860549784667940,ncit:C16830/CTS/0002,0002,pmsr:INI1784603367637,SimLeggings™ Pitting Edema SN:070135,,final-curated-fallback-function-only,Response actuator for driving simulator state changes for SimLeggings™ Pitting Edema SN:070135,Primary response actuator for simulator state control
pmsr:CPI1204541093499,pmsr:/COM909d6d9cdb98cf3b5,ncit:C16830/CTS/0003,0003,pmsr:INI1784603367637,SimLeggings™ Pitting Edema SN:070135,Medical Device Interaction Event Detector,component-evidence-name,Simulation support component for SimLeggings™ Pitting Edema SN:070135,Interaction event detector for tracking learner actions for SimLeggings™ Pitting Edema SN:070135
pmsr:CPI0873752770029,pmsr:/COM17860549784667900,ncit:C16830/CTS/0001,0001,pmsr:INI1784603367639,SimLeggings™ Pitting Edema SN:070136,,final-curated-fallback-function-only,State detector for monitoring simulator condition changes for SimLeggings™ Pitting Edema SN:070136,Primary state detector for simulator condition monitoring
pmsr:CPI6304474303155,pmsr:/COM17860549784667940,ncit:C16830/CTS/0002,0002,pmsr:INI1784603367639,SimLeggings™ Pitting Edema SN:070136,,final-curated-fallback-function-only,Response actuator for driving simulator state changes for SimLeggings™ Pitting Edema SN:070136,Primary response actuator for simulator state control
pmsr:CPI9623030019377,pmsr:/COM909d6d9cdb98cf3b5,ncit:C16830/CTS/0003,0003,pmsr:INI1784603367639,SimLeggings™ Pitting Edema SN:070136,Medical Device Interaction Event Detector,component-evidence-name,Simulation support component for SimLeggings™ Pitting Edema SN:070136,Interaction event detector for tracking learner actions for SimLeggings™ Pitting Edema SN:070136
pmsr:CPI7162549272329,pmsr:/COM17860549784667900,ncit:C16830/CTS/0001,0001,pmsr:INI1784603367640,SimLeggings™ Pitting Edema SN:070137,,final-curated-fallback-function-only,State detector for monitoring simulator condition changes for SimLeggings™ Pitting Edema SN:070137,Primary state detector for simulator condition monitoring
pmsr:CPI4108484076253,pmsr:/COM17860549784667940,ncit:C16830/CTS/0002,0002,pmsr:INI1784603367640,SimLeggings™ Pitting Edema SN:070137,,final-curated-fallback-function-only,Response actuator for driving simulator state changes for SimLeggings™ Pitting Edema SN:070137,Primary response actuator for simulator state control
pmsr:CPI7668412704616,pmsr:/COM909d6d9cdb98cf3b5,ncit:C16830/CTS/0003,0003,pmsr:INI1784603367640,SimLeggings™ Pitting Edema SN:070137,Medical Device Interaction Event Detector,component-evidence-name,Simulation support component for SimLeggings™ Pitting Edema SN:070137,Interaction event detector for tracking learner actions for SimLeggings™ Pitting Edema SN:070137
pmsr:CPI7556629977179,pmsr:/COM17860549784667900,ncit:C16830/CTS/0001,0001,pmsr:INI1784603367641,SimLeggings™ Pitting Edema SN:070138,,final-curated-fallback-function-only,State detector for monitoring simulator condition changes for SimLeggings™ Pitting Edema SN:070138,Primary state detector for simulator condition monitoring
pmsr:CPI5311101322261,pmsr:/COM17860549784667940,ncit:C16830/CTS/0002,0002,pmsr:INI1784603367641,SimLeggings™ Pitting Edema SN:070138,,final-curated-fallback-function-only,Response actuator for driving simulator state changes for SimLeggings™ Pitting Edema SN:070138,Primary response actuator for simulator state control
pmsr:CPI3920849110959,pmsr:/COM909d6d9cdb98cf3b5,ncit:C16830/CTS/0003,0003,pmsr:INI1784603367641,SimLeggings™ Pitting Edema SN:070138,Medical Device Interaction Event Detector,component-evidence-name,Simulation support component for SimLeggings™ Pitting Edema SN:070138,Interaction event detector for tracking learner actions for SimLeggings™ Pitting Edema SN:070138
pmsr:CPI6602212391886,pmsr:/COM17860549784667900,ncit:C16830/CTS/0001,0001,pmsr:INI1784603367643,SimLeggings™ Pitting Edema SN:070139,,final-curated-fallback-function-only,State detector for monitoring simulator condition changes for SimLeggings™ Pitting Edema SN:070139,Primary state detector for simulator condition monitoring
pmsr:CPI4391202744413,pmsr:/COM17860549784667940,ncit:C16830/CTS/0002,0002,pmsr:INI1784603367643,SimLeggings™ Pitting Edema SN:070139,,final-curated-fallback-function-only,Response actuator for driving simulator state changes for SimLeggings™ Pitting Edema SN:070139,Primary response actuator for simulator state control
pmsr:CPI1231318167136,pmsr:/COM909d6d9cdb98cf3b5,ncit:C16830/CTS/0003,0003,pmsr:INI1784603367643,SimLeggings™ Pitting Edema SN:070139,Medical Device Interaction Event Detector,component-evidence-name,Simulation support component for SimLeggings™ Pitting Edema SN:070139,Interaction event detector for tracking learner actions for SimLeggings™ Pitting Edema SN:070139
pmsr:CPI9529401115264,pmsr:/COM17860549784667900,ncit:C16830/CTS/0001,0001,pmsr:INI1784603367644,SimLeggings™ Pitting Edema SN:070140,,final-curated-fallback-function-only,State detector for monitoring simulator condition changes for SimLeggings™ Pitting Edema SN:070140,Primary state detector for simulator condition monitoring
pmsr:CPI2965251563020,pmsr:/COM17860549784667940,ncit:C16830/CTS/0002,0002,pmsr:INI1784603367644,SimLeggings™ Pitting Edema SN:070140,,final-curated-fallback-function-only,Response actuator for driving simulator state changes for SimLeggings™ Pitting Edema SN:070140,Primary response actuator for simulator state control
pmsr:CPI8805762655250,pmsr:/COM909d6d9cdb98cf3b5,ncit:C16830/CTS/0003,0003,pmsr:INI1784603367644,SimLeggings™ Pitting Edema SN:070140,Medical Device Interaction Event Detector,component-evidence-name,Simulation support component for SimLeggings™ Pitting Edema SN:070140,Interaction event detector for tracking learner actions for SimLeggings™ Pitting Edema SN:070140
pmsr:CPI9278086525137,pmsr:/COM17860549784667900,ncit:C16830/CTS/0001,0001,pmsr:INI1784603367645,SimLeggings™ Pitting Edema SN:070141,,final-curated-fallback-function-only,State detector for monitoring simulator condition changes for SimLeggings™ Pitting Edema SN:070141,Primary state detector for simulator condition monitoring
pmsr:CPI4116377797532,pmsr:/COM17860549784667940,ncit:C16830/CTS/0002,0002,pmsr:INI1784603367645,SimLeggings™ Pitting Edema SN:070141,,final-curated-fallback-function-only,Response actuator for driving simulator state changes for SimLeggings™ Pitting Edema SN:070141,Primary response actuator for simulator state control
pmsr:CPI8450925703335,pmsr:/COM909d6d9cdb98cf3b5,ncit:C16830/CTS/0003,0003,pmsr:INI1784603367645,SimLeggings™ Pitting Edema SN:070141,Medical Device Interaction Event Detector,component-evidence-name,Simulation support component for SimLeggings™ Pitting Edema SN:070141,Interaction event detector for tracking learner actions for SimLeggings™ Pitting Edema SN:070141
pmsr:CPI5142415086568,pmsr:/COM17860549784667900,ncit:C16830/CTS/0001,0001,pmsr:INI1784603367647,SimLeggings™ Pitting Edema SN:070142,,final-curated-fallback-function-only,State detector for monitoring simulator condition changes for SimLeggings™ Pitting Edema SN:070142,Primary state detector for simulator condition monitoring
pmsr:CPI6740786794170,pmsr:/COM17860549784667940,ncit:C16830/CTS/0002,0002,pmsr:INI1784603367647,SimLeggings™ Pitting Edema SN:070142,,final-curated-fallback-function-only,Response actuator for driving simulator state changes for SimLeggings™ Pitting Edema SN:070142,Primary response actuator for simulator state control
pmsr:CPI4979563769475,pmsr:/COM909d6d9cdb98cf3b5,ncit:C16830/CTS/0003,0003,pmsr:INI1784603367647,SimLeggings™ Pitting Edema SN:070142,Medical Device Interaction Event Detector,component-evidence-name,Simulation support component for SimLeggings™ Pitting Edema SN:070142,Interaction event detector for tracking learner actions for SimLeggings™ Pitting Edema SN:070142
pmsr:CPI2689612383153,pmsr:/COM17860549784667900,ncit:C16830/CTS/0001,0001,pmsr:INI1784603367648,SimLeggings™ Pitting Edema SN:070143,,final-curated-fallback-function-only,State detector for monitoring simulator condition changes for SimLeggings™ Pitting Edema SN:070143,Primary state detector for simulator condition monitoring
pmsr:CPI6864091653955,pmsr:/COM17860549784667940,ncit:C16830/CTS/0002,0002,pmsr:INI1784603367648,SimLeggings™ Pitting Edema SN:070143,,final-curated-fallback-function-only,Response actuator for driving simulator state changes for SimLeggings™ Pitting Edema SN:070143,Primary response actuator for simulator state control
pmsr:CPI8402466795417,pmsr:/COM909d6d9cdb98cf3b5,ncit:C16830/CTS/0003,0003,pmsr:INI1784603367648,SimLeggings™ Pitting Edema SN:070143,Medical Device Interaction Event Detector,component-evidence-name,Simulation support component for SimLeggings™ Pitting Edema SN:070143,Interaction event detector for tracking learner actions for SimLeggings™ Pitting Edema SN:070143
pmsr:CPI1393604744042,pmsr:/COM17860549784667900,ncit:C16830/CTS/0001,0001,pmsr:INI1784603367649,SimSleeves™ Lymphedema SN:070144,,final-curated-fallback-function-only,State detector for monitoring simulator condition changes for SimSleeves™ Lymphedema SN:070144,Primary state detector for simulator condition monitoring
pmsr:CPI7687352019631,pmsr:/COM17860549784667940,ncit:C16830/CTS/0002,0002,pmsr:INI1784603367649,SimSleeves™ Lymphedema SN:070144,,final-curated-fallback-function-only,Response actuator for driving simulator state changes for SimSleeves™ Lymphedema SN:070144,Primary response actuator for simulator state control
pmsr:CPI9970599229309,pmsr:/COM909d6d9cdb98cf3b5,ncit:C16830/CTS/0003,0003,pmsr:INI1784603367649,SimSleeves™ Lymphedema SN:070144,Medical Device Interaction Event Detector,component-evidence-name,Simulation support component for SimSleeves™ Lymphedema SN:070144,Interaction event detector for tracking learner actions for SimSleeves™ Lymphedema SN:070144
pmsr:CPI8728060743888,pmsr:/COM17860549784667900,ncit:C16830/CTS/0001,0001,pmsr:INI1784603367651,SimSleeves™ Lymphedema SN:070145,,final-curated-fallback-function-only,State detector for monitoring simulator condition changes for SimSleeves™ Lymphedema SN:070145,Primary state detector for simulator condition monitoring
pmsr:CPI9360029217853,pmsr:/COM17860549784667940,ncit:C16830/CTS/0002,0002,pmsr:INI1784603367651,SimSleeves™ Lymphedema SN:070145,,final-curated-fallback-function-only,Response actuator for driving simulator state changes for SimSleeves™ Lymphedema SN:070145,Primary response actuator for simulator state control
pmsr:CPI8340399115290,pmsr:/COM909d6d9cdb98cf3b5,ncit:C16830/CTS/0003,0003,pmsr:INI1784603367651,SimSleeves™ Lymphedema SN:070145,Medical Device Interaction Event Detector,component-evidence-name,Simulation support component for SimSleeves™ Lymphedema SN:070145,Interaction event detector for tracking learner actions for SimSleeves™ Lymphedema SN:070145
pmsr:CPI7392588948670,pmsr:/COM17860549784667900,ncit:C16830/CTS/0001,0001,pmsr:INI1784603367652,SimSleeves™ Lymphedema SN:070146,,final-curated-fallback-function-only,State detector for monitoring simulator condition changes for SimSleeves™ Lymphedema SN:070146,Primary state detector for simulator condition monitoring
pmsr:CPI6443521378971,pmsr:/COM17860549784667940,ncit:C16830/CTS/0002,0002,pmsr:INI1784603367652,SimSleeves™ Lymphedema SN:070146,,final-curated-fallback-function-only,Response actuator for driving simulator state changes for SimSleeves™ Lymphedema SN:070146,Primary response actuator for simulator state control
pmsr:CPI2841483568121,pmsr:/COM909d6d9cdb98cf3b5,ncit:C16830/CTS/0003,0003,pmsr:INI1784603367652,SimSleeves™ Lymphedema SN:070146,Medical Device Interaction Event Detector,component-evidence-name,Simulation support component for SimSleeves™ Lymphedema SN:070146,Interaction event detector for tracking learner actions for SimSleeves™ Lymphedema SN:070146
pmsr:CPI7470667540385,pmsr:/COM17860549784667900,ncit:C16830/CTS/0001,0001,pmsr:INI1784603367654,SimSleeves™ Lymphedema SN:070147,,final-curated-fallback-function-only,State detector for monitoring simulator condition changes for SimSleeves™ Lymphedema SN:070147,Primary state detector for simulator condition monitoring
pmsr:CPI3900995857162,pmsr:/COM17860549784667940,ncit:C16830/CTS/0002,0002,pmsr:INI1784603367654,SimSleeves™ Lymphedema SN:070147,,final-curated-fallback-function-only,Response actuator for driving simulator state changes for SimSleeves™ Lymphedema SN:070147,Primary response actuator for simulator state control
pmsr:CPI5706512471933,pmsr:/COM909d6d9cdb98cf3b5,ncit:C16830/CTS/0003,0003,pmsr:INI1784603367654,SimSleeves™ Lymphedema SN:070147,Medical Device Interaction Event Detector,component-evidence-name,Simulation support component for SimSleeves™ Lymphedema SN:070147,Interaction event detector for tracking learner actions for SimSleeves™ Lymphedema SN:070147
pmsr:CPI9434141110024,pmsr:/COM17860549784667900,ncit:C16830/CTS/0001,0001,pmsr:INI1784603367655,SimSleeves™ Lymphedema SN:070148,,final-curated-fallback-function-only,State detector for monitoring simulator condition changes for SimSleeves™ Lymphedema SN:070148,Primary state detector for simulator condition monitoring
pmsr:CPI4932754722827,pmsr:/COM17860549784667940,ncit:C16830/CTS/0002,0002,pmsr:INI1784603367655,SimSleeves™ Lymphedema SN:070148,,final-curated-fallback-function-only,Response actuator for driving simulator state changes for SimSleeves™ Lymphedema SN:070148,Primary response actuator for simulator state control
pmsr:CPI4472855996474,pmsr:/COM909d6d9cdb98cf3b5,ncit:C16830/CTS/0003,0003,pmsr:INI1784603367655,SimSleeves™ Lymphedema SN:070148,Medical Device Interaction Event Detector,component-evidence-name,Simulation support component for SimSleeves™ Lymphedema SN:070148,Interaction event detector for tracking learner actions for SimSleeves™ Lymphedema SN:070148
pmsr:CPI4902074082972,pmsr:/COM17860549784667900,ncit:C16830/CTS/0001,0001,pmsr:INI1784603367656,SimSleeves™ Lymphedema SN:070149,,final-curated-fallback-function-only,State detector for monitoring simulator condition changes for SimSleeves™ Lymphedema SN:070149,Primary state detector for simulator condition monitoring
pmsr:CPI8838732729210,pmsr:/COM17860549784667940,ncit:C16830/CTS/0002,0002,pmsr:INI1784603367656,SimSleeves™ Lymphedema SN:070149,,final-curated-fallback-function-only,Response actuator for driving simulator state changes for SimSleeves™ Lymphedema SN:070149,Primary response actuator for simulator state control
pmsr:CPI8730540172713,pmsr:/COM909d6d9cdb98cf3b5,ncit:C16830/CTS/0003,0003,pmsr:INI1784603367656,SimSleeves™ Lymphedema SN:070149,Medical Device Interaction Event Detector,component-evidence-name,Simulation support component for SimSleeves™ Lymphedema SN:070149,Interaction event detector for tracking learner actions for SimSleeves™ Lymphedema SN:070149
pmsr:CPI3417557072298,pmsr:/COM17860549784667900,ncit:C16830/CTS/0001,0001,pmsr:INI1784603367657,SimSleeves™ Lymphedema SN:070150,,final-curated-fallback-function-only,State detector for monitoring simulator condition changes for SimSleeves™ Lymphedema SN:070150,Primary state detector for simulator condition monitoring
pmsr:CPI4368968228533,pmsr:/COM17860549784667940,ncit:C16830/CTS/0002,0002,pmsr:INI1784603367657,SimSleeves™ Lymphedema SN:070150,,final-curated-fallback-function-only,Response actuator for driving simulator state changes for SimSleeves™ Lymphedema SN:070150,Primary response actuator for simulator state control
pmsr:CPI4324401418360,pmsr:/COM909d6d9cdb98cf3b5,ncit:C16830/CTS/0003,0003,pmsr:INI1784603367657,SimSleeves™ Lymphedema SN:070150,Medical Device Interaction Event Detector,component-evidence-name,Simulation support component for SimSleeves™ Lymphedema SN:070150,Interaction event detector for tracking learner actions for SimSleeves™ Lymphedema SN:070150
pmsr:CPI6122893816516,pmsr:/COM17860549784667900,ncit:C16830/CTS/0001,0001,pmsr:INI1784603367659,SimSleeves™ Lymphedema SN:070151,,final-curated-fallback-function-only,State detector for monitoring simulator condition changes for SimSleeves™ Lymphedema SN:070151,Primary state detector for simulator condition monitoring
pmsr:CPI6117641330738,pmsr:/COM17860549784667940,ncit:C16830/CTS/0002,0002,pmsr:INI1784603367659,SimSleeves™ Lymphedema SN:070151,,final-curated-fallback-function-only,Response actuator for driving simulator state changes for SimSleeves™ Lymphedema SN:070151,Primary response actuator for simulator state control
pmsr:CPI5969281337700,pmsr:/COM909d6d9cdb98cf3b5,ncit:C16830/CTS/0003,0003,pmsr:INI1784603367659,SimSleeves™ Lymphedema SN:070151,Medical Device Interaction Event Detector,component-evidence-name,Simulation support component for SimSleeves™ Lymphedema SN:070151,Interaction event detector for tracking learner actions for SimSleeves™ Lymphedema SN:070151
pmsr:CPI8631717159697,pmsr:/COM17860549784667900,ncit:C16830/CTS/0001,0001,pmsr:INI1784603367660,SimSleeves™ Lymphedema SN:070152,,final-curated-fallback-function-only,State detector for monitoring simulator condition changes for SimSleeves™ Lymphedema SN:070152,Primary state detector for simulator condition monitoring
pmsr:CPI9870680028898,pmsr:/COM17860549784667940,ncit:C16830/CTS/0002,0002,pmsr:INI1784603367660,SimSleeves™ Lymphedema SN:070152,,final-curated-fallback-function-only,Response actuator for driving simulator state changes for SimSleeves™ Lymphedema SN:070152,Primary response actuator for simulator state control
pmsr:CPI5876859141566,pmsr:/COM909d6d9cdb98cf3b5,ncit:C16830/CTS/0003,0003,pmsr:INI1784603367660,SimSleeves™ Lymphedema SN:070152,Medical Device Interaction Event Detector,component-evidence-name,Simulation support component for SimSleeves™ Lymphedema SN:070152,Interaction event detector for tracking learner actions for SimSleeves™ Lymphedema SN:070152
pmsr:CPI6272512204460,pmsr:/COM17860549784667900,ncit:C16830/CTS/0001,0001,pmsr:INI1784603367662,SimSleeves™ Lymphedema SN:070153,,final-curated-fallback-function-only,State detector for monitoring simulator condition changes for SimSleeves™ Lymphedema SN:070153,Primary state detector for simulator condition monitoring
pmsr:CPI9033774677592,pmsr:/COM17860549784667940,ncit:C16830/CTS/0002,0002,pmsr:INI1784603367662,SimSleeves™ Lymphedema SN:070153,,final-curated-fallback-function-only,Response actuator for driving simulator state changes for SimSleeves™ Lymphedema SN:070153,Primary response actuator for simulator state control
pmsr:CPI0020468206017,pmsr:/COM909d6d9cdb98cf3b5,ncit:C16830/CTS/0003,0003,pmsr:INI1784603367662,SimSleeves™ Lymphedema SN:070153,Medical Device Interaction Event Detector,component-evidence-name,Simulation support component for SimSleeves™ Lymphedema SN:070153,Interaction event detector for tracking learner actions for SimSleeves™ Lymphedema SN:070153
pmsr:CPI4358407111935,pmsr:/COM17860549784667900,ncit:C16830/CTS/0001,0001,pmsr:INI1784603367663,SimSleeves™ Lymphedema SN:070154,,final-curated-fallback-function-only,State detector for monitoring simulator condition changes for SimSleeves™ Lymphedema SN:070154,Primary state detector for simulator condition monitoring
pmsr:CPI6709445462670,pmsr:/COM17860549784667940,ncit:C16830/CTS/0002,0002,pmsr:INI1784603367663,SimSleeves™ Lymphedema SN:070154,,final-curated-fallback-function-only,Response actuator for driving simulator state changes for SimSleeves™ Lymphedema SN:070154,Primary response actuator for simulator state control
pmsr:CPI6143152835205,pmsr:/COM909d6d9cdb98cf3b5,ncit:C16830/CTS/0003,0003,pmsr:INI1784603367663,SimSleeves™ Lymphedema SN:070154,Medical Device Interaction Event Detector,component-evidence-name,Simulation support component for SimSleeves™ Lymphedema SN:070154,Interaction event detector for tracking learner actions for SimSleeves™ Lymphedema SN:070154
pmsr:CPI0177084003492,pmsr:/COM17860549784667900,ncit:C16830/CTS/0001,0001,pmsr:INI1784603367664,SimSleeves™ Lymphedema SN:070155,,final-curated-fallback-function-only,State detector for monitoring simulator condition changes for SimSleeves™ Lymphedema SN:070155,Primary state detector for simulator condition monitoring
pmsr:CPI6332198103049,pmsr:/COM17860549784667940,ncit:C16830/CTS/0002,0002,pmsr:INI1784603367664,SimSleeves™ Lymphedema SN:070155,,final-curated-fallback-function-only,Response actuator for driving simulator state changes for SimSleeves™ Lymphedema SN:070155,Primary response actuator for simulator state control
pmsr:CPI5633049841895,pmsr:/COM909d6d9cdb98cf3b5,ncit:C16830/CTS/0003,0003,pmsr:INI1784603367664,SimSleeves™ Lymphedema SN:070155,Medical Device Interaction Event Detector,component-evidence-name,Simulation support component for SimSleeves™ Lymphedema SN:070155,Interaction event detector for tracking learner actions for SimSleeves™ Lymphedema SN:070155
pmsr:CPI8707949926215,pmsr:/COM17860549784669200,pmsr:/INS1739303333850795/CTS/0001,0001,pmsr:INI1784603367666,Simulador de doente adulto SN:070156,,final-curated-fallback-function-only,State detector for monitoring simulator condition changes for Simulador de doente adulto SN:070156,Primary state detector for simulator condition monitoring
pmsr:CPI1228251905595,pmsr:/COM17860549784669250,pmsr:/INS1739303333850795/CTS/0002,0002,pmsr:INI1784603367666,Simulador de doente adulto SN:070156,,final-curated-fallback-function-only,Response actuator for driving simulator state changes for Simulador de doente adulto SN:070156,Primary response actuator for simulator state control
pmsr:CPI3038297685300,pmsr:/COM90e709ed6a7da646e,pmsr:/INS1739303333850795/CTS/0003,0003,pmsr:INI1784603367666,Simulador de doente adulto SN:070156,Oncology Care Simulator Interaction Event Detector,component-evidence-name,Simulation support component for Simulador de doente adulto SN:070156,Interaction event detector for tracking learner actions for Simulador de doente adulto SN:070156
pmsr:CPI6490378951252,pmsr:/COM93b9e9e42e8ce92e6,pmsr:/INS1739303333850795/CTS/0004,0004,pmsr:INI1784603367666,Simulador de doente adulto SN:070156,Oncology Care Simulator Airway Pressure Detector,component-evidence-name,Simulation support component for Simulador de doente adulto SN:070156,Airway pressure detector for monitoring ventilation pressure for Simulador de doente adulto SN:070156
pmsr:CPI1257957012582,pmsr:/COM9c53e672a8d78deb3,pmsr:/INS1739303333850795/CTS/0005,0005,pmsr:INI1784603367666,Simulador de doente adulto SN:070156,Oncology Care Simulator Pulse Rate Detector,component-evidence-name,Simulation support component for Simulador de doente adulto SN:070156,Pulse rate detector for monitoring cardiovascular response for Simulador de doente adulto SN:070156
pmsr:CPI1473029389201,pmsr:/COM17860549784669200,pmsr:/INS1739303333850795/CTS/0001,0001,pmsr:INI1784603367667,Simulador de doente geriátrico SN:070157,,final-curated-fallback-function-only,State detector for monitoring simulator condition changes for Simulador de doente geriátrico SN:070157,Primary state detector for simulator condition monitoring
pmsr:CPI2548886299461,pmsr:/COM17860549784669250,pmsr:/INS1739303333850795/CTS/0002,0002,pmsr:INI1784603367667,Simulador de doente geriátrico SN:070157,,final-curated-fallback-function-only,Response actuator for driving simulator state changes for Simulador de doente geriátrico SN:070157,Primary response actuator for simulator state control
pmsr:CPI4757690324667,pmsr:/COM90e709ed6a7da646e,pmsr:/INS1739303333850795/CTS/0003,0003,pmsr:INI1784603367667,Simulador de doente geriátrico SN:070157,Oncology Care Simulator Interaction Event Detector,component-evidence-name,Simulation support component for Simulador de doente geriátrico SN:070157,Interaction event detector for tracking learner actions for Simulador de doente geriátrico SN:070157
pmsr:CPI3667372284704,pmsr:/COM93b9e9e42e8ce92e6,pmsr:/INS1739303333850795/CTS/0004,0004,pmsr:INI1784603367667,Simulador de doente geriátrico SN:070157,Oncology Care Simulator Airway Pressure Detector,component-evidence-name,Simulation support component for Simulador de doente geriátrico SN:070157,Airway pressure detector for monitoring ventilation pressure for Simulador de doente geriátrico SN:070157
pmsr:CPI6060063206589,pmsr:/COM9c53e672a8d78deb3,pmsr:/INS1739303333850795/CTS/0005,0005,pmsr:INI1784603367667,Simulador de doente geriátrico SN:070157,Oncology Care Simulator Pulse Rate Detector,component-evidence-name,Simulation support component for Simulador de doente geriátrico SN:070157,Pulse rate detector for monitoring cardiovascular response for Simulador de doente geriátrico SN:070157
pmsr:CPI5193424744851,pmsr:/COM17860549784669200,pmsr:/INS1739303333850795/CTS/0001,0001,pmsr:INI1784603367668,Simulador de doente oncológico SN:070158,,final-curated-fallback-function-only,State detector for monitoring simulator condition changes for Simulador de doente oncológico SN:070158,Primary state detector for simulator condition monitoring
pmsr:CPI7729024171359,pmsr:/COM17860549784669250,pmsr:/INS1739303333850795/CTS/0002,0002,pmsr:INI1784603367668,Simulador de doente oncológico SN:070158,,final-curated-fallback-function-only,Response actuator for driving simulator state changes for Simulador de doente oncológico SN:070158,Primary response actuator for simulator state control
pmsr:CPI1606095110693,pmsr:/COM90e709ed6a7da646e,pmsr:/INS1739303333850795/CTS/0003,0003,pmsr:INI1784603367668,Simulador de doente oncológico SN:070158,Oncology Care Simulator Interaction Event Detector,component-evidence-name,Simulation support component for Simulador de doente oncológico SN:070158,Interaction event detector for tracking learner actions for Simulador de doente oncológico SN:070158
pmsr:CPI4583716207392,pmsr:/COM93b9e9e42e8ce92e6,pmsr:/INS1739303333850795/CTS/0004,0004,pmsr:INI1784603367668,Simulador de doente oncológico SN:070158,Oncology Care Simulator Airway Pressure Detector,component-evidence-name,Simulation support component for Simulador de doente oncológico SN:070158,Airway pressure detector for monitoring ventilation pressure for Simulador de doente oncológico SN:070158
pmsr:CPI5189677151457,pmsr:/COM9c53e672a8d78deb3,pmsr:/INS1739303333850795/CTS/0005,0005,pmsr:INI1784603367668,Simulador de doente oncológico SN:070158,Oncology Care Simulator Pulse Rate Detector,component-evidence-name,Simulation support component for Simulador de doente oncológico SN:070158,Pulse rate detector for monitoring cardiovascular response for Simulador de doente oncológico SN:070158
pmsr:CPI7605164962755,pmsr:/COM17860549784667460,pmsr:/INS1739403078441215/CTS/0001,0001,pmsr:INI1784603367670,Simulador de ecografia SN:070159,,final-curated-fallback-function-only,State detector for monitoring simulator condition changes for Simulador de ecografia SN:070159,Primary state detector for simulator condition monitoring
pmsr:CPI9340503252970,pmsr:/COM17860549784667520,pmsr:/INS1739403078441215/CTS/0002,0002,pmsr:INI1784603367670,Simulador de ecografia SN:070159,,final-curated-fallback-function-only,Response actuator for driving simulator state changes for Simulador de ecografia SN:070159,Primary response actuator for simulator state control
pmsr:CPI4900809549772,pmsr:/COM9c6cddcd7be6dfeed,pmsr:/INS1739403078441215/CTS/0003,0003,pmsr:INI1784603367670,Simulador de ecografia SN:070159,Male Genitalia Catherization Simulator Interaction Event Detector,component-evidence-name,Simulation support component for Simulador de ecografia SN:070159,Interaction event detector for tracking learner actions for Simulador de ecografia SN:070159
pmsr:CPI8726132483697,pmsr:/COM90535c42b737ab252,pmsr:/INS1739403078441215/CTS/0004,0004,pmsr:INI1784603367670,Simulador de ecografia SN:070159,Male Genitalia Catherization Simulator Airway Pressure Detector,component-evidence-name,Simulation support component for Simulador de ecografia SN:070159,Airway pressure detector for monitoring ventilation pressure for Simulador de ecografia SN:070159
pmsr:CPI5974668351774,pmsr:/COM925add590b39e6766,pmsr:/INS1739403078441215/CTS/0005,0005,pmsr:INI1784603367670,Simulador de ecografia SN:070159,Male Genitalia Catherization Simulator Pulse Rate Detector,component-evidence-name,Simulation support component for Simulador de ecografia SN:070159,Pulse rate detector for monitoring cardiovascular response for Simulador de ecografia SN:070159
pmsr:CPI9653413214968,pmsr:/COM92bc236a1eff684d6,pmsr:/INS1739403078441215/CTS/0006,0006,pmsr:INI1784603367670,Simulador de ecografia SN:070159,Male Genitalia Catherization Simulator Applied Force Detector,component-evidence-name,Simulation support component for Simulador de ecografia SN:070159,Applied force detector for monitoring procedural force application for Simulador de ecografia SN:070159
pmsr:CPI1307581232824,pmsr:/COM9fe390ee21f9c6e69,pmsr:/INS1739403078441215/CTS/0007,0007,pmsr:INI1784603367670,Simulador de ecografia SN:070159,Male Genitalia Catherization Simulator Venous Flashback Detector,component-evidence-name,Simulation support component for Simulador de ecografia SN:070159,Venous flashback detector for confirming vascular access events for Simulador de ecografia SN:070159
pmsr:CPI4794687802091,pmsr:/COM94ff38d500c92a013,pmsr:/INS1739403078441215/CTS/0008,0008,pmsr:INI1784603367670,Simulador de ecografia SN:070159,Male Genitalia Catherization Simulator Procedure Completion Detector,component-evidence-name,Simulation support component for Simulador de ecografia SN:070159,Procedure completion detector for validating successful procedure end state for Simulador de ecografia SN:070159
pmsr:CPI2103385769404,pmsr:/COM9c29aa34108bf9ca0,pmsr:/INS1739403078441215/CTS/0009,0009,pmsr:INI1784603367670,Simulador de ecografia SN:070159,Male Genitalia Catherization Simulator Ventilation Flow Detector,component-evidence-name,Simulation support component for Simulador de ecografia SN:070159,Ventilation flow detector for tracking inspiratory and expiratory flow for Simulador de ecografia SN:070159
pmsr:CPI8331035595906,pmsr:/COM1786054978466312000,pmsr:/INS1739301711235865/CTS/0001,0001,pmsr:INI1784603367671,Simulador de toque rectal SN:070160,Care Simulators Detector,component-evidence-name,Simulation state detection sensor for Simulador de toque rectal SN:070160,State detector for monitoring simulator condition changes for Simulador de toque rectal SN:070160
pmsr:CPI7780075612189,pmsr:/COM1786054978466316000,pmsr:/INS1739301711235865/CTS/0002,0002,pmsr:INI1784603367671,Simulador de toque rectal SN:070160,Care Simulators Actuator,component-evidence-name,Simulation response actuator for Simulador de toque rectal SN:070160,Response actuator for driving simulator state changes for Simulador de toque rectal SN:070160
pmsr:CPI1091081917486,pmsr:/COM9c9998b0d6c57586e,pmsr:/INS1739301711235865/CTS/0003,0003,pmsr:INI1784603367671,Simulador de toque rectal SN:070160,Care Simulators Interaction Event Detector,component-evidence-name,Interaction event tracking sensor for Simulador de toque rectal SN:070160,Interaction event detector for tracking learner actions for Simulador de toque rectal SN:070160
pmsr:CPI6885918003565,pmsr:/COM9c44ff66ece930aee,pmsr:/INS1739301711235865/CTS/0004,0004,pmsr:INI1784603367671,Simulador de toque rectal SN:070160,Care Simulators Airway Pressure Detector,component-evidence-name,Airway pressure monitoring sensor for Simulador de toque rectal SN:070160,Airway pressure detector for monitoring ventilation pressure for Simulador de toque rectal SN:070160
pmsr:CPI9456092291780,pmsr:/COM9edd3c7ab12ea1a73,pmsr:/INS1739301711235865/CTS/0005,0005,pmsr:INI1784603367671,Simulador de toque rectal SN:070160,Care Simulators Pulse Rate Detector,component-evidence-name,Pulse rate monitoring sensor for Simulador de toque rectal SN:070160,Pulse rate detector for monitoring cardiovascular response for Simulador de toque rectal SN:070160
pmsr:CPI4957615170403,pmsr:/COM1786054978466312000,pmsr:/INS1739301711235865/CTS/0001,0001,pmsr:INI1784603367672,Simulador de toque rectal SN:070161,Care Simulators Detector,component-evidence-name,Simulation state detection sensor for Simulador de toque rectal SN:070161,State detector for monitoring simulator condition changes for Simulador de toque rectal SN:070161
pmsr:CPI0646474199901,pmsr:/COM1786054978466316000,pmsr:/INS1739301711235865/CTS/0002,0002,pmsr:INI1784603367672,Simulador de toque rectal SN:070161,Care Simulators Actuator,component-evidence-name,Simulation response actuator for Simulador de toque rectal SN:070161,Response actuator for driving simulator state changes for Simulador de toque rectal SN:070161
pmsr:CPI8897841147987,pmsr:/COM9c9998b0d6c57586e,pmsr:/INS1739301711235865/CTS/0003,0003,pmsr:INI1784603367672,Simulador de toque rectal SN:070161,Care Simulators Interaction Event Detector,component-evidence-name,Interaction event tracking sensor for Simulador de toque rectal SN:070161,Interaction event detector for tracking learner actions for Simulador de toque rectal SN:070161
pmsr:CPI0617217542764,pmsr:/COM9c44ff66ece930aee,pmsr:/INS1739301711235865/CTS/0004,0004,pmsr:INI1784603367672,Simulador de toque rectal SN:070161,Care Simulators Airway Pressure Detector,component-evidence-name,Airway pressure monitoring sensor for Simulador de toque rectal SN:070161,Airway pressure detector for monitoring ventilation pressure for Simulador de toque rectal SN:070161
pmsr:CPI9460855225585,pmsr:/COM9edd3c7ab12ea1a73,pmsr:/INS1739301711235865/CTS/0005,0005,pmsr:INI1784603367672,Simulador de toque rectal SN:070161,Care Simulators Pulse Rate Detector,component-evidence-name,Pulse rate monitoring sensor for Simulador de toque rectal SN:070161,Pulse rate detector for monitoring cardiovascular response for Simulador de toque rectal SN:070161
pmsr:CPI5669252180934,pmsr:/COM1786054978466312000,pmsr:/INS1739301711235865/CTS/0001,0001,pmsr:INI1784603367673,Simulador de toque rectal SN:070162,Care Simulators Detector,component-evidence-name,Simulation state detection sensor for Simulador de toque rectal SN:070162,State detector for monitoring simulator condition changes for Simulador de toque rectal SN:070162
pmsr:CPI8198533655916,pmsr:/COM1786054978466316000,pmsr:/INS1739301711235865/CTS/0002,0002,pmsr:INI1784603367673,Simulador de toque rectal SN:070162,Care Simulators Actuator,component-evidence-name,Simulation response actuator for Simulador de toque rectal SN:070162,Response actuator for driving simulator state changes for Simulador de toque rectal SN:070162
pmsr:CPI0197294912952,pmsr:/COM9c9998b0d6c57586e,pmsr:/INS1739301711235865/CTS/0003,0003,pmsr:INI1784603367673,Simulador de toque rectal SN:070162,Care Simulators Interaction Event Detector,component-evidence-name,Interaction event tracking sensor for Simulador de toque rectal SN:070162,Interaction event detector for tracking learner actions for Simulador de toque rectal SN:070162
pmsr:CPI9522522374676,pmsr:/COM9c44ff66ece930aee,pmsr:/INS1739301711235865/CTS/0004,0004,pmsr:INI1784603367673,Simulador de toque rectal SN:070162,Care Simulators Airway Pressure Detector,component-evidence-name,Airway pressure monitoring sensor for Simulador de toque rectal SN:070162,Airway pressure detector for monitoring ventilation pressure for Simulador de toque rectal SN:070162
pmsr:CPI9948082363273,pmsr:/COM9edd3c7ab12ea1a73,pmsr:/INS1739301711235865/CTS/0005,0005,pmsr:INI1784603367673,Simulador de toque rectal SN:070162,Care Simulators Pulse Rate Detector,component-evidence-name,Pulse rate monitoring sensor for Simulador de toque rectal SN:070162,Pulse rate detector for monitoring cardiovascular response for Simulador de toque rectal SN:070162
pmsr:CPI1809019642955,pmsr:/COM1786054978466312000,pmsr:/INS1739301711235865/CTS/0001,0001,pmsr:INI1784603367675,Simulador de toque rectal SN:070163,Care Simulators Detector,component-evidence-name,Simulation state detection sensor for Simulador de toque rectal SN:070163,State detector for monitoring simulator condition changes for Simulador de toque rectal SN:070163
pmsr:CPI3218829373828,pmsr:/COM1786054978466316000,pmsr:/INS1739301711235865/CTS/0002,0002,pmsr:INI1784603367675,Simulador de toque rectal SN:070163,Care Simulators Actuator,component-evidence-name,Simulation response actuator for Simulador de toque rectal SN:070163,Response actuator for driving simulator state changes for Simulador de toque rectal SN:070163
pmsr:CPI9470505563019,pmsr:/COM9c9998b0d6c57586e,pmsr:/INS1739301711235865/CTS/0003,0003,pmsr:INI1784603367675,Simulador de toque rectal SN:070163,Care Simulators Interaction Event Detector,component-evidence-name,Interaction event tracking sensor for Simulador de toque rectal SN:070163,Interaction event detector for tracking learner actions for Simulador de toque rectal SN:070163
pmsr:CPI8375349549566,pmsr:/COM9c44ff66ece930aee,pmsr:/INS1739301711235865/CTS/0004,0004,pmsr:INI1784603367675,Simulador de toque rectal SN:070163,Care Simulators Airway Pressure Detector,component-evidence-name,Airway pressure monitoring sensor for Simulador de toque rectal SN:070163,Airway pressure detector for monitoring ventilation pressure for Simulador de toque rectal SN:070163
pmsr:CPI2064244178397,pmsr:/COM9edd3c7ab12ea1a73,pmsr:/INS1739301711235865/CTS/0005,0005,pmsr:INI1784603367675,Simulador de toque rectal SN:070163,Care Simulators Pulse Rate Detector,component-evidence-name,Pulse rate monitoring sensor for Simulador de toque rectal SN:070163,Pulse rate detector for monitoring cardiovascular response for Simulador de toque rectal SN:070163
pmsr:CPI7804162902380,pmsr:/COM1786054978466312000,pmsr:/INS1739301711235865/CTS/0001,0001,pmsr:INI1784603367676,Simulador de toque rectal SN:070164,Care Simulators Detector,component-evidence-name,Simulation state detection sensor for Simulador de toque rectal SN:070164,State detector for monitoring simulator condition changes for Simulador de toque rectal SN:070164
pmsr:CPI1857489953255,pmsr:/COM1786054978466316000,pmsr:/INS1739301711235865/CTS/0002,0002,pmsr:INI1784603367676,Simulador de toque rectal SN:070164,Care Simulators Actuator,component-evidence-name,Simulation response actuator for Simulador de toque rectal SN:070164,Response actuator for driving simulator state changes for Simulador de toque rectal SN:070164
pmsr:CPI5175928379575,pmsr:/COM9c9998b0d6c57586e,pmsr:/INS1739301711235865/CTS/0003,0003,pmsr:INI1784603367676,Simulador de toque rectal SN:070164,Care Simulators Interaction Event Detector,component-evidence-name,Interaction event tracking sensor for Simulador de toque rectal SN:070164,Interaction event detector for tracking learner actions for Simulador de toque rectal SN:070164
pmsr:CPI7798370469510,pmsr:/COM9c44ff66ece930aee,pmsr:/INS1739301711235865/CTS/0004,0004,pmsr:INI1784603367676,Simulador de toque rectal SN:070164,Care Simulators Airway Pressure Detector,component-evidence-name,Airway pressure monitoring sensor for Simulador de toque rectal SN:070164,Airway pressure detector for monitoring ventilation pressure for Simulador de toque rectal SN:070164
pmsr:CPI3233860651551,pmsr:/COM9edd3c7ab12ea1a73,pmsr:/INS1739301711235865/CTS/0005,0005,pmsr:INI1784603367676,Simulador de toque rectal SN:070164,Care Simulators Pulse Rate Detector,component-evidence-name,Pulse rate monitoring sensor for Simulador de toque rectal SN:070164,Pulse rate detector for monitoring cardiovascular response for Simulador de toque rectal SN:070164
pmsr:CPI8379151053224,pmsr:/COM1786054978466312000,pmsr:/INS1739301711235865/CTS/0001,0001,pmsr:INI1784603367677,Simulador de toque rectal SN:070165,Care Simulators Detector,component-evidence-name,Simulation state detection sensor for Simulador de toque rectal SN:070165,State detector for monitoring simulator condition changes for Simulador de toque rectal SN:070165
pmsr:CPI9232482136322,pmsr:/COM1786054978466316000,pmsr:/INS1739301711235865/CTS/0002,0002,pmsr:INI1784603367677,Simulador de toque rectal SN:070165,Care Simulators Actuator,component-evidence-name,Simulation response actuator for Simulador de toque rectal SN:070165,Response actuator for driving simulator state changes for Simulador de toque rectal SN:070165
pmsr:CPI5596350218892,pmsr:/COM9c9998b0d6c57586e,pmsr:/INS1739301711235865/CTS/0003,0003,pmsr:INI1784603367677,Simulador de toque rectal SN:070165,Care Simulators Interaction Event Detector,component-evidence-name,Interaction event tracking sensor for Simulador de toque rectal SN:070165,Interaction event detector for tracking learner actions for Simulador de toque rectal SN:070165
pmsr:CPI7904773913511,pmsr:/COM9c44ff66ece930aee,pmsr:/INS1739301711235865/CTS/0004,0004,pmsr:INI1784603367677,Simulador de toque rectal SN:070165,Care Simulators Airway Pressure Detector,component-evidence-name,Airway pressure monitoring sensor for Simulador de toque rectal SN:070165,Airway pressure detector for monitoring ventilation pressure for Simulador de toque rectal SN:070165
pmsr:CPI6401804618981,pmsr:/COM9edd3c7ab12ea1a73,pmsr:/INS1739301711235865/CTS/0005,0005,pmsr:INI1784603367677,Simulador de toque rectal SN:070165,Care Simulators Pulse Rate Detector,component-evidence-name,Pulse rate monitoring sensor for Simulador de toque rectal SN:070165,Pulse rate detector for monitoring cardiovascular response for Simulador de toque rectal SN:070165
pmsr:CPI7356620656659,pmsr:/COM17860549784663750,pmsr:/INS1739287021517805/CTS/0001,0001,pmsr:INI1784603367679,Simuladores de Hematologia SN:070166,,final-curated-fallback-function-only,State detector for monitoring simulator condition changes for Simuladores de Hematologia SN:070166,Primary state detector for simulator condition monitoring
pmsr:CPI7053881513453,pmsr:/COM17860549784663800,pmsr:/INS1739287021517805/CTS/0002,0002,pmsr:INI1784603367679,Simuladores de Hematologia SN:070166,,final-curated-fallback-function-only,Response actuator for driving simulator state changes for Simuladores de Hematologia SN:070166,Primary response actuator for simulator state control
pmsr:CPI7960654684027,pmsr:/COM99ce671ab8b1d5b03,pmsr:/INS1739287021517805/CTS/0003,0003,pmsr:INI1784603367679,Simuladores de Hematologia SN:070166,Diagnostic Simulators Interaction Event Detector,component-evidence-name,Simulation support component for Simuladores de Hematologia SN:070166,Interaction event detector for tracking learner actions for Simuladores de Hematologia SN:070166
pmsr:CPI9557045091753,pmsr:/COM98e23d9aee3a31b34,pmsr:/INS1739287021517805/CTS/0004,0004,pmsr:INI1784603367679,Simuladores de Hematologia SN:070166,Diagnostic Simulators Airway Pressure Detector,component-evidence-name,Simulation support component for Simuladores de Hematologia SN:070166,Airway pressure detector for monitoring ventilation pressure for Simuladores de Hematologia SN:070166
pmsr:CPI4923090994844,pmsr:/COM9ebbbd6c6cc5db4e8,pmsr:/INS1739287021517805/CTS/0005,0005,pmsr:INI1784603367679,Simuladores de Hematologia SN:070166,Diagnostic Simulators Pulse Rate Detector,component-evidence-name,Simulation support component for Simuladores de Hematologia SN:070166,Pulse rate detector for monitoring cardiovascular response for Simuladores de Hematologia SN:070166
pmsr:CPI5242779604249,pmsr:/COM17860549784663750,pmsr:/INS1739287021517805/CTS/0001,0001,pmsr:INI1784603367680,Simuladores de Hematologia SN:070167,,final-curated-fallback-function-only,State detector for monitoring simulator condition changes for Simuladores de Hematologia SN:070167,Primary state detector for simulator condition monitoring
pmsr:CPI7748167796719,pmsr:/COM17860549784663800,pmsr:/INS1739287021517805/CTS/0002,0002,pmsr:INI1784603367680,Simuladores de Hematologia SN:070167,,final-curated-fallback-function-only,Response actuator for driving simulator state changes for Simuladores de Hematologia SN:070167,Primary response actuator for simulator state control
pmsr:CPI0463060258551,pmsr:/COM99ce671ab8b1d5b03,pmsr:/INS1739287021517805/CTS/0003,0003,pmsr:INI1784603367680,Simuladores de Hematologia SN:070167,Diagnostic Simulators Interaction Event Detector,component-evidence-name,Simulation support component for Simuladores de Hematologia SN:070167,Interaction event detector for tracking learner actions for Simuladores de Hematologia SN:070167
pmsr:CPI5630342391267,pmsr:/COM98e23d9aee3a31b34,pmsr:/INS1739287021517805/CTS/0004,0004,pmsr:INI1784603367680,Simuladores de Hematologia SN:070167,Diagnostic Simulators Airway Pressure Detector,component-evidence-name,Simulation support component for Simuladores de Hematologia SN:070167,Airway pressure detector for monitoring ventilation pressure for Simuladores de Hematologia SN:070167
pmsr:CPI9302561957713,pmsr:/COM9ebbbd6c6cc5db4e8,pmsr:/INS1739287021517805/CTS/0005,0005,pmsr:INI1784603367680,Simuladores de Hematologia SN:070167,Diagnostic Simulators Pulse Rate Detector,component-evidence-name,Simulation support component for Simuladores de Hematologia SN:070167,Pulse rate detector for monitoring cardiovascular response for Simuladores de Hematologia SN:070167
pmsr:CPI3874304725595,pmsr:/COM17860549784663750,pmsr:/INS1739287021517805/CTS/0001,0001,pmsr:INI1784603367681,Simuladores de Hematologia SN:070168,,final-curated-fallback-function-only,State detector for monitoring simulator condition changes for Simuladores de Hematologia SN:070168,Primary state detector for simulator condition monitoring
pmsr:CPI9305990374095,pmsr:/COM17860549784663800,pmsr:/INS1739287021517805/CTS/0002,0002,pmsr:INI1784603367681,Simuladores de Hematologia SN:070168,,final-curated-fallback-function-only,Response actuator for driving simulator state changes for Simuladores de Hematologia SN:070168,Primary response actuator for simulator state control
pmsr:CPI8529571510769,pmsr:/COM99ce671ab8b1d5b03,pmsr:/INS1739287021517805/CTS/0003,0003,pmsr:INI1784603367681,Simuladores de Hematologia SN:070168,Diagnostic Simulators Interaction Event Detector,component-evidence-name,Simulation support component for Simuladores de Hematologia SN:070168,Interaction event detector for tracking learner actions for Simuladores de Hematologia SN:070168
pmsr:CPI6707756400320,pmsr:/COM98e23d9aee3a31b34,pmsr:/INS1739287021517805/CTS/0004,0004,pmsr:INI1784603367681,Simuladores de Hematologia SN:070168,Diagnostic Simulators Airway Pressure Detector,component-evidence-name,Simulation support component for Simuladores de Hematologia SN:070168,Airway pressure detector for monitoring ventilation pressure for Simuladores de Hematologia SN:070168
pmsr:CPI0749191684378,pmsr:/COM9ebbbd6c6cc5db4e8,pmsr:/INS1739287021517805/CTS/0005,0005,pmsr:INI1784603367681,Simuladores de Hematologia SN:070168,Diagnostic Simulators Pulse Rate Detector,component-evidence-name,Simulation support component for Simuladores de Hematologia SN:070168,Pulse rate detector for monitoring cardiovascular response for Simuladores de Hematologia SN:070168
pmsr:CPI9043805662871,pmsr:/COM17860549784663750,pmsr:/INS1739287021517805/CTS/0001,0001,pmsr:INI1784603367683,Simuladores de Hematologia SN:070169,,final-curated-fallback-function-only,State detector for monitoring simulator condition changes for Simuladores de Hematologia SN:070169,Primary state detector for simulator condition monitoring
pmsr:CPI6267751200348,pmsr:/COM17860549784663800,pmsr:/INS1739287021517805/CTS/0002,0002,pmsr:INI1784603367683,Simuladores de Hematologia SN:070169,,final-curated-fallback-function-only,Response actuator for driving simulator state changes for Simuladores de Hematologia SN:070169,Primary response actuator for simulator state control
pmsr:CPI4853866379233,pmsr:/COM99ce671ab8b1d5b03,pmsr:/INS1739287021517805/CTS/0003,0003,pmsr:INI1784603367683,Simuladores de Hematologia SN:070169,Diagnostic Simulators Interaction Event Detector,component-evidence-name,Simulation support component for Simuladores de Hematologia SN:070169,Interaction event detector for tracking learner actions for Simuladores de Hematologia SN:070169
pmsr:CPI8660464094578,pmsr:/COM98e23d9aee3a31b34,pmsr:/INS1739287021517805/CTS/0004,0004,pmsr:INI1784603367683,Simuladores de Hematologia SN:070169,Diagnostic Simulators Airway Pressure Detector,component-evidence-name,Simulation support component for Simuladores de Hematologia SN:070169,Airway pressure detector for monitoring ventilation pressure for Simuladores de Hematologia SN:070169
pmsr:CPI3721408768490,pmsr:/COM9ebbbd6c6cc5db4e8,pmsr:/INS1739287021517805/CTS/0005,0005,pmsr:INI1784603367683,Simuladores de Hematologia SN:070169,Diagnostic Simulators Pulse Rate Detector,component-evidence-name,Simulation support component for Simuladores de Hematologia SN:070169,Pulse rate detector for monitoring cardiovascular response for Simuladores de Hematologia SN:070169
pmsr:CPI8704038753790,pmsr:/COM17860549784667900,ncit:C16830/CTS/0001,0001,pmsr:INI1784603367715,Disfibrilhador Automático externo SN:070194,,final-curated-fallback-function-only,State detector for monitoring simulator condition changes for Disfibrilhador Automático externo SN:070194,Primary state detector for simulator condition monitoring
pmsr:CPI6100869462710,pmsr:/COM17860549784667940,ncit:C16830/CTS/0002,0002,pmsr:INI1784603367715,Disfibrilhador Automático externo SN:070194,,final-curated-fallback-function-only,Response actuator for driving simulator state changes for Disfibrilhador Automático externo SN:070194,Primary response actuator for simulator state control
pmsr:CPI2784955152042,pmsr:/COM909d6d9cdb98cf3b5,ncit:C16830/CTS/0003,0003,pmsr:INI1784603367715,Disfibrilhador Automático externo SN:070194,Medical Device Interaction Event Detector,component-evidence-name,Simulation support component for Disfibrilhador Automático externo SN:070194,Interaction event detector for tracking learner actions for Disfibrilhador Automático externo SN:070194
pmsr:CPI6902918262119,pmsr:/COM17860549784667900,ncit:C16830/CTS/0001,0001,pmsr:INI1784603367722,Motion Capture (requal) SN:070199,,final-curated-fallback-function-only,State detector for monitoring simulator condition changes for Motion Capture (requal) SN:070199,Primary state detector for simulator condition monitoring
pmsr:CPI7848140726068,pmsr:/COM17860549784667940,ncit:C16830/CTS/0002,0002,pmsr:INI1784603367722,Motion Capture (requal) SN:070199,,final-curated-fallback-function-only,Response actuator for driving simulator state changes for Motion Capture (requal) SN:070199,Primary response actuator for simulator state control
pmsr:CPI7631314043660,pmsr:/COM909d6d9cdb98cf3b5,ncit:C16830/CTS/0003,0003,pmsr:INI1784603367722,Motion Capture (requal) SN:070199,Medical Device Interaction Event Detector,component-evidence-name,Simulation support component for Motion Capture (requal) SN:070199,Interaction event detector for tracking learner actions for Motion Capture (requal) SN:070199
pmsr:CPI9176796585295,pmsr:/COM17860549784667900,ncit:C16830/CTS/0001,0001,pmsr:INI1784603367723,Scanner extra-oral SN:070200,,final-curated-fallback-function-only,State detector for monitoring simulator condition changes for Scanner extra-oral SN:070200,Primary state detector for simulator condition monitoring
pmsr:CPI0693379183238,pmsr:/COM17860549784667940,ncit:C16830/CTS/0002,0002,pmsr:INI1784603367723,Scanner extra-oral SN:070200,,final-curated-fallback-function-only,Response actuator for driving simulator state changes for Scanner extra-oral SN:070200,Primary response actuator for simulator state control
pmsr:CPI7681332096020,pmsr:/COM909d6d9cdb98cf3b5,ncit:C16830/CTS/0003,0003,pmsr:INI1784603367723,Scanner extra-oral SN:070200,Medical Device Interaction Event Detector,component-evidence-name,Simulation support component for Scanner extra-oral SN:070200,Interaction event detector for tracking learner actions for Scanner extra-oral SN:070200
pmsr:CPI8924159290291,pmsr:/COM17860549784667900,ncit:C16830/CTS/0001,0001,pmsr:INI1784603367725,Scanner intra-oral SN:070201,,final-curated-fallback-function-only,State detector for monitoring simulator condition changes for Scanner intra-oral SN:070201,Primary state detector for simulator condition monitoring
pmsr:CPI6188330710281,pmsr:/COM17860549784667940,ncit:C16830/CTS/0002,0002,pmsr:INI1784603367725,Scanner intra-oral SN:070201,,final-curated-fallback-function-only,Response actuator for driving simulator state changes for Scanner intra-oral SN:070201,Primary response actuator for simulator state control
pmsr:CPI0973900207988,pmsr:/COM909d6d9cdb98cf3b5,ncit:C16830/CTS/0003,0003,pmsr:INI1784603367725,Scanner intra-oral SN:070201,Medical Device Interaction Event Detector,component-evidence-name,Simulation support component for Scanner intra-oral SN:070201,Interaction event detector for tracking learner actions for Scanner intra-oral SN:070201
pmsr:CPI7084531642540,pmsr:/COM17860549784668750,pmsr:/INS1739400689838665/CTS/0001,0001,pmsr:INI1784603367726,Simulador de Feridas SN:070202,,final-curated-fallback-function-only,State detector for monitoring simulator condition changes for Simulador de Feridas SN:070202,Primary state detector for simulator condition monitoring
pmsr:CPI3464138664289,pmsr:/COM17860549784668810,pmsr:/INS1739400689838665/CTS/0002,0002,pmsr:INI1784603367726,Simulador de Feridas SN:070202,,final-curated-fallback-function-only,Response actuator for driving simulator state changes for Simulador de Feridas SN:070202,Primary response actuator for simulator state control
pmsr:CPI9223866263713,pmsr:/COM932d3ecab37a459ac,pmsr:/INS1739400689838665/CTS/0003,0003,pmsr:INI1784603367726,Simulador de Feridas SN:070202,Nursing Care Simulator Interaction Event Detector,component-evidence-name,Simulation support component for Simulador de Feridas SN:070202,Interaction event detector for tracking learner actions for Simulador de Feridas SN:070202
pmsr:CPI1359473126218,pmsr:/COM939f9f89f000ddfd0,pmsr:/INS1739400689838665/CTS/0004,0004,pmsr:INI1784603367726,Simulador de Feridas SN:070202,Nursing Care Simulator Airway Pressure Detector,component-evidence-name,Simulation support component for Simulador de Feridas SN:070202,Airway pressure detector for monitoring ventilation pressure for Simulador de Feridas SN:070202
pmsr:CPI7836619699539,pmsr:/COM971ad1ad47c81e65e,pmsr:/INS1739400689838665/CTS/0005,0005,pmsr:INI1784603367726,Simulador de Feridas SN:070202,Nursing Care Simulator Pulse Rate Detector,component-evidence-name,Simulation support component for Simulador de Feridas SN:070202,Pulse rate detector for monitoring cardiovascular response for Simulador de Feridas SN:070202
pmsr:CPI0054290057242,pmsr:/COM17860549784668750,pmsr:/INS1739400689838665/CTS/0001,0001,pmsr:INI1784603367727,Simulador de Feridas SN:070203,,final-curated-fallback-function-only,State detector for monitoring simulator condition changes for Simulador de Feridas SN:070203,Primary state detector for simulator condition monitoring
pmsr:CPI3292326367373,pmsr:/COM17860549784668810,pmsr:/INS1739400689838665/CTS/0002,0002,pmsr:INI1784603367727,Simulador de Feridas SN:070203,,final-curated-fallback-function-only,Response actuator for driving simulator state changes for Simulador de Feridas SN:070203,Primary response actuator for simulator state control
pmsr:CPI4410152822574,pmsr:/COM932d3ecab37a459ac,pmsr:/INS1739400689838665/CTS/0003,0003,pmsr:INI1784603367727,Simulador de Feridas SN:070203,Nursing Care Simulator Interaction Event Detector,component-evidence-name,Simulation support component for Simulador de Feridas SN:070203,Interaction event detector for tracking learner actions for Simulador de Feridas SN:070203
pmsr:CPI9623385461559,pmsr:/COM939f9f89f000ddfd0,pmsr:/INS1739400689838665/CTS/0004,0004,pmsr:INI1784603367727,Simulador de Feridas SN:070203,Nursing Care Simulator Airway Pressure Detector,component-evidence-name,Simulation support component for Simulador de Feridas SN:070203,Airway pressure detector for monitoring ventilation pressure for Simulador de Feridas SN:070203
pmsr:CPI8798871281821,pmsr:/COM971ad1ad47c81e65e,pmsr:/INS1739400689838665/CTS/0005,0005,pmsr:INI1784603367727,Simulador de Feridas SN:070203,Nursing Care Simulator Pulse Rate Detector,component-evidence-name,Simulation support component for Simulador de Feridas SN:070203,Pulse rate detector for monitoring cardiovascular response for Simulador de Feridas SN:070203
pmsr:CPI0008105776328,pmsr:/COM17860549784668750,pmsr:/INS1739400689838665/CTS/0001,0001,pmsr:INI1784603367729,Simulador de Feridas SN:070204,,final-curated-fallback-function-only,State detector for monitoring simulator condition changes for Simulador de Feridas SN:070204,Primary state detector for simulator condition monitoring
pmsr:CPI1521800843328,pmsr:/COM17860549784668810,pmsr:/INS1739400689838665/CTS/0002,0002,pmsr:INI1784603367729,Simulador de Feridas SN:070204,,final-curated-fallback-function-only,Response actuator for driving simulator state changes for Simulador de Feridas SN:070204,Primary response actuator for simulator state control
pmsr:CPI3923633442074,pmsr:/COM932d3ecab37a459ac,pmsr:/INS1739400689838665/CTS/0003,0003,pmsr:INI1784603367729,Simulador de Feridas SN:070204,Nursing Care Simulator Interaction Event Detector,component-evidence-name,Simulation support component for Simulador de Feridas SN:070204,Interaction event detector for tracking learner actions for Simulador de Feridas SN:070204
pmsr:CPI4798407117594,pmsr:/COM939f9f89f000ddfd0,pmsr:/INS1739400689838665/CTS/0004,0004,pmsr:INI1784603367729,Simulador de Feridas SN:070204,Nursing Care Simulator Airway Pressure Detector,component-evidence-name,Simulation support component for Simulador de Feridas SN:070204,Airway pressure detector for monitoring ventilation pressure for Simulador de Feridas SN:070204
pmsr:CPI7709012109447,pmsr:/COM971ad1ad47c81e65e,pmsr:/INS1739400689838665/CTS/0005,0005,pmsr:INI1784603367729,Simulador de Feridas SN:070204,Nursing Care Simulator Pulse Rate Detector,component-evidence-name,Simulation support component for Simulador de Feridas SN:070204,Pulse rate detector for monitoring cardiovascular response for Simulador de Feridas SN:070204
pmsr:CPI8412453185154,pmsr:/COM17860549784664950,pmsr:/INS1739287159797795/CTS/0001,0001,pmsr:INI1784603367730,Simulador Neonatal SN:070205,,final-curated-fallback-function-only,State detector for monitoring simulator condition changes for Simulador Neonatal SN:070205,Primary state detector for simulator condition monitoring
pmsr:CPI9143238392777,pmsr:/COM17860549784664990,pmsr:/INS1739287159797795/CTS/0002,0002,pmsr:INI1784603367730,Simulador Neonatal SN:070205,,final-curated-fallback-function-only,Response actuator for driving simulator state changes for Simulador Neonatal SN:070205,Primary response actuator for simulator state control
pmsr:CPI8725833780956,pmsr:/COM95611eb2ed74ee103,pmsr:/INS1739287159797795/CTS/0003,0003,pmsr:INI1784603367730,Simulador Neonatal SN:070205,High-Fidelity Mannequin Interaction Event Detector,component-evidence-name,Simulation support component for Simulador Neonatal SN:070205,Interaction event detector for tracking learner actions for Simulador Neonatal SN:070205
pmsr:CPI9184083827129,pmsr:/COM9f42e00a4b3026528,pmsr:/INS1739287159797795/CTS/0004,0004,pmsr:INI1784603367730,Simulador Neonatal SN:070205,High-Fidelity Mannequin Airway Pressure Detector,component-evidence-name,Simulation support component for Simulador Neonatal SN:070205,Airway pressure detector for monitoring ventilation pressure for Simulador Neonatal SN:070205
pmsr:CPI8679534777928,pmsr:/COM92177208ccc4e22b1,pmsr:/INS1739287159797795/CTS/0005,0005,pmsr:INI1784603367730,Simulador Neonatal SN:070205,High-Fidelity Mannequin Pulse Rate Detector,component-evidence-name,Simulation support component for Simulador Neonatal SN:070205,Pulse rate detector for monitoring cardiovascular response for Simulador Neonatal SN:070205
pmsr:CPI3313516708224,pmsr:/COM9137c395895688068,pmsr:/INS1739287159797795/CTS/0006,0006,pmsr:INI1784603367730,Simulador Neonatal SN:070205,High-Fidelity Mannequin Applied Force Detector,component-evidence-name,Simulation support component for Simulador Neonatal SN:070205,Applied force detector for monitoring procedural force application for Simulador Neonatal SN:070205
pmsr:CPI3144619586722,pmsr:/COM9627985a5056f2d15,pmsr:/INS1739287159797795/CTS/0007,0007,pmsr:INI1784603367730,Simulador Neonatal SN:070205,High-Fidelity Mannequin Venous Flashback Detector,component-evidence-name,Simulation support component for Simulador Neonatal SN:070205,Venous flashback detector for confirming vascular access events for Simulador Neonatal SN:070205
pmsr:CPI0862777492087,pmsr:/COM94748f0031a7167ca,pmsr:/INS1739287159797795/CTS/0008,0008,pmsr:INI1784603367730,Simulador Neonatal SN:070205,High-Fidelity Mannequin Procedure Completion Detector,component-evidence-name,Simulation support component for Simulador Neonatal SN:070205,Procedure completion detector for validating successful procedure end state for Simulador Neonatal SN:070205
pmsr:CPI4091692481670,pmsr:/COM91aa7b31291992fbb,pmsr:/INS1739287159797795/CTS/0009,0009,pmsr:INI1784603367730,Simulador Neonatal SN:070205,High-Fidelity Mannequin Ventilation Flow Detector,component-evidence-name,Simulation support component for Simulador Neonatal SN:070205,Ventilation flow detector for tracking inspiratory and expiratory flow for Simulador Neonatal SN:070205
pmsr:CPI6180973935317,pmsr:/COM17860549784668980,pmsr:/INS1740143878244085/CTS/0001,0001,pmsr:INI1784603367731,Simulador Obstétrico SN:070206,,final-curated-fallback-function-only,State detector for monitoring simulator condition changes for Simulador Obstétrico SN:070206,Primary state detector for simulator condition monitoring
pmsr:CPI6078641372539,pmsr:/COM17860549784669030,pmsr:/INS1740143878244085/CTS/0002,0002,pmsr:INI1784603367731,Simulador Obstétrico SN:070206,,final-curated-fallback-function-only,Response actuator for driving simulator state changes for Simulador Obstétrico SN:070206,Primary response actuator for simulator state control
pmsr:CPI7074317716397,pmsr:/COM9211bdcfaf513cb3f,pmsr:/INS1740143878244085/CTS/0003,0003,pmsr:INI1784603367731,Simulador Obstétrico SN:070206,Obstetric Simulator Interaction Event Detector,component-evidence-name,Simulation support component for Simulador Obstétrico SN:070206,Interaction event detector for tracking learner actions for Simulador Obstétrico SN:070206
pmsr:CPI4347031143766,pmsr:/COM9e04a1dac669f072d,pmsr:/INS1740143878244085/CTS/0004,0004,pmsr:INI1784603367731,Simulador Obstétrico SN:070206,Obstetric Simulator Airway Pressure Detector,component-evidence-name,Simulation support component for Simulador Obstétrico SN:070206,Airway pressure detector for monitoring ventilation pressure for Simulador Obstétrico SN:070206
pmsr:CPI0781593517310,pmsr:/COM925a48e7dda68b904,pmsr:/INS1740143878244085/CTS/0005,0005,pmsr:INI1784603367731,Simulador Obstétrico SN:070206,Obstetric Simulator Pulse Rate Detector,component-evidence-name,Simulation support component for Simulador Obstétrico SN:070206,Pulse rate detector for monitoring cardiovascular response for Simulador Obstétrico SN:070206
pmsr:CPI9913924596911,pmsr:/COM17860549784667900,ncit:C16830/CTS/0001,0001,pmsr:INI1784603367733,Sistema de desenho CAD SN:070207,,final-curated-fallback-function-only,State detector for monitoring simulator condition changes for Sistema de desenho CAD SN:070207,Primary state detector for simulator condition monitoring
pmsr:CPI7422202463822,pmsr:/COM17860549784667940,ncit:C16830/CTS/0002,0002,pmsr:INI1784603367733,Sistema de desenho CAD SN:070207,,final-curated-fallback-function-only,Response actuator for driving simulator state changes for Sistema de desenho CAD SN:070207,Primary response actuator for simulator state control
pmsr:CPI3124572571409,pmsr:/COM909d6d9cdb98cf3b5,ncit:C16830/CTS/0003,0003,pmsr:INI1784603367733,Sistema de desenho CAD SN:070207,Medical Device Interaction Event Detector,component-evidence-name,Simulation support component for Sistema de desenho CAD SN:070207,Interaction event detector for tracking learner actions for Sistema de desenho CAD SN:070207
